
Filesystems usage for user zhidhu ( uid 646318923 ):
-------------------------------------------------------------------------------------
Directory                       Used   Limit   Used,%         Files     Limit
-------------------------------------------------------------------------------------
/home/zhidhu                   6.6GB    15GB    43.9%         21000    100000
/data/zhidhu                    18GB   200GB     8.6%         33246          
/scratch/zhidhu                7.6GB    20TB     0.0%         36305          

/shares/atomt.pilot.s3it.uzh    21GB    10TB     0.2%          1495          
-------------------------------------------------------------------------------------

Files on /scratch may be purged after 30 days.
See https://docs.s3it.uzh.ch/cluster/data

[2025-11-05 15:30:30] COMMAND: translate.py --cuda --beam-size 4 --input /home/zhidhu/shares/cz-en/data/raw/test.cz --src-tokenizer ./atmt_a3_MQA/tokenizers/cz-bpe-8000.model --tgt-tokenizer ./atmt_a3_MQA/tokenizers/en-bpe-8000.model --checkpoint-path ./atmt_a3_MQA/checkpoints/checkpoint_last.pt --output ./out_put/output_task2.txt --max-len 300 --bleu --reference /home/zhidhu/shares/atomt.pilot.s3it.uzh/cz-en/data/raw/test.en
[2025-11-05 15:30:30] Arguments: {'cuda': True, 'data': 'cz-en/data/prepared/', 'source_lang': 'cz', 'target_lang': 'en', 'src_tokenizer': './atmt_a3_MQA/tokenizers/cz-bpe-8000.model', 'tgt_tokenizer': './atmt_a3_MQA/tokenizers/en-bpe-8000.model', 'max_tokens': None, 'batch_size': 1, 'train_on_tiny': False, 'arch': 'transformer', 'max_epoch': 7, 'clip_norm': 4.0, 'lr': 0.0003, 'patience': 3, 'max_length': 300, 'log_file': 'cz-en/logs/train.log', 'save_dir': 'cz-en/checkpoints/', 'restore_file': 'checkpoint_last.pt', 'save_interval': 1, 'no_save': False, 'epoch_checkpoints': False, 'ignore_checkpoints': True, 'encoder_dropout': 0.1, 'decoder_dropout': 0.1, 'dim_embedding': 256, 'attention_heads': 4, 'dim_feedforward_encoder': 1024, 'dim_feedforward_decoder': 1024, 'max_seq_len': 300, 'n_encoder_layers': 3, 'n_decoder_layers': 3, 'encoder_embed_path': None, 'decoder_embed_path': None, 'seed': 42, 'input': '/home/zhidhu/shares/cz-en/data/raw/test.cz', 'checkpoint_path': './atmt_a3_MQA/checkpoints/checkpoint_last.pt', 'output': './out_put/output_task2.txt', 'max_len': 300, 'beam_size': 4, 'bleu': True, 'reference': '/home/zhidhu/shares/atomt.pilot.s3it.uzh/cz-en/data/raw/test.en'}
[2025-11-05 15:30:30] Loaded a model from checkpoint ./atmt_a3_MQA/checkpoints/checkpoint_last.pt
PAD ID: 3, BOS ID: 1, EOS ID: 2
          PAD token: "<pad>", BOS token: "<s>", EOS token: "</s>"

0it [00:00, ?it/s]
1it [00:01,  1.10s/it]
2it [00:02,  1.01it/s]
3it [00:02,  1.39it/s]
4it [00:02,  1.79it/s]
5it [00:03,  2.12it/s]
6it [00:03,  2.08it/s]
7it [00:03,  2.37it/s]
8it [00:04,  2.65it/s]
9it [00:04,  2.67it/s]
10it [00:04,  2.93it/s]
11it [00:05,  2.72it/s]
12it [00:05,  2.29it/s]
13it [00:06,  2.61it/s]
14it [00:06,  2.81it/s]
15it [00:06,  2.72it/s]
16it [00:07,  2.77it/s]
17it [00:07,  2.40it/s]
18it [00:08,  1.88it/s]
19it [00:09,  1.31it/s]
20it [00:10,  1.58it/s]
21it [00:10,  1.77it/s]
22it [00:10,  1.89it/s]
23it [00:11,  2.13it/s]
24it [00:11,  2.37it/s]
25it [00:11,  2.57it/s]
26it [00:12,  2.90it/s]
27it [00:12,  3.38it/s]
28it [00:12,  2.86it/s]
29it [00:13,  2.53it/s]
30it [00:13,  3.00it/s]
31it [00:13,  2.57it/s]
32it [00:14,  2.52it/s]
33it [00:14,  3.03it/s]
34it [00:15,  1.65it/s]
35it [00:18,  1.09s/it]
36it [00:18,  1.04s/it]
37it [00:19,  1.22it/s]
38it [00:19,  1.50it/s]
39it [00:19,  1.83it/s]
40it [00:20,  2.02it/s]
41it [00:20,  2.33it/s]
42it [00:20,  2.51it/s]
43it [00:21,  2.79it/s]
44it [00:21,  2.73it/s]
45it [00:21,  2.83it/s]
46it [00:22,  3.13it/s]
47it [00:22,  3.12it/s]
48it [00:22,  3.21it/s]
49it [00:22,  3.50it/s]
50it [00:23,  3.54it/s]
51it [00:23,  3.02it/s]
52it [00:23,  3.33it/s]
53it [00:24,  2.90it/s]
54it [00:24,  3.18it/s]
55it [00:24,  3.71it/s]
56it [00:24,  3.62it/s]
57it [00:25,  3.46it/s]
58it [00:25,  3.37it/s]
59it [00:25,  3.27it/s]
60it [00:26,  3.64it/s]
61it [00:26,  3.87it/s]
62it [00:26,  3.43it/s]
63it [00:26,  3.69it/s]
64it [00:27,  3.85it/s]
65it [00:27,  3.97it/s]
66it [00:27,  3.50it/s]
67it [00:28,  3.51it/s]
68it [00:28,  3.61it/s]
69it [00:28,  3.31it/s]
70it [00:29,  2.34it/s]
71it [00:29,  2.54it/s]
72it [00:29,  2.85it/s]
73it [00:30,  2.48it/s]
74it [00:30,  2.63it/s]
75it [00:31,  2.61it/s]
76it [00:31,  2.11it/s]
77it [00:32,  2.35it/s]
78it [00:32,  2.45it/s]
79it [00:33,  2.31it/s]
80it [00:33,  2.23it/s]
81it [00:34,  2.06it/s]
82it [00:34,  1.72it/s]
83it [00:35,  2.20it/s]
84it [00:35,  2.64it/s]
85it [00:35,  3.12it/s]
86it [00:35,  3.41it/s]
87it [00:36,  3.17it/s]
88it [00:36,  3.24it/s]
89it [00:36,  3.54it/s]
90it [00:36,  3.33it/s]
91it [00:37,  3.30it/s]
92it [00:37,  3.41it/s]
93it [00:37,  3.34it/s]
94it [00:38,  3.36it/s]
95it [00:38,  2.99it/s]
96it [00:38,  2.92it/s]
97it [00:39,  2.96it/s]
98it [00:39,  3.15it/s]
99it [00:39,  2.73it/s]
100it [00:40,  2.56it/s]
101it [00:40,  2.98it/s]
102it [00:40,  3.45it/s]
103it [00:41,  3.59it/s]
104it [00:41,  3.50it/s]
105it [00:41,  3.78it/s]
106it [00:41,  3.92it/s]
107it [00:42,  4.11it/s]
108it [00:42,  3.26it/s]
109it [00:42,  3.20it/s]
110it [00:43,  3.44it/s]
111it [00:43,  3.49it/s]
112it [00:43,  3.53it/s]
113it [00:43,  3.51it/s]
114it [00:44,  3.61it/s]
115it [00:44,  3.93it/s]
116it [00:44,  3.36it/s]
117it [00:44,  3.64it/s]
118it [00:45,  3.16it/s]
119it [00:45,  3.15it/s]
120it [00:46,  2.82it/s]
121it [00:46,  2.14it/s]
122it [00:47,  1.99it/s]
123it [00:47,  2.32it/s]
124it [00:48,  2.48it/s]
125it [00:48,  2.71it/s]
126it [00:48,  3.01it/s]
127it [00:48,  3.11it/s]
128it [00:49,  2.89it/s]
129it [00:49,  3.00it/s]
130it [00:49,  3.31it/s]
131it [00:50,  3.49it/s]
132it [00:50,  3.12it/s]
133it [00:50,  2.78it/s]
134it [00:51,  3.22it/s]
135it [00:51,  3.32it/s]
136it [00:51,  3.30it/s]
137it [00:52,  3.35it/s]
138it [00:52,  2.70it/s]
139it [00:52,  2.70it/s]
140it [00:53,  2.69it/s]
141it [00:53,  2.75it/s]
142it [00:54,  2.25it/s]
143it [00:54,  2.48it/s]
144it [00:54,  2.63it/s]
145it [00:56,  1.49it/s]
146it [00:56,  1.90it/s]
147it [00:56,  2.11it/s]
148it [00:57,  1.45it/s]
149it [00:58,  1.62it/s]
150it [00:59,  1.38it/s]
151it [01:00,  1.18it/s]
152it [01:00,  1.43it/s]
153it [01:01,  1.64it/s]
154it [01:01,  1.80it/s]
155it [01:02,  1.92it/s]
156it [01:02,  2.43it/s]
157it [01:02,  2.82it/s]
158it [01:02,  3.09it/s]
159it [01:03,  3.47it/s]
160it [01:05,  1.09s/it]
161it [01:06,  1.03s/it]
162it [01:08,  1.30s/it]
163it [01:10,  1.29s/it]
164it [01:10,  1.16s/it]
165it [01:12,  1.20s/it]
166it [01:13,  1.17s/it]
167it [01:13,  1.03it/s]
168it [01:15,  1.29s/it]
169it [01:17,  1.36s/it]
170it [01:18,  1.24s/it]
171it [01:18,  1.00s/it]
172it [01:19,  1.08it/s]
173it [01:19,  1.37it/s]
174it [01:20,  1.58it/s]
175it [01:20,  1.77it/s]
176it [01:21,  1.65it/s]
177it [01:21,  2.12it/s]
178it [01:21,  2.31it/s]
179it [01:22,  2.61it/s]
180it [01:22,  3.00it/s]
181it [01:22,  2.90it/s]
182it [01:22,  3.15it/s]
183it [01:23,  3.02it/s]
184it [01:23,  3.45it/s]
185it [01:23,  3.61it/s]
186it [01:24,  2.39it/s]
187it [01:24,  2.61it/s]
188it [01:24,  3.11it/s]
189it [01:25,  3.03it/s]
190it [01:25,  3.42it/s]
191it [01:25,  3.07it/s]
192it [01:26,  1.97it/s]
193it [01:27,  2.22it/s]
194it [01:27,  2.12it/s]
195it [01:28,  2.34it/s]
196it [01:28,  2.53it/s]
197it [01:28,  2.26it/s]
198it [01:29,  2.49it/s]
199it [01:30,  1.80it/s]
200it [01:31,  1.16it/s]
201it [01:32,  1.36it/s]
202it [01:32,  1.77it/s]
203it [01:32,  2.08it/s]
204it [01:32,  2.17it/s]
205it [01:33,  2.37it/s]
206it [01:33,  2.77it/s]
207it [01:33,  2.82it/s]
208it [01:34,  3.21it/s]
209it [01:34,  3.45it/s]
210it [01:34,  3.46it/s]
211it [01:34,  3.69it/s]
212it [01:35,  3.93it/s]
213it [01:35,  3.31it/s]
214it [01:35,  3.29it/s]
215it [01:35,  3.70it/s]
216it [01:36,  3.62it/s]
217it [01:36,  4.21it/s]
218it [01:36,  3.36it/s]
219it [01:37,  3.38it/s]
220it [01:37,  3.31it/s]
221it [01:38,  1.61it/s]
222it [01:39,  1.63it/s]
223it [01:40,  1.64it/s]
224it [01:40,  2.00it/s]
225it [01:40,  2.35it/s]
226it [01:40,  2.81it/s]
227it [01:40,  3.03it/s]
228it [01:41,  3.13it/s]
229it [01:41,  3.13it/s]
230it [01:42,  2.66it/s]
231it [01:42,  2.41it/s]
232it [01:42,  2.54it/s]
233it [01:43,  2.72it/s]
234it [01:43,  2.78it/s]
235it [01:43,  2.70it/s]
236it [01:44,  2.92it/s]
237it [01:44,  3.10it/s]
238it [01:44,  3.21it/s]
239it [01:45,  2.90it/s]
240it [01:45,  3.19it/s]
241it [01:45,  2.89it/s]
242it [01:46,  2.81it/s]
243it [01:46,  2.58it/s]
244it [01:47,  2.39it/s]
245it [01:47,  2.66it/s]
246it [01:47,  2.78it/s]
247it [01:48,  2.98it/s]
248it [01:48,  3.04it/s]
249it [01:48,  2.96it/s]
250it [01:49,  3.18it/s]
251it [01:49,  3.00it/s]
252it [01:49,  2.52it/s]
253it [01:50,  2.17it/s]
254it [01:51,  2.03it/s]
255it [01:51,  2.44it/s]
256it [01:51,  2.77it/s]
257it [01:52,  2.39it/s]
258it [01:52,  2.55it/s]
259it [01:52,  2.80it/s]
260it [01:53,  2.97it/s]
261it [01:53,  2.76it/s]
262it [01:53,  2.85it/s]
263it [01:54,  2.48it/s]
264it [01:54,  2.21it/s]
265it [01:55,  2.64it/s]
266it [01:55,  2.97it/s]
267it [01:56,  2.01it/s]
268it [01:56,  1.81it/s]
269it [01:57,  2.14it/s]
270it [01:57,  2.69it/s]
271it [01:58,  1.95it/s]
272it [01:58,  1.69it/s]
273it [01:59,  1.39it/s]
274it [02:00,  1.26it/s]
275it [02:01,  1.58it/s]
276it [02:01,  2.03it/s]
277it [02:01,  2.54it/s]
278it [02:01,  2.61it/s]
279it [02:02,  2.81it/s]
280it [02:03,  1.82it/s]
281it [02:03,  1.89it/s]
282it [02:04,  1.41it/s]
283it [02:06,  1.15it/s]
284it [02:07,  1.01s/it]
285it [02:07,  1.12it/s]
286it [02:08,  1.11it/s]
287it [02:09,  1.37it/s]
288it [02:09,  1.66it/s]
289it [02:10,  1.55it/s]
290it [02:10,  1.83it/s]
291it [02:11,  1.92it/s]
292it [02:11,  1.94it/s]
293it [02:11,  2.24it/s]
294it [02:12,  2.55it/s]
295it [02:13,  1.81it/s]
296it [02:13,  1.93it/s]
297it [02:14,  1.64it/s]
298it [02:15,  1.36it/s]
299it [02:15,  1.61it/s]
300it [02:16,  1.59it/s]
301it [02:16,  1.68it/s]
302it [02:17,  1.39it/s]
303it [02:18,  1.50it/s]
304it [02:19,  1.23it/s]
305it [02:20,  1.23it/s]
306it [02:21,  1.26it/s]
307it [02:21,  1.25it/s]
308it [02:22,  1.39it/s]
309it [02:24,  1.01it/s]
310it [02:25,  1.24s/it]
311it [02:27,  1.31s/it]
312it [02:27,  1.06s/it]
313it [02:28,  1.20it/s]
314it [02:28,  1.45it/s]
315it [02:29,  1.49it/s]
316it [02:29,  1.62it/s]
317it [02:29,  2.04it/s]
318it [02:30,  2.32it/s]
319it [02:30,  2.70it/s]
320it [02:30,  2.83it/s]
321it [02:30,  3.29it/s]
322it [02:31,  2.90it/s]
323it [02:31,  2.80it/s]
324it [02:32,  2.67it/s]
325it [02:32,  2.41it/s]
326it [02:32,  2.46it/s]
327it [02:33,  2.45it/s]
328it [02:33,  2.62it/s]
329it [02:34,  2.51it/s]
330it [02:34,  2.53it/s]
331it [02:35,  2.36it/s]
332it [02:35,  2.18it/s]
333it [02:35,  2.23it/s]
334it [02:36,  2.36it/s]
335it [02:37,  2.01it/s]
336it [02:37,  2.02it/s]
337it [02:38,  1.27it/s]
338it [02:39,  1.22it/s]
339it [02:40,  1.30it/s]
340it [02:41,  1.38it/s]
341it [02:42,  1.23it/s]
342it [02:42,  1.27it/s]
343it [02:43,  1.14it/s]
344it [02:45,  1.06it/s]
345it [02:46,  1.12s/it]
346it [02:47,  1.03s/it]
347it [02:48,  1.07s/it]
348it [02:49,  1.05it/s]
349it [02:49,  1.36it/s]
350it [02:49,  1.70it/s]
351it [02:50,  1.89it/s]
352it [02:50,  2.25it/s]
353it [02:50,  2.53it/s]
354it [02:50,  2.70it/s]
355it [02:51,  2.74it/s]
356it [02:51,  3.01it/s]
357it [02:52,  1.84it/s]
358it [02:52,  2.12it/s]
359it [02:53,  2.07it/s]
360it [02:53,  2.39it/s]
361it [02:55,  1.22it/s]
362it [02:56,  1.01it/s]
363it [02:57,  1.03s/it]
364it [02:59,  1.07s/it]
365it [03:00,  1.04s/it]
366it [03:00,  1.26it/s]
367it [03:01,  1.09it/s]
368it [03:01,  1.32it/s]
369it [03:02,  1.51it/s]
370it [03:02,  1.82it/s]
371it [03:02,  2.04it/s]
372it [03:03,  2.47it/s]
373it [03:03,  2.84it/s]
374it [03:04,  1.98it/s]
375it [03:04,  2.23it/s]
376it [03:04,  2.44it/s]
377it [03:05,  2.70it/s]
378it [03:05,  2.78it/s]
379it [03:05,  2.56it/s]
380it [03:06,  2.67it/s]
381it [03:06,  2.72it/s]
382it [03:07,  2.40it/s]
383it [03:07,  2.72it/s]
384it [03:07,  2.42it/s]
385it [03:08,  2.44it/s]
386it [03:08,  2.23it/s]
387it [03:09,  2.46it/s]
388it [03:09,  2.47it/s]
389it [03:10,  2.36it/s]
390it [03:10,  2.50it/s]
391it [03:11,  2.24it/s]
392it [03:11,  2.49it/s]
393it [03:11,  2.63it/s]
394it [03:11,  2.94it/s]
395it [03:12,  3.26it/s]
396it [03:12,  3.05it/s]
397it [03:12,  2.85it/s]
398it [03:13,  2.86it/s]
399it [03:13,  2.98it/s]
400it [03:14,  2.56it/s]
401it [03:14,  2.53it/s]
402it [03:14,  2.73it/s]
403it [03:17,  1.02it/s]
404it [03:18,  1.13s/it]
405it [03:20,  1.48s/it]
406it [03:21,  1.20s/it]
407it [03:22,  1.12s/it]
408it [03:23,  1.03s/it]
409it [03:23,  1.09it/s]
410it [03:24,  1.14it/s]
411it [03:26,  1.01s/it]
412it [03:26,  1.01it/s]
413it [03:27,  1.10it/s]
414it [03:28,  1.05it/s]
415it [03:30,  1.25s/it]
416it [03:32,  1.36s/it]
417it [03:33,  1.45s/it]
418it [03:34,  1.15s/it]
419it [03:35,  1.19s/it]
420it [03:37,  1.23s/it]
421it [03:38,  1.25s/it]
422it [03:39,  1.09s/it]
423it [03:40,  1.31s/it]
424it [03:42,  1.44s/it]
425it [03:43,  1.26s/it]
426it [03:44,  1.21s/it]
427it [03:45,  1.18s/it]
428it [03:45,  1.08it/s]
429it [03:46,  1.22it/s]
430it [03:46,  1.48it/s]
431it [03:47,  1.72it/s]
432it [03:47,  1.82it/s]
433it [03:48,  2.03it/s]
434it [03:48,  2.25it/s]
435it [03:48,  2.47it/s]
436it [03:49,  2.62it/s]
437it [03:49,  2.23it/s]
438it [03:49,  2.51it/s]
439it [03:50,  2.30it/s]
440it [03:50,  2.16it/s]
441it [03:51,  2.56it/s]
442it [03:51,  2.51it/s]
443it [03:51,  2.93it/s]
444it [03:52,  3.32it/s]
445it [03:52,  3.24it/s]
446it [03:52,  3.06it/s]
447it [03:53,  2.80it/s]
448it [03:53,  2.60it/s]
449it [03:54,  2.02it/s]
450it [03:54,  2.09it/s]
451it [03:55,  2.32it/s]
452it [03:56,  1.44it/s]
453it [03:56,  1.74it/s]
454it [03:58,  1.07s/it]
455it [03:59,  1.24it/s]
456it [03:59,  1.63it/s]
457it [03:59,  1.87it/s]
458it [04:00,  2.06it/s]
459it [04:00,  2.64it/s]
460it [04:00,  2.88it/s]
461it [04:00,  2.87it/s]
462it [04:01,  2.53it/s]
463it [04:01,  2.85it/s]
464it [04:01,  3.18it/s]
465it [04:02,  3.09it/s]
466it [04:02,  3.46it/s]
467it [04:02,  3.09it/s]
468it [04:03,  2.91it/s]
469it [04:03,  2.96it/s]
470it [04:03,  3.13it/s]
471it [04:04,  1.89it/s]
472it [04:05,  2.12it/s]
473it [04:05,  2.36it/s]
474it [04:05,  2.21it/s]
475it [04:06,  2.32it/s]
476it [04:06,  2.11it/s]
477it [04:07,  1.77it/s]
478it [04:07,  2.03it/s]
479it [04:08,  2.12it/s]
480it [04:08,  2.32it/s]
481it [04:09,  2.48it/s]
482it [04:09,  2.72it/s]
483it [04:09,  2.54it/s]
484it [04:10,  2.70it/s]
485it [04:10,  2.80it/s]
486it [04:10,  2.76it/s]
487it [04:10,  3.35it/s]
488it [04:12,  1.82it/s]
489it [04:12,  2.08it/s]
490it [04:12,  2.31it/s]
491it [04:13,  2.27it/s]
492it [04:13,  2.28it/s]
493it [04:13,  2.41it/s]
494it [04:14,  2.59it/s]
495it [04:14,  2.70it/s]
496it [04:14,  3.07it/s]
497it [04:15,  2.97it/s]
498it [04:15,  3.37it/s]
499it [04:15,  3.20it/s]
500it [04:16,  2.78it/s]
501it [04:16,  3.34it/s]
502it [04:16,  3.40it/s]
503it [04:16,  3.58it/s]
504it [04:17,  3.71it/s]
505it [04:17,  3.82it/s]
506it [04:17,  3.53it/s]
507it [04:18,  2.52it/s]
508it [04:18,  2.57it/s]
509it [04:19,  2.99it/s]
510it [04:19,  2.66it/s]
511it [04:20,  1.63it/s]
512it [04:22,  1.11it/s]
513it [04:22,  1.38it/s]
514it [04:23,  1.15it/s]
515it [04:24,  1.32it/s]
516it [04:24,  1.40it/s]
517it [04:26,  1.14it/s]
518it [04:26,  1.21it/s]
519it [04:27,  1.46it/s]
520it [04:27,  1.56it/s]
521it [04:28,  1.21it/s]
522it [04:30,  1.05it/s]
523it [04:32,  1.37s/it]
524it [04:33,  1.34s/it]
525it [04:34,  1.03s/it]
526it [04:34,  1.11it/s]
527it [04:35,  1.33it/s]
528it [04:35,  1.51it/s]
529it [04:35,  1.75it/s]
530it [04:36,  1.91it/s]
531it [04:36,  2.02it/s]
532it [04:37,  2.24it/s]
533it [04:37,  2.40it/s]
534it [04:37,  2.50it/s]
535it [04:38,  2.79it/s]
536it [04:38,  2.83it/s]
537it [04:39,  1.67it/s]
538it [04:39,  2.02it/s]
539it [04:40,  2.16it/s]
540it [04:40,  2.55it/s]
541it [04:40,  2.75it/s]
542it [04:41,  3.08it/s]
543it [04:41,  3.15it/s]
544it [04:41,  3.27it/s]
545it [04:41,  3.15it/s]
546it [04:42,  3.40it/s]
547it [04:42,  3.83it/s]
548it [04:42,  3.10it/s]
549it [04:43,  2.89it/s]
550it [04:43,  3.35it/s]
551it [04:43,  3.38it/s]
552it [04:43,  3.82it/s]
553it [04:44,  2.80it/s]
554it [04:47,  1.21s/it]
555it [04:48,  1.05it/s]
556it [04:48,  1.26it/s]
557it [04:50,  1.17s/it]
558it [04:50,  1.06it/s]
559it [04:51,  1.29it/s]
560it [04:51,  1.43it/s]
561it [04:52,  1.75it/s]
562it [04:52,  2.01it/s]
563it [04:53,  1.88it/s]
564it [04:53,  2.21it/s]
565it [04:53,  2.14it/s]
566it [04:54,  2.03it/s]
567it [04:54,  2.35it/s]
568it [04:55,  2.23it/s]
569it [04:55,  2.05it/s]
570it [04:56,  2.09it/s]
571it [04:56,  1.83it/s]
572it [04:57,  2.23it/s]
573it [04:57,  2.56it/s]
574it [04:57,  2.76it/s]
575it [04:57,  3.33it/s]
576it [04:58,  3.02it/s]
577it [04:58,  3.22it/s]
578it [04:58,  2.68it/s]
579it [04:59,  3.00it/s]
580it [04:59,  2.81it/s]
581it [04:59,  2.78it/s]
582it [05:00,  2.62it/s]
583it [05:00,  2.85it/s]
584it [05:00,  3.12it/s]
585it [05:01,  2.75it/s]
586it [05:01,  2.58it/s]
587it [05:02,  2.47it/s]
588it [05:02,  2.86it/s]
589it [05:02,  2.55it/s]
590it [05:03,  2.87it/s]
591it [05:03,  3.05it/s]
592it [05:03,  3.06it/s]
593it [05:04,  3.22it/s]
594it [05:04,  2.71it/s]
595it [05:05,  2.64it/s]
596it [05:05,  2.25it/s]
597it [05:05,  2.37it/s]
598it [05:06,  2.51it/s]
599it [05:06,  2.52it/s]
600it [05:07,  2.42it/s]
601it [05:07,  2.37it/s]
602it [05:08,  2.36it/s]
603it [05:08,  2.79it/s]
604it [05:08,  3.41it/s]
605it [05:08,  2.82it/s]
606it [05:09,  2.80it/s]
607it [05:09,  2.92it/s]
608it [05:09,  3.29it/s]
609it [05:10,  2.97it/s]
610it [05:10,  2.42it/s]
611it [05:11,  2.39it/s]
612it [05:11,  2.67it/s]
613it [05:11,  2.92it/s]
614it [05:12,  2.87it/s]
615it [05:12,  3.31it/s]
616it [05:12,  3.17it/s]
617it [05:12,  3.35it/s]
618it [05:13,  3.50it/s]
619it [05:13,  4.22it/s]
620it [05:14,  2.54it/s]
621it [05:14,  2.23it/s]
622it [05:15,  2.21it/s]
623it [05:15,  2.12it/s]
624it [05:15,  2.50it/s]
625it [05:16,  2.42it/s]
626it [05:16,  2.05it/s]
627it [05:17,  2.13it/s]
628it [05:18,  1.64it/s]
629it [05:18,  1.78it/s]
630it [05:19,  2.11it/s]
631it [05:19,  2.61it/s]
632it [05:19,  2.64it/s]
633it [05:19,  2.84it/s]
634it [05:20,  3.12it/s]
635it [05:20,  3.06it/s]
636it [05:20,  2.89it/s]
637it [05:21,  3.11it/s]
638it [05:21,  3.15it/s]
639it [05:21,  3.19it/s]
640it [05:22,  3.01it/s]
641it [05:22,  2.67it/s]
642it [05:22,  2.70it/s]
643it [05:23,  2.60it/s]
644it [05:23,  2.51it/s]
645it [05:23,  2.99it/s]
646it [05:24,  2.12it/s]
647it [05:25,  1.91it/s]
648it [05:25,  2.30it/s]
649it [05:26,  2.06it/s]
650it [05:26,  1.96it/s]
651it [05:27,  2.16it/s]
652it [05:27,  2.39it/s]
653it [05:29,  1.14it/s]
654it [05:29,  1.42it/s]
655it [05:30,  1.58it/s]
656it [05:30,  1.86it/s]
657it [05:30,  2.10it/s]
658it [05:31,  2.03it/s]
659it [05:32,  1.75it/s]
660it [05:32,  1.53it/s]
661it [05:34,  1.26it/s]
662it [05:36,  1.15s/it]
663it [05:36,  1.10it/s]
664it [05:36,  1.37it/s]
665it [05:37,  1.63it/s]
666it [05:37,  1.97it/s]
667it [05:37,  2.36it/s]
668it [05:37,  2.33it/s]
669it [05:38,  2.36it/s]
670it [05:38,  2.50it/s]
671it [05:39,  2.78it/s]
672it [05:39,  2.84it/s]
673it [05:39,  3.03it/s]
674it [05:39,  3.13it/s]
675it [05:40,  3.32it/s]
676it [05:40,  3.40it/s]
677it [05:40,  3.91it/s]
678it [05:40,  3.60it/s]
679it [05:41,  2.01it/s]
680it [05:42,  2.40it/s]
681it [05:42,  2.33it/s]
682it [05:43,  2.34it/s]
683it [05:44,  1.46it/s]
684it [05:44,  1.88it/s]
685it [05:44,  2.18it/s]
686it [05:45,  2.23it/s]
687it [05:45,  2.35it/s]
688it [05:45,  2.81it/s]
689it [05:46,  3.17it/s]
690it [05:46,  2.98it/s]
691it [05:46,  3.02it/s]
692it [05:47,  2.86it/s]
693it [05:47,  2.86it/s]
694it [05:47,  3.12it/s]
695it [05:47,  3.50it/s]
696it [05:48,  3.35it/s]
697it [05:48,  3.11it/s]
698it [05:48,  3.14it/s]
699it [05:49,  3.32it/s]
700it [05:49,  3.10it/s]
701it [05:49,  3.40it/s]
702it [05:50,  3.62it/s]
703it [05:50,  3.37it/s]
704it [05:50,  3.27it/s]
705it [05:51,  3.19it/s]
706it [05:51,  3.52it/s]
707it [05:51,  3.22it/s]
708it [05:52,  2.94it/s]
709it [05:52,  2.96it/s]
710it [05:52,  3.25it/s]
711it [05:52,  3.48it/s]
712it [05:53,  3.43it/s]
713it [05:53,  3.50it/s]
714it [05:53,  3.23it/s]
715it [05:54,  2.88it/s]
716it [05:54,  2.58it/s]
717it [05:55,  2.68it/s]
718it [05:55,  2.97it/s]
719it [05:55,  3.31it/s]
720it [05:55,  3.44it/s]
721it [05:56,  2.79it/s]
722it [05:56,  3.13it/s]
723it [05:56,  3.40it/s]
724it [05:57,  2.98it/s]
725it [05:57,  2.93it/s]
726it [05:57,  3.05it/s]
727it [05:58,  3.13it/s]
728it [05:58,  2.57it/s]
729it [05:58,  3.09it/s]
730it [05:59,  2.56it/s]
731it [05:59,  2.35it/s]
732it [06:00,  1.93it/s]
733it [06:01,  1.70it/s]
734it [06:01,  2.08it/s]
735it [06:02,  2.16it/s]
736it [06:02,  2.21it/s]
737it [06:02,  2.23it/s]
738it [06:03,  2.41it/s]
739it [06:03,  2.47it/s]
740it [06:03,  2.89it/s]
741it [06:04,  2.80it/s]
742it [06:04,  2.76it/s]
743it [06:05,  1.85it/s]
744it [06:07,  1.13it/s]
745it [06:07,  1.30it/s]
746it [06:08,  1.29it/s]
747it [06:10,  1.01s/it]
748it [06:11,  1.02s/it]
749it [06:12,  1.11s/it]
750it [06:13,  1.06s/it]
751it [06:15,  1.27s/it]
752it [06:16,  1.30s/it]
753it [06:17,  1.12s/it]
754it [06:19,  1.33s/it]
755it [06:20,  1.30s/it]
756it [06:21,  1.33s/it]
757it [06:23,  1.42s/it]
758it [06:24,  1.40s/it]
759it [06:26,  1.47s/it]
760it [06:26,  1.14s/it]
761it [06:26,  1.15it/s]
762it [06:27,  1.49it/s]
763it [06:27,  1.50it/s]
764it [06:28,  1.87it/s]
765it [06:28,  1.95it/s]
766it [06:29,  1.45it/s]
767it [06:30,  1.51it/s]
768it [06:30,  1.64it/s]
769it [06:31,  1.69it/s]
770it [06:31,  1.94it/s]
771it [06:31,  2.08it/s]
772it [06:32,  1.58it/s]
773it [06:33,  1.71it/s]
774it [06:33,  1.92it/s]
775it [06:34,  2.08it/s]
776it [06:34,  2.07it/s]
777it [06:35,  2.15it/s]
778it [06:35,  2.59it/s]
779it [06:35,  2.81it/s]
780it [06:36,  2.38it/s]
781it [06:36,  2.47it/s]
782it [06:36,  2.46it/s]
783it [06:39,  1.03s/it]
784it [06:39,  1.30it/s]
785it [06:40,  1.24it/s]
786it [06:40,  1.37it/s]
787it [06:41,  1.63it/s]
788it [06:41,  1.96it/s]
789it [06:42,  2.10it/s]
790it [06:42,  2.33it/s]
791it [06:42,  2.57it/s]
792it [06:43,  2.36it/s]
793it [06:43,  2.23it/s]
794it [06:43,  2.41it/s]
795it [06:44,  2.73it/s]
796it [06:44,  2.93it/s]
797it [06:44,  3.09it/s]
798it [06:45,  2.86it/s]
799it [06:45,  3.02it/s]
800it [06:45,  2.88it/s]
801it [06:46,  2.41it/s]
802it [06:47,  1.92it/s]
803it [06:48,  1.17it/s]
804it [06:49,  1.26it/s]
805it [06:49,  1.55it/s]
806it [06:50,  1.73it/s]
807it [06:50,  2.01it/s]
808it [06:50,  2.30it/s]
809it [06:51,  2.50it/s]
810it [06:51,  2.90it/s]
811it [06:51,  3.39it/s]
812it [06:51,  3.36it/s]
813it [06:52,  2.84it/s]
814it [06:52,  3.13it/s]
815it [06:52,  3.19it/s]
816it [06:53,  2.83it/s]
817it [06:53,  3.26it/s]
818it [06:53,  3.45it/s]
819it [06:54,  3.16it/s]
820it [06:54,  2.43it/s]
821it [06:55,  1.81it/s]
822it [06:55,  2.07it/s]
823it [06:56,  1.85it/s]
824it [06:57,  2.04it/s]
825it [06:57,  2.01it/s]
826it [06:58,  1.41it/s]
827it [06:59,  1.37it/s]
828it [07:00,  1.26it/s]
829it [07:01,  1.31it/s]
830it [07:02,  1.11it/s]
831it [07:03,  1.03it/s]
832it [07:04,  1.04s/it]
833it [07:05,  1.07it/s]
834it [07:05,  1.27it/s]
835it [07:07,  1.01s/it]
836it [07:09,  1.36s/it]
837it [07:12,  1.73s/it]
838it [07:12,  1.43s/it]
839it [07:14,  1.51s/it]
840it [07:15,  1.35s/it]
841it [07:16,  1.17s/it]
842it [07:16,  1.01it/s]
843it [07:17,  1.24it/s]
844it [07:17,  1.36it/s]
845it [07:18,  1.58it/s]
846it [07:18,  1.72it/s]
847it [07:18,  2.25it/s]
848it [07:19,  2.36it/s]
849it [07:19,  2.23it/s]
850it [07:20,  2.41it/s]
851it [07:20,  2.59it/s]
852it [07:20,  2.53it/s]
853it [07:21,  2.50it/s]
854it [07:21,  2.64it/s]
855it [07:21,  2.84it/s]
856it [07:22,  3.10it/s]
857it [07:22,  2.99it/s]
858it [07:22,  3.07it/s]
859it [07:23,  3.10it/s]
860it [07:23,  2.02it/s]
861it [07:24,  2.27it/s]
862it [07:24,  2.03it/s]
863it [07:25,  2.03it/s]
864it [07:25,  2.00it/s]
865it [07:26,  2.18it/s]
866it [07:26,  2.27it/s]
867it [07:27,  2.26it/s]
868it [07:27,  2.33it/s]
869it [07:27,  2.45it/s]
870it [07:28,  2.40it/s]
871it [07:28,  2.60it/s]
872it [07:30,  1.26it/s]
873it [07:30,  1.43it/s]
874it [07:31,  1.53it/s]
875it [07:32,  1.07it/s]
876it [07:33,  1.25it/s]
877it [07:33,  1.36it/s]
878it [07:34,  1.61it/s]
879it [07:34,  1.61it/s]
880it [07:35,  1.43it/s]
881it [07:37,  1.16it/s]
882it [07:39,  1.18s/it]
883it [07:40,  1.34s/it]
884it [07:42,  1.41s/it]
885it [07:44,  1.52s/it]
886it [07:44,  1.18s/it]
887it [07:44,  1.12it/s]
888it [07:44,  1.41it/s]
889it [07:45,  1.75it/s]
890it [07:45,  2.11it/s]
891it [07:45,  2.15it/s]
892it [07:46,  2.30it/s]
893it [07:46,  1.92it/s]
894it [07:48,  1.45it/s]
895it [07:48,  1.67it/s]
896it [07:48,  2.00it/s]
897it [07:48,  2.41it/s]
898it [07:49,  2.55it/s]
899it [07:49,  2.63it/s]
900it [07:49,  2.77it/s]
901it [07:50,  2.25it/s]
902it [07:51,  1.91it/s]
903it [07:51,  1.88it/s]
904it [07:52,  2.19it/s]
905it [07:52,  2.20it/s]
906it [07:52,  2.29it/s]
907it [07:53,  2.22it/s]
908it [07:53,  2.62it/s]
909it [07:53,  2.83it/s]
910it [07:54,  2.76it/s]
911it [07:54,  2.74it/s]
912it [07:54,  2.97it/s]
913it [07:55,  2.46it/s]
914it [07:55,  2.75it/s]
915it [07:56,  2.54it/s]
916it [07:57,  1.78it/s]
917it [07:58,  1.43it/s]
918it [07:58,  1.56it/s]
919it [07:59,  1.84it/s]
920it [07:59,  1.88it/s]
921it [07:59,  2.19it/s]
922it [08:00,  2.27it/s]
923it [08:00,  2.31it/s]
924it [08:01,  2.28it/s]
925it [08:01,  2.49it/s]
926it [08:02,  2.20it/s]
927it [08:02,  1.98it/s]
928it [08:02,  2.46it/s]
929it [08:03,  1.76it/s]
930it [08:04,  2.09it/s]
931it [08:05,  1.54it/s]
932it [08:05,  2.03it/s]
933it [08:06,  1.17it/s]
934it [08:07,  1.22it/s]
935it [08:08,  1.46it/s]
936it [08:08,  1.69it/s]
937it [08:08,  1.91it/s]
938it [08:10,  1.35it/s]
939it [08:11,  1.07it/s]
940it [08:13,  1.27s/it]
941it [08:13,  1.02it/s]
942it [08:14,  1.26it/s]
943it [08:14,  1.50it/s]
944it [08:14,  1.83it/s]
945it [08:15,  2.15it/s]
946it [08:15,  2.43it/s]
947it [08:15,  2.59it/s]
948it [08:15,  2.72it/s]
949it [08:16,  2.25it/s]
950it [08:16,  2.40it/s]
951it [08:17,  2.65it/s]
952it [08:17,  2.87it/s]
953it [08:17,  2.95it/s]
954it [08:18,  2.85it/s]
955it [08:18,  2.62it/s]
956it [08:18,  2.87it/s]
957it [08:19,  2.62it/s]
958it [08:19,  2.59it/s]
959it [08:20,  2.82it/s]
960it [08:20,  3.02it/s]
961it [08:20,  3.14it/s]
962it [08:21,  2.96it/s]
963it [08:21,  3.39it/s]
964it [08:21,  3.04it/s]
965it [08:21,  3.62it/s]
966it [08:23,  1.79it/s]
967it [08:23,  2.19it/s]
968it [08:23,  2.19it/s]
969it [08:23,  2.67it/s]
970it [08:24,  1.98it/s]
971it [08:24,  2.29it/s]
972it [08:25,  2.51it/s]
973it [08:25,  2.65it/s]
974it [08:26,  2.53it/s]
975it [08:26,  2.58it/s]
976it [08:26,  2.75it/s]
977it [08:27,  2.70it/s]
978it [08:27,  2.19it/s]
979it [08:28,  1.90it/s]
980it [08:28,  2.13it/s]
981it [08:28,  2.59it/s]
982it [08:29,  2.67it/s]
983it [08:29,  2.95it/s]
984it [08:29,  3.29it/s]
985it [08:30,  3.24it/s]
986it [08:30,  2.84it/s]
987it [08:31,  2.32it/s]
988it [08:31,  2.80it/s]
989it [08:31,  2.64it/s]
990it [08:32,  2.71it/s]
991it [08:32,  2.48it/s]
992it [08:33,  2.00it/s]
993it [08:33,  1.96it/s]
994it [08:35,  1.30it/s]
995it [08:35,  1.56it/s]
996it [08:35,  1.77it/s]
997it [08:36,  2.09it/s]
998it [08:37,  1.74it/s]
999it [08:37,  1.67it/s]
1000it [08:38,  1.88it/s]
1001it [08:38,  2.16it/s]
1002it [08:38,  2.34it/s]
1003it [08:38,  2.64it/s]
1004it [08:39,  2.80it/s]
1005it [08:39,  2.86it/s]
1006it [08:40,  2.46it/s]
1007it [08:40,  2.64it/s]
1008it [08:40,  2.67it/s]
1009it [08:41,  2.81it/s]
1010it [08:41,  2.15it/s]
1011it [08:42,  2.19it/s]
1012it [08:42,  2.10it/s]
1013it [08:43,  1.70it/s]
1014it [08:44,  1.56it/s]
1015it [08:44,  1.65it/s]
1016it [08:45,  1.91it/s]
1017it [08:45,  2.13it/s]
1018it [08:46,  2.13it/s]
1019it [08:46,  2.10it/s]
1020it [08:46,  2.38it/s]
1021it [08:47,  2.52it/s]
1022it [08:48,  1.79it/s]
1023it [08:48,  1.93it/s]
1024it [08:49,  1.78it/s]
1025it [08:49,  1.80it/s]
1026it [08:50,  2.04it/s]
1027it [08:51,  1.62it/s]
1028it [08:51,  1.98it/s]
1029it [08:51,  1.99it/s]
1030it [08:52,  2.32it/s]
1031it [08:52,  2.64it/s]
1032it [08:52,  2.70it/s]
1033it [08:53,  2.54it/s]
1034it [08:53,  2.36it/s]
1035it [08:54,  2.20it/s]
1036it [08:54,  2.24it/s]
1037it [08:54,  2.32it/s]
1038it [08:57,  1.06it/s]
1039it [08:57,  1.37it/s]
1040it [08:57,  1.64it/s]
1041it [08:57,  2.12it/s]
1042it [08:58,  2.05it/s]
1043it [08:58,  2.10it/s]
1044it [08:59,  2.23it/s]
1045it [08:59,  2.35it/s]
1046it [08:59,  2.55it/s]
1047it [09:00,  2.77it/s]
1048it [09:00,  3.05it/s]
1049it [09:00,  3.16it/s]
1050it [09:00,  3.25it/s]
1051it [09:01,  3.64it/s]
1052it [09:01,  2.88it/s]
1053it [09:02,  2.55it/s]
1054it [09:02,  3.00it/s]
1055it [09:02,  2.55it/s]
1056it [09:03,  2.46it/s]
1057it [09:03,  2.59it/s]
1058it [09:03,  2.74it/s]
1059it [09:04,  2.89it/s]
1060it [09:04,  3.06it/s]
1061it [09:05,  2.79it/s]
1062it [09:05,  2.72it/s]
1063it [09:05,  2.86it/s]
1064it [09:05,  3.15it/s]
1065it [09:06,  3.51it/s]
1066it [09:06,  3.09it/s]
1067it [09:07,  2.64it/s]
1068it [09:07,  2.71it/s]
1069it [09:07,  2.84it/s]
1070it [09:08,  2.49it/s]
1071it [09:08,  2.84it/s]
1072it [09:09,  2.24it/s]
1073it [09:09,  2.20it/s]
1074it [09:10,  1.74it/s]
1075it [09:10,  1.86it/s]
1076it [09:11,  1.77it/s]
1077it [09:11,  2.18it/s]
1078it [09:12,  2.26it/s]
1079it [09:12,  2.27it/s]
1080it [09:12,  2.47it/s]
1081it [09:13,  2.87it/s]
1082it [09:13,  3.35it/s]
1083it [09:13,  3.12it/s]
1084it [09:14,  3.18it/s]
1085it [09:14,  3.23it/s]
1086it [09:14,  2.68it/s]
1087it [09:15,  2.54it/s]
1088it [09:15,  2.46it/s]
1089it [09:16,  2.64it/s]
1090it [09:16,  3.30it/s]
1091it [09:16,  3.67it/s]
1092it [09:16,  4.16it/s]
1093it [09:16,  4.04it/s]
1094it [09:17,  3.79it/s]
1095it [09:17,  3.17it/s]
1096it [09:19,  1.08it/s]
1097it [09:20,  1.26it/s]
1098it [09:20,  1.41it/s]
1099it [09:21,  1.67it/s]
1100it [09:21,  1.75it/s]
1101it [09:22,  2.00it/s]
1102it [09:23,  1.48it/s]
1103it [09:23,  1.53it/s]
1104it [09:24,  1.87it/s]
1105it [09:24,  2.32it/s]
1106it [09:24,  2.22it/s]
1107it [09:25,  2.25it/s]
1108it [09:25,  1.96it/s]
1109it [09:26,  2.11it/s]
1110it [09:26,  2.33it/s]
1111it [09:26,  2.59it/s]
1112it [09:26,  3.10it/s]
1113it [09:27,  3.28it/s]
1114it [09:27,  3.07it/s]
1115it [09:27,  3.19it/s]
1116it [09:28,  2.66it/s]
1117it [09:28,  2.74it/s]
1118it [09:29,  2.41it/s]
1119it [09:29,  2.87it/s]
1120it [09:29,  2.68it/s]
1121it [09:30,  2.55it/s]
1122it [09:30,  2.39it/s]
1123it [09:31,  2.69it/s]
1124it [09:31,  2.65it/s]
1125it [09:31,  3.03it/s]
1126it [09:31,  3.36it/s]
1127it [09:32,  2.77it/s]
1128it [09:32,  2.34it/s]
1129it [09:33,  1.68it/s]
1130it [09:35,  1.31it/s]
1131it [09:36,  1.05it/s]
1132it [09:37,  1.14it/s]
1133it [09:37,  1.33it/s]
1134it [09:37,  1.68it/s]
1135it [09:38,  1.99it/s]
1136it [09:38,  2.38it/s]
1137it [09:38,  2.45it/s]
1138it [09:39,  2.62it/s]
1139it [09:39,  2.63it/s]
1140it [09:40,  2.29it/s]
1141it [09:40,  2.13it/s]
1142it [09:41,  1.98it/s]
1143it [09:41,  2.05it/s]
1144it [09:42,  2.12it/s]
1145it [09:42,  2.50it/s]
1146it [09:42,  2.57it/s]
1147it [09:43,  2.53it/s]
1148it [09:43,  2.87it/s]
1149it [09:43,  2.93it/s]
1150it [09:44,  2.87it/s]
1151it [09:44,  2.90it/s]
1152it [09:44,  2.90it/s]
1153it [09:45,  2.98it/s]
1154it [09:45,  2.63it/s]
1155it [09:45,  2.93it/s]
1156it [09:46,  3.02it/s]
1157it [09:46,  3.38it/s]
1158it [09:46,  3.68it/s]
1159it [09:46,  3.74it/s]
1160it [09:47,  3.52it/s]
1161it [09:47,  2.82it/s]
1162it [09:47,  2.90it/s]
1163it [09:48,  2.30it/s]
1164it [09:48,  2.69it/s]
1165it [09:49,  2.59it/s]
1166it [09:49,  2.10it/s]
1167it [09:50,  2.53it/s]
1168it [09:50,  2.84it/s]
1169it [09:50,  2.94it/s]
1170it [09:50,  3.05it/s]
1171it [09:51,  2.97it/s]
1172it [09:51,  3.09it/s]
1173it [09:51,  3.40it/s]
1174it [09:52,  2.92it/s]
1175it [09:52,  2.80it/s]
1176it [09:53,  2.47it/s]
1177it [09:53,  2.87it/s]
1178it [09:53,  3.08it/s]
1179it [09:54,  3.10it/s]
1180it [09:54,  3.28it/s]
1181it [09:54,  3.70it/s]
1182it [09:54,  3.35it/s]
1183it [09:55,  3.50it/s]
1184it [09:55,  2.89it/s]
1185it [09:55,  3.35it/s]
1186it [09:56,  3.38it/s]
1187it [09:56,  3.84it/s]
1188it [09:56,  2.89it/s]
1189it [09:58,  1.39it/s]
1190it [09:58,  1.57it/s]
1191it [09:59,  1.95it/s]
1192it [09:59,  2.20it/s]
1193it [09:59,  2.45it/s]
1194it [09:59,  2.59it/s]
1195it [10:00,  2.69it/s]
1196it [10:00,  3.12it/s]
1197it [10:00,  3.38it/s]
1198it [10:01,  3.58it/s]
1199it [10:01,  2.74it/s]
1200it [10:02,  1.88it/s]
1201it [10:02,  2.05it/s]
1202it [10:03,  2.04it/s]
1203it [10:03,  2.03it/s]
1204it [10:04,  2.31it/s]
1205it [10:04,  2.55it/s]
1206it [10:04,  2.73it/s]
1207it [10:05,  2.55it/s]
1208it [10:05,  2.42it/s]
1209it [10:06,  2.07it/s]
1210it [10:06,  2.28it/s]
1211it [10:06,  2.74it/s]
1212it [10:07,  3.12it/s]
1213it [10:07,  3.46it/s]
1214it [10:07,  3.81it/s]
1215it [10:07,  3.92it/s]
1216it [10:08,  3.55it/s]
1217it [10:08,  3.25it/s]
1218it [10:08,  3.83it/s]
1219it [10:08,  3.52it/s]
1220it [10:09,  2.31it/s]
1221it [10:10,  2.37it/s]
1222it [10:10,  2.44it/s]
1223it [10:10,  2.82it/s]
1224it [10:11,  2.93it/s]
1225it [10:11,  3.13it/s]
1226it [10:11,  2.71it/s]
1227it [10:12,  2.74it/s]
1228it [10:12,  2.59it/s]
1229it [10:12,  2.54it/s]
1230it [10:13,  2.06it/s]
1231it [10:13,  2.45it/s]
1232it [10:14,  2.91it/s]
1233it [10:14,  2.73it/s]
1234it [10:14,  2.51it/s]
1235it [10:15,  2.36it/s]
1236it [10:15,  2.45it/s]
1237it [10:16,  2.59it/s]
1238it [10:16,  2.62it/s]
1239it [10:16,  2.75it/s]
1240it [10:17,  1.92it/s]
1241it [10:18,  1.48it/s]
1242it [10:19,  1.34it/s]
1243it [10:20,  1.50it/s]
1244it [10:20,  1.42it/s]
1245it [10:22,  1.21it/s]
1246it [10:22,  1.38it/s]
1247it [10:23,  1.57it/s]
1248it [10:23,  2.08it/s]
1249it [10:23,  2.40it/s]
1250it [10:23,  2.57it/s]
1251it [10:23,  2.81it/s]
1252it [10:24,  2.98it/s]
1253it [10:24,  3.43it/s]
1254it [10:24,  3.47it/s]
1255it [10:25,  2.78it/s]
1256it [10:25,  2.95it/s]
1257it [10:25,  2.81it/s]
1258it [10:26,  2.06it/s]
1259it [10:27,  1.58it/s]
1260it [10:29,  1.08it/s]
1261it [10:30,  1.13s/it]
1262it [10:31,  1.01s/it]
1263it [10:31,  1.26it/s]
1264it [10:32,  1.54it/s]
1265it [10:32,  1.74it/s]
1266it [10:32,  2.01it/s]
1267it [10:33,  2.21it/s]
1268it [10:33,  2.66it/s]
1269it [10:33,  3.12it/s]
1270it [10:34,  2.73it/s]
1271it [10:34,  2.06it/s]
1272it [10:35,  1.92it/s]
1273it [10:36,  2.01it/s]
1274it [10:36,  2.14it/s]
1275it [10:36,  2.35it/s]
1276it [10:36,  2.73it/s]
1277it [10:37,  2.62it/s]
1278it [10:37,  2.39it/s]
1279it [10:38,  2.55it/s]
1280it [10:38,  2.71it/s]
1281it [10:38,  2.90it/s]
1282it [10:39,  2.78it/s]
1283it [10:39,  2.43it/s]
1284it [10:40,  2.48it/s]
1285it [10:40,  2.23it/s]
1286it [10:41,  2.32it/s]
1287it [10:41,  2.02it/s]
1288it [10:42,  2.21it/s]
1289it [10:42,  1.98it/s]
1290it [10:42,  2.30it/s]
1291it [10:43,  2.76it/s]
1292it [10:43,  3.16it/s]
1293it [10:44,  2.03it/s]
1294it [10:44,  1.83it/s]
1295it [10:45,  1.76it/s]
1296it [10:46,  1.85it/s]
1297it [10:46,  2.05it/s]
1298it [10:46,  2.06it/s]
1299it [10:48,  1.46it/s]
1300it [10:48,  1.36it/s]
1301it [10:49,  1.58it/s]
1302it [10:50,  1.39it/s]
1303it [10:50,  1.59it/s]
1304it [10:51,  1.50it/s]
1305it [10:52,  1.14it/s]
1306it [10:53,  1.04it/s]
1307it [10:54,  1.01it/s]
1308it [10:55,  1.11it/s]
1309it [10:57,  1.09s/it]
1310it [10:57,  1.19it/s]
1311it [10:57,  1.59it/s]
1312it [10:58,  1.74it/s]
1313it [10:58,  1.95it/s]
1314it [10:58,  2.18it/s]
1315it [10:59,  2.46it/s]
1316it [10:59,  2.82it/s]
1317it [10:59,  2.91it/s]
1318it [10:59,  2.72it/s]
1319it [11:00,  2.86it/s]
1320it [11:00,  2.27it/s]
1321it [11:01,  2.80it/s]
1322it [11:01,  3.02it/s]
1323it [11:01,  3.00it/s]
1324it [11:02,  2.01it/s]
1325it [11:02,  2.18it/s]
1326it [11:03,  2.21it/s]
1327it [11:03,  2.35it/s]
1328it [11:04,  2.47it/s]
1329it [11:04,  2.00it/s]
1330it [11:05,  2.25it/s]
1331it [11:05,  2.26it/s]
1332it [11:05,  2.50it/s]
1333it [11:06,  2.48it/s]
1334it [11:06,  2.28it/s]
1335it [11:07,  2.47it/s]
1336it [11:07,  2.73it/s]
1337it [11:07,  2.78it/s]
1338it [11:08,  2.70it/s]
1339it [11:08,  2.87it/s]
1340it [11:08,  2.95it/s]
1341it [11:09,  3.00it/s]
1342it [11:09,  3.06it/s]
1343it [11:09,  2.99it/s]
1344it [11:10,  2.98it/s]
1345it [11:17,  2.57s/it]
1346it [11:18,  1.93s/it]
1347it [11:18,  1.51s/it]
1348it [11:19,  1.18s/it]
1349it [11:19,  1.08it/s]
1350it [11:20,  1.28it/s]
1351it [11:20,  1.55it/s]
1352it [11:20,  1.67it/s]
1353it [11:21,  1.77it/s]
1354it [11:21,  1.84it/s]
1355it [11:22,  1.80it/s]
1356it [11:22,  2.00it/s]
1357it [11:22,  2.44it/s]
1358it [11:23,  2.76it/s]
1359it [11:23,  2.72it/s]
1360it [11:23,  2.94it/s]
1361it [11:24,  2.39it/s]
1362it [11:24,  2.72it/s]
1363it [11:25,  1.95it/s]
1364it [11:25,  2.30it/s]
1365it [11:26,  1.95it/s]
1366it [11:26,  2.12it/s]
1367it [11:27,  1.94it/s]
1368it [11:27,  2.14it/s]
1369it [11:28,  2.22it/s]
1370it [11:28,  2.68it/s]
1371it [11:28,  2.73it/s]
1372it [11:29,  2.68it/s]
1373it [11:29,  2.68it/s]
1374it [11:30,  2.56it/s]
1375it [11:30,  2.55it/s]
1376it [11:30,  2.61it/s]
1377it [11:30,  3.14it/s]
1378it [11:31,  2.41it/s]
1379it [11:32,  2.35it/s]
1380it [11:32,  2.41it/s]
1381it [11:32,  2.45it/s]
1382it [11:33,  2.24it/s]
1383it [11:34,  2.01it/s]
1384it [11:34,  2.14it/s]
1385it [11:35,  1.66it/s]
1386it [11:36,  1.27it/s]
1387it [11:36,  1.65it/s]
1388it [11:36,  1.97it/s]
1389it [11:37,  1.80it/s]
1390it [11:38,  1.80it/s]
1391it [11:38,  2.06it/s]
1392it [11:38,  2.17it/s]
1393it [11:39,  2.47it/s]
1394it [11:39,  2.29it/s]
1395it [11:40,  1.85it/s]
1396it [11:40,  2.04it/s]
1397it [11:41,  2.22it/s]
1398it [11:41,  2.21it/s]
1399it [11:42,  2.38it/s]
1400it [11:42,  2.73it/s]
1401it [11:42,  2.77it/s]
1402it [11:43,  2.37it/s]
1403it [11:43,  2.59it/s]
1404it [11:44,  2.31it/s]
1405it [11:44,  2.65it/s]
1406it [11:44,  2.67it/s]
1407it [11:45,  2.58it/s]
1408it [11:45,  2.77it/s]
1409it [11:45,  2.65it/s]
1410it [11:46,  2.75it/s]
1411it [11:46,  2.69it/s]
1412it [11:46,  2.98it/s]
1413it [11:47,  2.75it/s]
1414it [11:47,  3.00it/s]
1415it [11:47,  3.06it/s]
1416it [11:48,  2.45it/s]
1417it [11:49,  1.92it/s]
1418it [11:49,  2.35it/s]
1419it [11:49,  2.22it/s]
1420it [11:50,  2.45it/s]
1421it [11:50,  2.89it/s]
1422it [11:50,  2.77it/s]
1423it [11:50,  3.20it/s]
1424it [11:51,  2.70it/s]
1425it [11:51,  3.22it/s]
1426it [11:51,  3.50it/s]
1427it [11:52,  3.24it/s]
1428it [11:52,  3.08it/s]
1429it [11:52,  3.11it/s]
1430it [11:53,  3.23it/s]
1431it [11:53,  3.15it/s]
1432it [11:54,  2.71it/s]
1433it [11:54,  2.69it/s]
1434it [11:54,  2.97it/s]
1435it [11:54,  3.08it/s]
1436it [11:55,  2.69it/s]
1437it [11:55,  2.86it/s]
1438it [11:56,  2.89it/s]
1439it [11:56,  2.80it/s]
1440it [11:56,  2.77it/s]
1441it [11:57,  2.63it/s]
1442it [11:57,  2.48it/s]
1443it [11:58,  2.31it/s]
1444it [11:58,  2.45it/s]
1445it [11:59,  1.54it/s]
1446it [12:00,  1.37it/s]
1447it [12:02,  1.07s/it]
1448it [12:04,  1.20s/it]
1449it [12:05,  1.24s/it]
1450it [12:06,  1.28s/it]
1451it [12:07,  1.01it/s]
1452it [12:07,  1.04it/s]
1453it [12:08,  1.08it/s]
1454it [12:10,  1.02s/it]
1455it [12:10,  1.29it/s]
1456it [12:11,  1.05it/s]
1457it [12:12,  1.27it/s]
1458it [12:12,  1.61it/s]
1459it [12:12,  2.02it/s]
1460it [12:12,  2.22it/s]
1461it [12:13,  1.99it/s]
1462it [12:13,  2.10it/s]
1463it [12:14,  2.27it/s]
1464it [12:14,  2.24it/s]
1465it [12:15,  2.20it/s]
1466it [12:15,  2.29it/s]
1467it [12:15,  2.55it/s]
1468it [12:16,  2.83it/s]
1469it [12:16,  3.15it/s]
1470it [12:16,  3.11it/s]
1471it [12:16,  3.14it/s]
1472it [12:17,  3.58it/s]
1473it [12:17,  3.56it/s]
1474it [12:17,  3.06it/s]
1475it [12:18,  3.00it/s]
1476it [12:18,  2.94it/s]
1477it [12:19,  2.21it/s]
1478it [12:19,  2.75it/s]
1479it [12:20,  1.65it/s]
1480it [12:22,  1.18it/s]
1481it [12:22,  1.29it/s]
1482it [12:24,  1.03it/s]
1483it [12:24,  1.16it/s]
1485it [12:25,  1.64it/s]
1486it [12:26,  1.24it/s]
1487it [12:27,  1.40it/s]
1488it [12:27,  1.76it/s]
1489it [12:28,  1.56it/s]
1490it [12:28,  1.96it/s]
1491it [12:28,  2.32it/s]
1492it [12:28,  2.68it/s]
1493it [12:29,  3.05it/s]
1494it [12:29,  3.05it/s]
1495it [12:29,  3.26it/s]
1496it [12:29,  3.22it/s]
1497it [12:30,  3.57it/s]
1498it [12:30,  3.71it/s]
1499it [12:30,  3.49it/s]
1500it [12:31,  3.44it/s]
1501it [12:31,  3.35it/s]
1502it [12:31,  2.98it/s]
1503it [12:32,  2.16it/s]
1504it [12:32,  2.50it/s]
1505it [12:34,  1.47it/s]
1506it [12:36,  1.16s/it]
1507it [12:37,  1.00it/s]
1508it [12:37,  1.18it/s]
1509it [12:38,  1.21it/s]
1510it [12:38,  1.38it/s]
1511it [12:39,  1.34it/s]
1512it [12:39,  1.61it/s]
1513it [12:40,  1.73it/s]
1514it [12:40,  1.96it/s]
1515it [12:41,  2.08it/s]
1516it [12:41,  2.19it/s]
1517it [12:41,  2.21it/s]
1518it [12:42,  2.03it/s]
1519it [12:43,  1.74it/s]
1520it [12:43,  1.66it/s]
1521it [12:44,  1.90it/s]
1522it [12:44,  2.08it/s]
1523it [12:45,  2.25it/s]
1524it [12:45,  2.60it/s]
1525it [12:46,  1.82it/s]
1526it [12:46,  1.89it/s]
1527it [12:47,  1.59it/s]
1528it [12:48,  1.38it/s]
1529it [12:48,  1.73it/s]
1530it [12:49,  1.98it/s]
1531it [12:49,  2.26it/s]
1532it [12:49,  2.56it/s]
1533it [12:51,  1.47it/s]
1534it [12:51,  1.70it/s]
1535it [12:51,  1.95it/s]
1536it [12:52,  1.78it/s]
1537it [12:52,  1.97it/s]
1538it [12:52,  2.52it/s]
1539it [12:53,  3.00it/s]
1540it [12:53,  2.83it/s]
1541it [12:53,  3.14it/s]
1542it [12:54,  3.01it/s]
1543it [12:54,  2.62it/s]
1544it [12:54,  2.89it/s]
1545it [12:55,  2.96it/s]
1546it [12:55,  2.72it/s]
1547it [12:55,  2.83it/s]
1548it [12:56,  2.93it/s]
1549it [12:56,  2.63it/s]
1550it [12:57,  1.98it/s]
1551it [12:57,  2.19it/s]
1552it [12:58,  2.15it/s]
1553it [12:58,  2.09it/s]
1554it [12:59,  2.21it/s]
1555it [12:59,  2.41it/s]
1556it [12:59,  2.74it/s]
1557it [13:00,  3.02it/s]
1558it [13:00,  3.23it/s]
1559it [13:01,  2.39it/s]
1560it [13:01,  2.35it/s]
1561it [13:01,  2.53it/s]
1562it [13:02,  2.50it/s]
1563it [13:02,  2.27it/s]
1564it [13:03,  1.87it/s]
1565it [13:04,  1.53it/s]
1566it [13:05,  1.10it/s]
1567it [13:06,  1.35it/s]
1568it [13:06,  1.70it/s]
1569it [13:06,  2.08it/s]
1570it [13:07,  2.42it/s]
1571it [13:07,  2.74it/s]
1572it [13:07,  2.79it/s]
1573it [13:08,  1.72it/s]
1574it [13:08,  2.14it/s]
1575it [13:09,  2.39it/s]
1576it [13:09,  2.64it/s]
1577it [13:09,  2.78it/s]
1578it [13:10,  2.88it/s]
1579it [13:10,  2.54it/s]
1580it [13:11,  1.90it/s]
1581it [13:11,  2.04it/s]
1582it [13:12,  2.13it/s]
1583it [13:13,  1.78it/s]
1584it [13:13,  1.57it/s]
1585it [13:14,  1.62it/s]
1586it [13:15,  1.64it/s]
1587it [13:15,  1.72it/s]
1588it [13:15,  2.06it/s]
1589it [13:16,  2.22it/s]
1590it [13:16,  2.39it/s]
1591it [13:16,  2.53it/s]
1592it [13:17,  1.88it/s]
1593it [13:17,  2.31it/s]
1594it [13:18,  2.84it/s]
1595it [13:18,  2.85it/s]
1596it [13:18,  3.19it/s]
1597it [13:18,  3.16it/s]
1598it [13:19,  3.33it/s]
1599it [13:19,  3.10it/s]
1600it [13:19,  3.26it/s]
1601it [13:20,  2.19it/s]
1602it [13:20,  2.63it/s]
1603it [13:21,  2.72it/s]
1604it [13:21,  2.81it/s]
1605it [13:21,  3.08it/s]
1606it [13:22,  3.10it/s]
1607it [13:23,  1.80it/s]
1608it [13:23,  1.99it/s]
1609it [13:24,  2.04it/s]
1610it [13:24,  2.09it/s]
1611it [13:24,  2.38it/s]
1612it [13:25,  2.24it/s]
1613it [13:25,  2.51it/s]
1614it [13:25,  2.91it/s]
1615it [13:26,  3.13it/s]
1616it [13:26,  2.85it/s]
1617it [13:26,  2.98it/s]
1618it [13:27,  3.32it/s]
1619it [13:27,  3.59it/s]
1620it [13:27,  3.80it/s]
1621it [13:28,  2.86it/s]
1622it [13:28,  3.36it/s]
1623it [13:28,  3.48it/s]
1624it [13:28,  3.72it/s]
1625it [13:28,  4.12it/s]
1626it [13:29,  3.29it/s]
1627it [13:29,  3.32it/s]
1628it [13:29,  3.37it/s]
1629it [13:30,  2.70it/s]
1630it [13:30,  3.20it/s]
1631it [13:30,  3.53it/s]
1632it [13:31,  3.47it/s]
1633it [13:31,  2.43it/s]
1634it [13:32,  2.62it/s]
1635it [13:32,  3.18it/s]
1636it [13:32,  3.11it/s]
1637it [13:32,  3.15it/s]
1638it [13:33,  3.36it/s]
1639it [13:33,  3.20it/s]
1640it [13:33,  3.25it/s]
1641it [13:34,  3.26it/s]
1642it [13:34,  2.31it/s]
1643it [13:35,  2.60it/s]
1644it [13:35,  2.98it/s]
1645it [13:35,  2.85it/s]
1646it [13:36,  3.03it/s]
1647it [13:36,  3.19it/s]
1648it [13:36,  3.41it/s]
1649it [13:36,  3.32it/s]
1650it [13:37,  3.40it/s]
1651it [13:37,  2.96it/s]
1652it [13:38,  2.82it/s]
1653it [13:38,  3.16it/s]
1654it [13:38,  3.47it/s]
1655it [13:38,  3.49it/s]
1656it [13:38,  4.06it/s]
1657it [13:39,  3.77it/s]
1658it [13:39,  3.67it/s]
1659it [13:39,  3.56it/s]
1660it [13:40,  3.18it/s]
1661it [13:40,  2.56it/s]
1662it [13:41,  1.76it/s]
1663it [13:42,  1.40it/s]
1664it [13:43,  1.29it/s]
1665it [13:44,  1.38it/s]
1666it [13:45,  1.01s/it]
1667it [13:47,  1.30s/it]
1668it [13:48,  1.04s/it]
1669it [13:49,  1.06s/it]
1670it [13:49,  1.17it/s]
1671it [13:50,  1.39it/s]
1672it [13:50,  1.52it/s]
1673it [13:51,  1.82it/s]
1674it [13:51,  1.98it/s]
1675it [13:51,  2.05it/s]
1676it [13:52,  2.25it/s]
1677it [13:52,  2.15it/s]
1678it [13:53,  2.56it/s]
1679it [13:53,  3.10it/s]
1680it [13:53,  3.70it/s]
1681it [13:53,  3.49it/s]
1682it [13:54,  3.14it/s]
1683it [13:54,  2.95it/s]
1684it [13:54,  3.32it/s]
1685it [13:54,  3.53it/s]
1686it [13:55,  3.76it/s]
1687it [13:55,  3.74it/s]
1688it [13:56,  2.61it/s]
1689it [13:56,  2.15it/s]
1690it [13:57,  2.35it/s]
1691it [13:57,  2.69it/s]
1692it [13:57,  2.34it/s]
1693it [13:58,  2.13it/s]
1694it [13:58,  2.18it/s]
1695it [13:59,  2.00it/s]
1696it [14:00,  1.37it/s]
1697it [14:01,  1.51it/s]
1698it [14:01,  1.85it/s]
1699it [14:01,  2.11it/s]
1700it [14:02,  2.20it/s]
1701it [14:02,  2.52it/s]
1702it [14:02,  2.55it/s]
1703it [14:03,  2.83it/s]
1704it [14:03,  2.93it/s]
1705it [14:03,  2.52it/s]
1706it [14:04,  2.82it/s]
1707it [14:04,  2.03it/s]
1708it [14:05,  2.00it/s]
1709it [14:05,  2.26it/s]
1710it [14:06,  2.17it/s]
1711it [14:06,  2.37it/s]
1712it [14:06,  2.66it/s]
1713it [14:07,  3.20it/s]
1714it [14:07,  3.63it/s]
1715it [14:07,  3.58it/s]
1716it [14:07,  3.41it/s]
1717it [14:08,  3.47it/s]
1718it [14:08,  3.76it/s]
1719it [14:08,  3.19it/s]
1720it [14:09,  2.71it/s]
1721it [14:09,  2.67it/s]
1722it [14:09,  2.85it/s]
1723it [14:10,  2.75it/s]
1724it [14:10,  3.22it/s]
1725it [14:10,  3.37it/s]
1726it [14:11,  3.36it/s]
1727it [14:11,  3.21it/s]
1728it [14:11,  3.54it/s]
1729it [14:12,  3.28it/s]
1730it [14:12,  2.57it/s]
1731it [14:12,  2.77it/s]
1732it [14:13,  2.62it/s]
1733it [14:13,  2.81it/s]
1734it [14:13,  2.97it/s]
1735it [14:14,  2.82it/s]
1736it [14:14,  3.05it/s]
1737it [14:14,  3.09it/s]
1738it [14:15,  2.86it/s]
1739it [14:15,  2.80it/s]
1740it [14:15,  3.07it/s]
1741it [14:16,  3.30it/s]
1742it [14:17,  1.52it/s]
1743it [14:17,  1.87it/s]
1744it [14:19,  1.38it/s]
1745it [14:19,  1.63it/s]
1746it [14:19,  1.96it/s]
1747it [14:19,  2.42it/s]
1748it [14:20,  2.31it/s]
1749it [14:21,  1.53it/s]
1750it [14:21,  1.76it/s]
1751it [14:22,  2.08it/s]
1752it [14:22,  2.24it/s]
1753it [14:22,  2.49it/s]
1754it [14:23,  2.57it/s]
1755it [14:23,  2.77it/s]
1756it [14:23,  2.55it/s]
1757it [14:24,  2.62it/s]
1758it [14:24,  2.66it/s]
1759it [14:24,  3.21it/s]
1760it [14:25,  3.52it/s]
1761it [14:25,  3.82it/s]
1762it [14:25,  3.23it/s]
1763it [14:26,  2.44it/s]
1764it [14:27,  2.05it/s]
1765it [14:28,  1.13it/s]
1766it [14:29,  1.34it/s]
1767it [14:31,  1.21s/it]
1768it [14:33,  1.29s/it]
1769it [14:33,  1.09s/it]
1770it [14:34,  1.00s/it]
1771it [14:35,  1.09s/it]
1772it [14:37,  1.15s/it]
1773it [14:37,  1.03it/s]
1774it [14:37,  1.27it/s]
1775it [14:38,  1.50it/s]
1776it [14:38,  1.68it/s]
1777it [14:39,  1.92it/s]
1778it [14:39,  2.18it/s]
1779it [14:39,  2.16it/s]
1780it [14:40,  2.25it/s]
1781it [14:40,  2.53it/s]
1782it [14:40,  2.89it/s]
1783it [14:41,  2.78it/s]
1784it [14:41,  2.76it/s]
1785it [14:41,  3.23it/s]
1786it [14:42,  3.30it/s]
1787it [14:42,  3.74it/s]
1788it [14:42,  3.58it/s]
1789it [14:42,  3.05it/s]
1790it [14:43,  3.24it/s]
1791it [14:43,  3.21it/s]
1792it [14:44,  1.78it/s]
1793it [14:45,  1.90it/s]
1794it [14:45,  1.84it/s]
1795it [14:46,  1.90it/s]
1796it [14:46,  1.85it/s]
1797it [14:47,  1.76it/s]
1798it [14:47,  1.87it/s]
1799it [14:48,  1.65it/s]
1800it [14:49,  1.84it/s]
1801it [14:49,  2.08it/s]
1802it [14:49,  2.34it/s]
1803it [14:49,  2.76it/s]
1804it [14:50,  2.74it/s]
1805it [14:50,  2.55it/s]
1806it [14:51,  2.38it/s]
1807it [14:51,  2.46it/s]
1808it [14:52,  2.43it/s]
1809it [14:52,  2.84it/s]
1810it [14:52,  2.13it/s]
1811it [14:53,  2.24it/s]
1812it [14:53,  2.35it/s]
1813it [14:54,  2.42it/s]
1814it [14:54,  2.60it/s]
1815it [14:55,  1.50it/s]
1816it [14:56,  1.65it/s]
1817it [14:57,  1.25it/s]
1818it [14:57,  1.54it/s]
1819it [14:58,  1.90it/s]
1820it [14:58,  2.28it/s]
1821it [14:58,  2.03it/s]
1822it [14:59,  1.95it/s]
1823it [14:59,  2.02it/s]
1824it [15:00,  2.18it/s]
1825it [15:00,  2.08it/s]
1826it [15:01,  2.14it/s]
1827it [15:01,  2.41it/s]
1828it [15:02,  2.27it/s]
1829it [15:02,  2.35it/s]
1830it [15:03,  1.51it/s]
1831it [15:04,  1.56it/s]
1832it [15:05,  1.24it/s]
1833it [15:05,  1.38it/s]
1834it [15:06,  1.44it/s]
1835it [15:07,  1.21it/s]
1836it [15:08,  1.17it/s]
1837it [15:10,  1.01s/it]
1838it [15:10,  1.07it/s]
1839it [15:11,  1.35it/s]
1840it [15:11,  1.47it/s]
1841it [15:12,  1.55it/s]
1842it [15:12,  1.64it/s]
1843it [15:12,  2.11it/s]
1844it [15:13,  1.89it/s]
1845it [15:13,  2.27it/s]
1846it [15:14,  2.29it/s]
1847it [15:14,  2.47it/s]
1848it [15:14,  2.73it/s]
1849it [15:15,  2.92it/s]
1850it [15:15,  3.04it/s]
1851it [15:17,  1.12it/s]
1852it [15:18,  1.31it/s]
1853it [15:18,  1.45it/s]
1854it [15:18,  1.69it/s]
1855it [15:19,  1.95it/s]
1856it [15:19,  2.30it/s]
1857it [15:19,  2.34it/s]
1858it [15:20,  2.23it/s]
1859it [15:20,  2.45it/s]
1860it [15:20,  2.89it/s]
1861it [15:21,  2.54it/s]
1862it [15:21,  2.98it/s]
1863it [15:21,  2.90it/s]
1864it [15:22,  3.35it/s]
1865it [15:22,  3.06it/s]
1866it [15:22,  3.10it/s]
1867it [15:23,  2.58it/s]
1868it [15:23,  2.74it/s]
1869it [15:24,  2.17it/s]
1870it [15:25,  1.83it/s]
1871it [15:25,  2.25it/s]
1872it [15:26,  1.66it/s]
1873it [15:26,  1.88it/s]
1874it [15:27,  2.10it/s]
1875it [15:27,  1.98it/s]
1876it [15:28,  2.14it/s]
1877it [15:28,  2.51it/s]
1878it [15:28,  2.63it/s]
1879it [15:28,  2.96it/s]
1880it [15:29,  3.17it/s]
1881it [15:29,  2.92it/s]
1882it [15:30,  2.49it/s]
1883it [15:30,  2.81it/s]
1884it [15:30,  2.50it/s]
1885it [15:31,  2.77it/s]
1886it [15:31,  2.77it/s]
1887it [15:31,  2.61it/s]
1888it [15:32,  2.15it/s]
1889it [15:32,  2.21it/s]
1890it [15:33,  1.74it/s]
1891it [15:34,  1.93it/s]
1892it [15:35,  1.55it/s]
1893it [15:35,  1.52it/s]
1894it [15:36,  1.67it/s]
1895it [15:36,  1.89it/s]
1896it [15:36,  2.20it/s]
1897it [15:37,  2.17it/s]
1898it [15:37,  2.25it/s]
1899it [15:38,  2.28it/s]
1900it [15:38,  2.59it/s]
1901it [15:38,  2.38it/s]
1902it [15:39,  2.60it/s]
1903it [15:39,  2.58it/s]
1904it [15:40,  2.35it/s]
1905it [15:40,  2.14it/s]
1906it [15:41,  1.99it/s]
1907it [15:41,  2.04it/s]
1908it [15:42,  2.31it/s]
1909it [15:42,  2.82it/s]
1910it [15:42,  2.73it/s]
1911it [15:42,  2.89it/s]
1912it [15:43,  3.15it/s]
1913it [15:43,  2.94it/s]
1914it [15:43,  2.94it/s]
1915it [15:44,  2.57it/s]
1916it [15:44,  2.60it/s]
1917it [15:45,  2.62it/s]
1918it [15:45,  2.80it/s]
1919it [15:45,  2.88it/s]
1920it [15:46,  3.12it/s]
1921it [15:46,  3.19it/s]
1922it [15:46,  3.24it/s]
1923it [15:47,  2.74it/s]
1924it [15:47,  2.59it/s]
1925it [15:48,  2.58it/s]
1926it [15:48,  2.18it/s]
1927it [15:48,  2.49it/s]
1928it [15:49,  2.63it/s]
1929it [15:49,  2.31it/s]
1930it [15:50,  2.27it/s]
1931it [15:50,  2.32it/s]
1932it [15:50,  2.60it/s]
1933it [15:51,  2.68it/s]
1934it [15:51,  2.28it/s]
1935it [15:52,  1.89it/s]
1936it [15:52,  2.18it/s]
1937it [15:53,  1.96it/s]
1938it [15:54,  1.85it/s]
1939it [15:54,  1.74it/s]
1940it [15:56,  1.19it/s]
1941it [15:57,  1.15it/s]
1942it [15:58,  1.15it/s]
1943it [15:58,  1.48it/s]
1944it [15:58,  1.77it/s]
1945it [15:59,  1.77it/s]
1946it [15:59,  1.85it/s]
1947it [15:59,  2.23it/s]
1948it [16:00,  2.62it/s]
1949it [16:00,  2.96it/s]
1950it [16:00,  2.87it/s]
1951it [16:01,  2.94it/s]
1952it [16:01,  2.80it/s]
1953it [16:01,  3.02it/s]
1954it [16:02,  2.71it/s]
1955it [16:02,  2.40it/s]
1956it [16:02,  2.67it/s]
1957it [16:03,  2.74it/s]
1958it [16:03,  2.98it/s]
1959it [16:04,  2.25it/s]
1960it [16:04,  1.99it/s]
1961it [16:06,  1.38it/s]
1962it [16:06,  1.67it/s]
1963it [16:06,  1.89it/s]
1964it [16:07,  1.96it/s]
1965it [16:07,  2.27it/s]
1966it [16:07,  2.44it/s]
1967it [16:08,  2.29it/s]
1968it [16:08,  2.68it/s]
1969it [16:08,  2.94it/s]
1970it [16:09,  2.94it/s]
1971it [16:09,  2.84it/s]
1972it [16:10,  2.59it/s]
1973it [16:10,  2.42it/s]
1974it [16:11,  2.06it/s]
1975it [16:11,  2.22it/s]
1976it [16:12,  2.14it/s]
1977it [16:12,  2.05it/s]
1978it [16:12,  2.20it/s]
1979it [16:13,  2.26it/s]
1980it [16:13,  2.42it/s]
1981it [16:13,  2.98it/s]
1982it [16:14,  2.79it/s]
1983it [16:15,  2.05it/s]
1984it [16:15,  1.94it/s]
1985it [16:16,  2.04it/s]
1986it [16:17,  1.60it/s]
1987it [16:17,  1.41it/s]
1988it [16:18,  1.48it/s]
1989it [16:18,  1.76it/s]
1990it [16:19,  1.83it/s]
1991it [16:19,  2.12it/s]
1992it [16:19,  2.40it/s]
1993it [16:20,  2.47it/s]
1994it [16:20,  2.60it/s]
1995it [16:21,  2.07it/s]
1996it [16:21,  2.26it/s]
1997it [16:22,  2.46it/s]
1998it [16:22,  2.59it/s]
1999it [16:22,  2.48it/s]
2000it [16:23,  3.02it/s]
2001it [16:23,  2.76it/s]
2002it [16:23,  2.44it/s]
2003it [16:24,  1.92it/s]
2004it [16:25,  1.99it/s]
2005it [16:25,  1.95it/s]
2006it [16:26,  2.07it/s]
2007it [16:26,  2.31it/s]
2008it [16:26,  2.42it/s]
2009it [16:27,  2.90it/s]
2010it [16:27,  2.21it/s]
2011it [16:28,  2.35it/s]
2012it [16:28,  1.89it/s]
2013it [16:29,  2.07it/s]
2014it [16:29,  2.04it/s]
2015it [16:30,  2.21it/s]
2016it [16:30,  2.34it/s]
2017it [16:30,  2.58it/s]
2018it [16:31,  2.39it/s]
2019it [16:31,  2.35it/s]
2020it [16:31,  2.66it/s]
2021it [16:32,  2.26it/s]
2022it [16:33,  2.18it/s]
2023it [16:33,  2.34it/s]
2024it [16:33,  2.43it/s]
2025it [16:34,  2.38it/s]
2026it [16:34,  2.61it/s]
2027it [16:34,  2.71it/s]
2028it [16:35,  3.09it/s]
2029it [16:35,  3.78it/s]
2030it [16:35,  3.63it/s]
2031it [16:35,  3.45it/s]
2032it [16:36,  3.16it/s]
2033it [16:36,  3.08it/s]
2034it [16:36,  2.90it/s]
2035it [16:37,  3.05it/s]
2036it [16:37,  3.00it/s]
2037it [16:37,  2.86it/s]
2038it [16:38,  3.18it/s]
2039it [16:38,  2.64it/s]
2040it [16:46,  2.63s/it]
2041it [16:47,  2.04s/it]
2042it [16:47,  1.51s/it]
2043it [16:47,  1.18s/it]
2044it [16:48,  1.07it/s]
2045it [16:48,  1.31it/s]
2046it [16:49,  1.54it/s]
2047it [16:49,  1.89it/s]
2048it [16:49,  2.15it/s]
2049it [16:49,  2.35it/s]
2050it [16:50,  2.37it/s]
2051it [16:50,  2.63it/s]
2052it [16:51,  2.56it/s]
2053it [16:51,  2.68it/s]
2054it [16:51,  2.82it/s]
2055it [16:52,  2.97it/s]
2056it [16:52,  3.13it/s]
2057it [16:52,  3.48it/s]
2058it [16:54,  1.45it/s]
2059it [16:55,  1.31it/s]
2060it [16:55,  1.35it/s]
2061it [16:56,  1.40it/s]
2062it [16:56,  1.69it/s]
2063it [16:57,  1.70it/s]
2064it [16:58,  1.38it/s]
2065it [16:59,  1.31it/s]
2066it [16:59,  1.54it/s]
2067it [17:00,  1.26it/s]
2068it [17:01,  1.38it/s]
2069it [17:02,  1.08it/s]
2070it [17:03,  1.18it/s]
2071it [17:04,  1.07s/it]
2072it [17:05,  1.18it/s]
2073it [17:05,  1.43it/s]
2074it [17:05,  1.79it/s]
2075it [17:06,  2.08it/s]
2076it [17:06,  2.52it/s]
2077it [17:06,  2.74it/s]
2078it [17:06,  2.83it/s]
2079it [17:07,  3.06it/s]
2080it [17:07,  2.68it/s]
2081it [17:07,  2.97it/s]
2082it [17:08,  2.94it/s]
2083it [17:08,  2.90it/s]
2084it [17:09,  2.62it/s]
2085it [17:09,  2.80it/s]
2086it [17:09,  3.18it/s]
2087it [17:09,  3.08it/s]
2088it [17:10,  2.73it/s]
2089it [17:10,  3.09it/s]
2090it [17:11,  2.22it/s]
2091it [17:11,  2.30it/s]
2092it [17:12,  2.38it/s]
2093it [17:12,  2.82it/s]
2094it [17:12,  2.68it/s]
2095it [17:13,  2.71it/s]
2096it [17:13,  2.78it/s]
2097it [17:14,  2.29it/s]
2098it [17:14,  2.19it/s]
2099it [17:14,  2.45it/s]
2100it [17:15,  2.54it/s]
2101it [17:15,  2.20it/s]
2102it [17:16,  2.46it/s]
2103it [17:16,  2.75it/s]
2104it [17:16,  2.57it/s]
2105it [17:17,  3.22it/s]
2106it [17:17,  2.71it/s]
2107it [17:18,  2.14it/s]
2108it [17:18,  2.19it/s]
2109it [17:19,  2.31it/s]
2110it [17:19,  2.36it/s]
2111it [17:20,  2.06it/s]
2112it [17:20,  2.40it/s]
2113it [17:20,  2.70it/s]
2114it [17:20,  2.63it/s]
2115it [17:21,  2.96it/s]
2116it [17:21,  2.67it/s]
2117it [17:21,  2.82it/s]
2118it [17:22,  2.62it/s]
2119it [17:22,  2.43it/s]
2120it [17:23,  2.62it/s]
2121it [17:23,  2.91it/s]
2122it [17:23,  2.69it/s]
2123it [17:24,  2.03it/s]
2124it [17:25,  2.20it/s]
2125it [17:25,  2.47it/s]
2126it [17:25,  2.55it/s]
2127it [17:26,  2.40it/s]
2128it [17:26,  2.61it/s]
2129it [17:26,  2.79it/s]
2130it [17:27,  3.03it/s]
2131it [17:27,  2.65it/s]
2132it [17:27,  2.99it/s]
2133it [17:28,  2.83it/s]
2134it [17:28,  2.63it/s]
2135it [17:30,  1.36it/s]
2136it [17:30,  1.40it/s]
2137it [17:31,  1.74it/s]
2138it [17:31,  1.60it/s]
2139it [17:32,  1.67it/s]
2140it [17:32,  2.05it/s]
2141it [17:32,  2.40it/s]
2142it [17:33,  2.04it/s]
2143it [17:33,  2.25it/s]
2144it [17:34,  2.56it/s]
2145it [17:34,  2.71it/s]
2146it [17:34,  3.03it/s]
2147it [17:35,  2.67it/s]
2148it [17:35,  2.34it/s]
2149it [17:36,  2.49it/s]
2150it [17:36,  2.64it/s]
2151it [17:36,  2.74it/s]
2152it [17:37,  2.78it/s]
2153it [17:37,  2.81it/s]
2154it [17:37,  2.60it/s]
2155it [17:38,  2.47it/s]
2156it [17:38,  2.46it/s]
2157it [17:39,  2.51it/s]
2158it [17:39,  1.83it/s]
2159it [17:40,  1.97it/s]
2160it [17:41,  1.79it/s]
2161it [17:41,  2.01it/s]
2162it [17:41,  2.11it/s]
2163it [17:42,  2.34it/s]
2164it [17:42,  2.54it/s]
2165it [17:42,  2.70it/s]
2166it [17:43,  3.05it/s]
2167it [17:43,  3.03it/s]
2168it [17:43,  2.45it/s]
2169it [17:44,  2.74it/s]
2170it [17:44,  3.05it/s]
2171it [17:44,  2.96it/s]
2172it [17:45,  2.58it/s]
2173it [17:45,  2.33it/s]
2174it [17:46,  1.73it/s]
2175it [17:47,  1.66it/s]
2176it [17:47,  1.89it/s]
2177it [17:48,  1.92it/s]
2178it [17:48,  2.11it/s]
2179it [17:48,  2.36it/s]
2180it [17:49,  2.64it/s]
2181it [17:49,  2.80it/s]
2182it [17:50,  2.53it/s]
2183it [17:50,  2.61it/s]
2184it [17:50,  3.11it/s]
2185it [17:50,  3.17it/s]
2186it [17:51,  3.35it/s]
2187it [17:51,  3.22it/s]
2188it [17:51,  3.55it/s]
2189it [17:51,  3.72it/s]
2190it [17:52,  3.10it/s]
2191it [17:52,  2.68it/s]
2192it [17:53,  2.68it/s]
2193it [17:53,  2.97it/s]
2194it [17:53,  3.01it/s]
2195it [17:54,  3.12it/s]
2196it [17:54,  2.79it/s]
2197it [17:55,  2.43it/s]
2198it [17:55,  2.48it/s]
2199it [17:55,  2.79it/s]
2200it [17:55,  3.03it/s]
2201it [17:56,  2.74it/s]
2202it [17:56,  2.76it/s]
2203it [17:56,  3.17it/s]
2204it [17:57,  3.29it/s]
2205it [17:57,  3.93it/s]
2206it [17:57,  4.00it/s]
2207it [17:57,  4.11it/s]
2208it [17:58,  3.58it/s]
2209it [17:58,  3.79it/s]
2210it [17:58,  3.45it/s]
2211it [17:59,  3.55it/s]
2212it [17:59,  3.01it/s]
2213it [17:59,  3.25it/s]
2214it [18:00,  2.93it/s]
2215it [18:00,  3.14it/s]
2216it [18:00,  3.73it/s]
2217it [18:00,  3.69it/s]
2218it [18:01,  3.60it/s]
2219it [18:01,  3.68it/s]
2220it [18:01,  2.98it/s]
2221it [18:02,  3.03it/s]
2222it [18:02,  2.90it/s]
2223it [18:02,  3.25it/s]
2224it [18:03,  3.01it/s]
2225it [18:03,  2.53it/s]
2226it [18:04,  2.49it/s]
2227it [18:04,  2.63it/s]
2228it [18:04,  2.73it/s]
2229it [18:05,  2.65it/s]
2230it [18:05,  3.11it/s]
2231it [18:05,  2.66it/s]
2232it [18:06,  3.22it/s]
2233it [18:06,  3.13it/s]
2234it [18:06,  3.55it/s]
2235it [18:07,  2.41it/s]
2236it [18:07,  2.43it/s]
2237it [18:07,  2.88it/s]
2238it [18:08,  3.18it/s]
2239it [18:08,  2.74it/s]
2240it [18:09,  2.54it/s]
2241it [18:09,  2.94it/s]
2242it [18:09,  2.96it/s]
2243it [18:10,  2.68it/s]
2244it [18:10,  2.98it/s]
2245it [18:10,  3.07it/s]
2246it [18:10,  3.70it/s]
2247it [18:11,  3.78it/s]
2248it [18:11,  3.89it/s]
2249it [18:11,  3.91it/s]
2250it [18:11,  3.66it/s]
2251it [18:12,  3.02it/s]
2252it [18:12,  3.39it/s]
2253it [18:12,  3.29it/s]
2254it [18:13,  3.06it/s]
2255it [18:13,  3.65it/s]
2256it [18:13,  4.20it/s]
2257it [18:13,  3.90it/s]
2258it [18:14,  4.17it/s]
2259it [18:14,  4.05it/s]
2260it [18:14,  3.81it/s]
2261it [18:14,  4.15it/s]
2262it [18:15,  4.15it/s]
2263it [18:15,  3.20it/s]
2264it [18:15,  2.95it/s]
2265it [18:16,  3.60it/s]
2266it [18:16,  3.06it/s]
2267it [18:16,  3.33it/s]
2268it [18:17,  3.45it/s]
2269it [18:17,  3.10it/s]
2270it [18:17,  3.40it/s]
2271it [18:17,  3.65it/s]
2272it [18:18,  3.00it/s]
2273it [18:18,  2.99it/s]
2274it [18:18,  3.12it/s]
2275it [18:19,  3.18it/s]
2276it [18:19,  2.83it/s]
2277it [18:19,  3.23it/s]
2278it [18:20,  3.22it/s]
2279it [18:20,  3.24it/s]
2280it [18:20,  3.13it/s]
2281it [18:21,  3.26it/s]
2282it [18:21,  3.27it/s]
2283it [18:21,  3.47it/s]
2284it [18:22,  3.34it/s]
2285it [18:22,  2.47it/s]
2286it [18:23,  2.69it/s]
2287it [18:23,  2.99it/s]
2288it [18:23,  2.96it/s]
2289it [18:24,  2.62it/s]
2290it [18:24,  2.40it/s]
2291it [18:24,  2.50it/s]
2292it [18:25,  2.52it/s]
2293it [18:25,  2.56it/s]
2294it [18:26,  2.18it/s]
2295it [18:26,  2.08it/s]
2296it [18:27,  1.94it/s]
2297it [18:27,  2.03it/s]
2298it [18:28,  2.07it/s]
2299it [18:28,  2.20it/s]
2300it [18:29,  2.15it/s]
2301it [18:29,  2.45it/s]
2302it [18:29,  2.61it/s]
2303it [18:30,  2.62it/s]
2304it [18:30,  3.01it/s]
2305it [18:31,  1.62it/s]
2306it [18:32,  1.75it/s]
2307it [18:32,  1.87it/s]
2308it [18:32,  2.12it/s]
2309it [18:33,  2.37it/s]
2310it [18:33,  2.62it/s]
2311it [18:33,  2.74it/s]
2312it [18:34,  3.05it/s]
2313it [18:34,  2.71it/s]
2314it [18:34,  2.67it/s]
2315it [18:35,  2.95it/s]
2316it [18:35,  2.90it/s]
2317it [18:35,  2.79it/s]
2318it [18:36,  2.77it/s]
2319it [18:36,  2.72it/s]
2320it [18:37,  2.59it/s]
2321it [18:37,  2.29it/s]
2322it [18:38,  1.99it/s]
2323it [18:38,  2.07it/s]
2324it [18:39,  2.44it/s]
2325it [18:39,  2.68it/s]
2326it [18:39,  3.16it/s]
2327it [18:40,  1.97it/s]
2328it [18:40,  2.42it/s]
2329it [18:41,  2.02it/s]
2330it [18:42,  1.54it/s]
2331it [18:42,  1.65it/s]
2332it [18:43,  1.55it/s]
2333it [18:44,  1.58it/s]
2334it [18:44,  1.99it/s]
2335it [18:44,  2.43it/s]
2336it [18:44,  2.88it/s]
2337it [18:45,  2.72it/s]
2338it [18:45,  2.52it/s]
2339it [18:47,  1.23it/s]
2340it [18:47,  1.43it/s]
2341it [18:48,  1.54it/s]
2342it [18:48,  1.77it/s]
2343it [18:49,  2.02it/s]
2344it [18:50,  1.46it/s]
2345it [18:50,  1.54it/s]
2346it [18:51,  1.54it/s]
2347it [18:51,  1.85it/s]
2348it [18:52,  1.98it/s]
2349it [18:52,  2.00it/s]
2350it [18:53,  2.00it/s]
2351it [18:53,  2.22it/s]
2352it [18:53,  2.43it/s]
2353it [18:54,  2.53it/s]
2354it [18:54,  2.81it/s]
2355it [18:54,  2.59it/s]
2356it [18:56,  1.41it/s]
2357it [18:56,  1.74it/s]
2358it [18:57,  1.57it/s]
2359it [18:57,  1.99it/s]
2360it [18:58,  1.99it/s]
2361it [18:58,  2.02it/s]
2362it [18:59,  2.01it/s]
2363it [18:59,  2.12it/s]
2364it [18:59,  2.38it/s]
2365it [19:00,  2.63it/s]
2366it [19:00,  2.99it/s]
2367it [19:00,  3.16it/s]
2368it [19:00,  3.36it/s]
2369it [19:01,  2.91it/s]
2370it [19:02,  2.12it/s]
2371it [19:02,  2.27it/s]
2372it [19:03,  2.00it/s]
2373it [19:03,  2.28it/s]
2374it [19:03,  2.43it/s]
2375it [19:03,  2.69it/s]
2376it [19:04,  2.61it/s]
2377it [19:04,  2.97it/s]
2378it [19:05,  2.55it/s]
2379it [19:06,  1.61it/s]
2380it [19:07,  1.20it/s]
2381it [19:08,  1.40it/s]
2382it [19:08,  1.62it/s]
2383it [19:08,  1.85it/s]
2384it [19:09,  2.11it/s]
2385it [19:09,  2.54it/s]
2386it [19:09,  2.29it/s]
2387it [19:10,  2.53it/s]
2388it [19:10,  2.55it/s]
2389it [19:10,  2.72it/s]
2390it [19:11,  2.79it/s]
2391it [19:11,  2.36it/s]
2392it [19:12,  1.97it/s]
2393it [19:12,  2.16it/s]
2394it [19:13,  2.50it/s]
2395it [19:13,  2.33it/s]
2396it [19:14,  1.75it/s]
2397it [19:14,  2.14it/s]
2398it [19:14,  2.53it/s]
2399it [19:15,  2.16it/s]
2400it [19:15,  2.55it/s]
2401it [19:16,  2.59it/s]
2402it [19:16,  2.62it/s]
2403it [19:16,  2.72it/s]
2404it [19:17,  2.88it/s]
2405it [19:17,  3.03it/s]
2406it [19:17,  2.88it/s]
2407it [19:18,  2.56it/s]
2408it [19:18,  2.50it/s]
2409it [19:19,  2.64it/s]
2410it [19:19,  3.26it/s]
2411it [19:19,  2.56it/s]
2412it [19:22,  1.22s/it]
2413it [19:23,  1.14s/it]
2414it [19:24,  1.04s/it]
2415it [19:25,  1.05s/it]
2416it [19:26,  1.05it/s]
2417it [19:27,  1.04it/s]
2418it [19:28,  1.10s/it]
2419it [19:30,  1.18s/it]
2420it [19:31,  1.16s/it]
2421it [19:32,  1.00s/it]
2422it [19:32,  1.13it/s]
2423it [19:33,  1.01it/s]
2424it [19:34,  1.05it/s]
2425it [19:35,  1.05it/s]
2426it [19:36,  1.19it/s]
2427it [19:36,  1.49it/s]
2428it [19:36,  1.79it/s]
2429it [19:37,  2.07it/s]
2430it [19:37,  2.35it/s]
2431it [19:37,  2.39it/s]
2432it [19:38,  2.79it/s]
2433it [19:38,  3.31it/s]
2434it [19:38,  2.99it/s]
2435it [19:38,  3.50it/s]
2436it [19:39,  2.63it/s]
2437it [19:40,  2.04it/s]
2438it [19:41,  1.51it/s]
2439it [19:41,  1.54it/s]
2440it [19:43,  1.14it/s]
2441it [19:44,  1.05it/s]
2442it [19:44,  1.32it/s]
2443it [19:45,  1.47it/s]
2444it [19:45,  1.68it/s]
2445it [19:45,  2.01it/s]
2446it [19:46,  2.21it/s]
2447it [19:46,  2.27it/s]
2448it [19:46,  2.52it/s]
2449it [19:47,  2.72it/s]
2450it [19:48,  2.05it/s]
2451it [19:48,  2.44it/s]
2452it [19:48,  2.54it/s]
2453it [19:48,  2.60it/s]
2454it [19:49,  2.78it/s]
2455it [19:49,  2.98it/s]
2456it [19:49,  2.98it/s]
2457it [19:50,  2.90it/s]
2458it [19:50,  3.04it/s]
2459it [19:50,  2.79it/s]
2460it [19:51,  3.45it/s]
2461it [19:51,  3.44it/s]
2462it [19:51,  3.75it/s]
2463it [19:51,  3.59it/s]
2464it [19:52,  3.97it/s]
2465it [19:52,  3.60it/s]
2466it [19:52,  3.63it/s]
2467it [19:52,  3.68it/s]
2468it [19:53,  3.71it/s]
2469it [19:54,  2.17it/s]
2470it [19:54,  2.20it/s]
2471it [19:55,  2.05it/s]
2472it [19:55,  2.32it/s]
2473it [19:55,  2.12it/s]
2474it [19:56,  1.74it/s]
2475it [19:57,  1.86it/s]
2476it [19:58,  1.64it/s]
2477it [19:58,  2.10it/s]
2478it [19:58,  2.20it/s]
2479it [19:58,  2.41it/s]
2480it [19:59,  2.36it/s]
2481it [19:59,  2.70it/s]
2482it [19:59,  2.79it/s]
2483it [20:00,  2.69it/s]
2484it [20:00,  3.06it/s]
2485it [20:00,  3.64it/s]
2486it [20:00,  4.20it/s]
2487it [20:01,  4.20it/s]
2488it [20:01,  2.80it/s]
2489it [20:02,  2.57it/s]
2490it [20:02,  2.54it/s]
2491it [20:03,  2.29it/s]
2492it [20:03,  2.17it/s]
2493it [20:04,  2.11it/s]
2494it [20:04,  2.35it/s]
2495it [20:04,  2.42it/s]
2496it [20:05,  2.19it/s]
2497it [20:05,  2.42it/s]
2498it [20:06,  2.64it/s]
2499it [20:06,  2.72it/s]
2500it [20:06,  3.00it/s]
2501it [20:07,  2.51it/s]
2502it [20:07,  2.67it/s]
2503it [20:07,  2.98it/s]
2504it [20:08,  2.62it/s]
2505it [20:08,  2.54it/s]
2506it [20:09,  2.41it/s]
2507it [20:09,  2.49it/s]
2508it [20:09,  2.96it/s]
2509it [20:09,  3.10it/s]
2510it [20:10,  3.56it/s]
2511it [20:10,  3.35it/s]
2512it [20:10,  3.22it/s]
2513it [20:11,  2.88it/s]
2514it [20:12,  1.83it/s]
2515it [20:12,  1.79it/s]
2516it [20:13,  2.26it/s]
2517it [20:13,  2.51it/s]
2518it [20:13,  2.59it/s]
2519it [20:14,  2.55it/s]
2520it [20:14,  2.02it/s]
2521it [20:15,  1.97it/s]
2522it [20:15,  2.19it/s]
2523it [20:16,  1.69it/s]
2524it [20:17,  1.69it/s]
2525it [20:17,  1.96it/s]
2526it [20:17,  2.09it/s]
2527it [20:18,  2.12it/s]
2528it [20:18,  2.21it/s]
2529it [20:19,  2.20it/s]
2530it [20:19,  2.21it/s]
2531it [20:20,  2.32it/s]
2532it [20:20,  2.35it/s]
2533it [20:20,  2.23it/s]
2534it [20:21,  2.50it/s]
2535it [20:21,  2.08it/s]
2536it [20:22,  2.44it/s]
2537it [20:22,  2.66it/s]
2538it [20:22,  2.42it/s]
2539it [20:26,  1.36s/it]
2540it [20:27,  1.22s/it]
2541it [20:27,  1.02it/s]
2542it [20:28,  1.31it/s]
2543it [20:28,  1.51it/s]
2544it [20:28,  1.81it/s]
2545it [20:29,  2.18it/s]
2546it [20:29,  2.43it/s]
2547it [20:29,  2.57it/s]
2548it [20:30,  2.65it/s]
2549it [20:30,  2.68it/s]
2550it [20:30,  2.76it/s]
2551it [20:31,  2.10it/s]
2552it [20:31,  2.56it/s]
2553it [20:31,  2.81it/s]
2554it [20:32,  2.01it/s]
2555it [20:32,  2.48it/s]
2556it [20:33,  2.92it/s]
2557it [20:33,  3.55it/s]
2558it [20:33,  3.96it/s]
2559it [20:33,  3.88it/s]
2560it [20:34,  3.46it/s]
2561it [20:34,  2.92it/s]
2562it [20:35,  2.49it/s]
2563it [20:35,  2.52it/s]
2564it [20:35,  2.70it/s]
2565it [20:36,  2.85it/s]
2566it [20:36,  3.04it/s]
2567it [20:36,  3.23it/s]
2568it [20:37,  1.89it/s]
2569it [20:38,  1.57it/s]
2570it [20:39,  1.33it/s]
2571it [20:40,  1.50it/s]
2572it [20:40,  1.57it/s]
2573it [20:40,  2.02it/s]
2574it [20:41,  2.02it/s]
2575it [20:41,  2.49it/s]
2576it [20:41,  2.60it/s]
2577it [20:42,  2.04it/s]
2578it [20:43,  1.85it/s]
2579it [20:43,  2.11it/s]
2580it [20:43,  2.39it/s]
2581it [20:44,  2.81it/s]
2582it [20:44,  2.85it/s]
2583it [20:44,  2.84it/s]
2584it [20:45,  2.56it/s]
2585it [20:45,  2.35it/s]
2586it [20:46,  2.64it/s]
2587it [20:46,  2.87it/s]
2588it [20:46,  3.11it/s]
2589it [20:46,  3.17it/s]
2590it [20:47,  2.90it/s]
2591it [20:47,  2.94it/s]
2592it [20:48,  2.72it/s]
2593it [20:48,  2.73it/s]
2594it [20:48,  2.45it/s]
2595it [20:49,  2.73it/s]
2596it [20:49,  2.79it/s]
2597it [20:49,  2.79it/s]
2598it [20:50,  2.53it/s]
2599it [20:50,  2.55it/s]
2600it [20:50,  2.91it/s]
2601it [20:51,  3.00it/s]
2602it [20:51,  2.86it/s]
2603it [20:51,  3.19it/s]
2604it [20:52,  3.35it/s]
2605it [20:52,  3.18it/s]
2606it [20:52,  3.33it/s]
2607it [20:53,  3.32it/s]
2608it [20:53,  2.37it/s]
2609it [20:54,  2.33it/s]
2610it [20:55,  1.68it/s]
2611it [20:55,  1.64it/s]
2612it [20:56,  1.47it/s]
2613it [20:57,  1.32it/s]
2614it [20:58,  1.33it/s]
2615it [20:59,  1.30it/s]
2616it [20:59,  1.35it/s]
2617it [21:00,  1.44it/s]
2618it [21:00,  1.72it/s]
2619it [21:01,  1.67it/s]
2620it [21:02,  1.55it/s]
2621it [21:03,  1.38it/s]
2622it [21:04,  1.25it/s]
2623it [21:05,  1.16it/s]
2624it [21:06,  1.00s/it]
2625it [21:07,  1.11it/s]
2626it [21:08,  1.02s/it]
2627it [21:09,  1.10s/it]
2628it [21:10,  1.00s/it]
2629it [21:11,  1.08it/s]
2630it [21:11,  1.40it/s]
2631it [21:11,  1.72it/s]
2632it [21:12,  1.55it/s]
2633it [21:12,  1.81it/s]
2634it [21:12,  2.23it/s]
2635it [21:13,  2.88it/s]
2636it [21:13,  3.37it/s]
2637it [21:13,  3.27it/s]
2638it [21:13,  3.22it/s]
2639it [21:14,  2.51it/s]
2640it [21:14,  2.66it/s]
2641it [21:15,  2.83it/s]
2642it [21:15,  3.04it/s]
2643it [21:15,  2.92it/s]
2644it [21:16,  2.86it/s]
2645it [21:16,  3.47it/s]
2646it [21:16,  3.28it/s]
2647it [21:16,  3.43it/s]
2648it [21:18,  1.84it/s]
2649it [21:18,  2.23it/s]
2650it [21:18,  2.59it/s]
2651it [21:18,  2.86it/s]
2652it [21:19,  3.03it/s]
2653it [21:19,  3.54it/s]
2654it [21:19,  3.39it/s]
2655it [21:19,  2.96it/s]
2656it [21:20,  2.90it/s]
2657it [21:20,  3.19it/s]
2658it [21:20,  3.16it/s]
2659it [21:21,  3.45it/s]
2660it [21:21,  2.90it/s]
2661it [21:21,  2.95it/s]
2662it [21:22,  3.24it/s]
2663it [21:22,  3.33it/s]
2664it [21:22,  3.39it/s]
2665it [21:23,  3.29it/s]
2666it [21:23,  3.49it/s]
2667it [21:23,  3.78it/s]
2668it [21:23,  3.56it/s]
2669it [21:24,  2.52it/s]
2670it [21:25,  2.22it/s]
2671it [21:25,  2.21it/s]
2672it [21:25,  2.53it/s]
2673it [21:26,  2.85it/s]
2674it [21:26,  2.34it/s]
2675it [21:27,  2.38it/s]
2676it [21:27,  1.87it/s]
2677it [21:28,  2.27it/s]
2678it [21:28,  2.54it/s]
2679it [21:28,  2.53it/s]
2680it [21:29,  1.92it/s]
2681it [21:30,  1.61it/s]
2682it [21:31,  1.65it/s]
2683it [21:31,  1.93it/s]
2684it [21:31,  2.26it/s]
2685it [21:32,  2.24it/s]
2686it [21:32,  2.36it/s]
2687it [21:32,  2.53it/s]
2688it [21:33,  2.71it/s]
2689it [21:33,  2.73it/s]
2690it [21:33,  2.79it/s]
2691it [21:34,  2.53it/s]
2692it [21:34,  2.84it/s]
2693it [21:34,  2.86it/s]
2694it [21:35,  3.19it/s]
2695it [21:35,  3.15it/s]
2696it [21:35,  3.61it/s]
2697it [21:36,  2.57it/s]
2698it [21:36,  2.47it/s]
2699it [21:36,  2.71it/s]
2700it [21:37,  2.43it/s]
2701it [21:37,  2.61it/s]
2702it [21:38,  2.66it/s]
2703it [21:38,  3.25it/s]
2704it [21:38,  3.46it/s]
2705it [21:38,  3.26it/s]
2706it [21:39,  3.09it/s]
2707it [21:39,  3.08it/s]
2708it [21:39,  3.43it/s]
2709it [21:39,  3.84it/s]
2710it [21:40,  4.05it/s]
2711it [21:40,  4.15it/s]
2712it [21:40,  3.95it/s]
2713it [21:41,  2.16it/s]
2714it [21:42,  2.08it/s]
2715it [21:42,  2.09it/s]
2716it [21:42,  2.37it/s]
2717it [21:43,  2.50it/s]
2718it [21:43,  2.44it/s]
2719it [21:43,  2.72it/s]
2720it [21:44,  2.69it/s]
2721it [21:44,  2.67it/s]
2722it [21:45,  2.65it/s]
2723it [21:45,  2.26it/s]
2724it [21:46,  2.37it/s]
2725it [21:46,  2.38it/s]
2726it [21:46,  2.70it/s]
2727it [21:47,  2.47it/s]
2728it [21:47,  2.48it/s]
2729it [21:48,  2.47it/s]
2730it [21:48,  2.99it/s]
2731it [21:48,  2.39it/s]
2732it [21:49,  1.92it/s]
2733it [21:50,  1.80it/s]
2734it [21:50,  1.65it/s]
2735it [21:51,  1.67it/s]
2736it [21:52,  1.52it/s]
2737it [21:52,  1.64it/s]
2738it [21:54,  1.19it/s]
2739it [21:54,  1.51it/s]
2740it [21:54,  1.70it/s]
2741it [21:55,  1.87it/s]
2742it [21:56,  1.57it/s]
2743it [21:58,  1.01s/it]
2744it [21:58,  1.06it/s]
2745it [21:59,  1.33it/s]
2746it [21:59,  1.38it/s]
2747it [22:00,  1.72it/s]
2748it [22:00,  2.04it/s]
2749it [22:00,  2.08it/s]
2750it [22:01,  2.02it/s]
2751it [22:01,  2.09it/s]
2752it [22:02,  2.06it/s]
2753it [22:02,  2.57it/s]
2754it [22:02,  2.97it/s]
2755it [22:02,  3.28it/s]
2756it [22:03,  3.44it/s]
2757it [22:03,  3.22it/s]
2758it [22:03,  3.32it/s]
2759it [22:04,  3.19it/s]
2760it [22:04,  3.15it/s]
2761it [22:04,  3.47it/s]
2762it [22:05,  2.83it/s]
2763it [22:05,  2.65it/s]
2764it [22:05,  2.60it/s]
2765it [22:06,  2.75it/s]
2766it [22:06,  2.80it/s]
2767it [22:06,  2.99it/s]
2768it [22:07,  2.69it/s]
2769it [22:07,  2.86it/s]
2770it [22:08,  2.70it/s]
2771it [22:08,  2.90it/s]
2772it [22:08,  2.86it/s]
2773it [22:09,  2.98it/s]
2774it [22:09,  2.06it/s]
2775it [22:10,  2.33it/s]
2776it [22:10,  2.73it/s]
2777it [22:10,  2.90it/s]
2778it [22:10,  3.27it/s]
2779it [22:11,  2.78it/s]
2780it [22:11,  2.89it/s]
2781it [22:12,  3.01it/s]
2782it [22:12,  2.89it/s]
2783it [22:12,  2.38it/s]
2784it [22:13,  2.45it/s]
2785it [22:13,  2.52it/s]
2786it [22:14,  2.56it/s]
2787it [22:14,  2.59it/s]
2788it [22:14,  2.51it/s]
2789it [22:15,  2.65it/s]
2790it [22:15,  3.23it/s]
2791it [22:15,  3.09it/s]
2792it [22:16,  3.05it/s]
2793it [22:16,  3.21it/s]
2794it [22:16,  3.10it/s]
2795it [22:17,  2.74it/s]
2796it [22:17,  2.24it/s]
2797it [22:18,  2.18it/s]
2798it [22:18,  2.39it/s]
2799it [22:19,  1.80it/s]
2800it [22:19,  1.88it/s]
2801it [22:20,  1.70it/s]
2802it [22:21,  1.44it/s]
2803it [22:22,  1.46it/s]
2804it [22:22,  1.48it/s]
2805it [22:23,  1.42it/s]
2806it [22:24,  1.64it/s]
2807it [22:24,  1.93it/s]
2808it [22:24,  2.14it/s]
2809it [22:25,  2.13it/s]
2810it [22:25,  2.41it/s]
2811it [22:25,  2.77it/s]
2812it [22:26,  2.48it/s]
2813it [22:26,  2.70it/s]
2814it [22:26,  2.65it/s]
2815it [22:27,  2.98it/s]
2816it [22:27,  3.68it/s]
2817it [22:27,  3.88it/s]
2818it [22:28,  2.97it/s]
2819it [22:28,  2.50it/s]
2820it [22:29,  2.41it/s]
2821it [22:29,  2.45it/s]
2822it [22:29,  2.41it/s]
2823it [22:30,  2.79it/s]
2824it [22:30,  3.31it/s]
2825it [22:30,  3.63it/s]
2826it [22:31,  2.79it/s]
2827it [22:31,  2.37it/s]
2828it [22:32,  2.23it/s]
2829it [22:32,  2.28it/s]
2830it [22:32,  2.64it/s]
2831it [22:33,  2.51it/s]
2832it [22:33,  2.68it/s]
2833it [22:33,  2.82it/s]
2834it [22:34,  3.07it/s]
2835it [22:34,  2.41it/s]
2836it [22:35,  2.29it/s]
2837it [22:35,  2.21it/s]
2838it [22:36,  2.31it/s]
2839it [22:36,  2.29it/s]
2840it [22:36,  2.43it/s]
2841it [22:37,  2.52it/s]
2842it [22:38,  1.28it/s]
2843it [22:39,  1.62it/s]
2844it [22:40,  1.29it/s]
2845it [22:40,  1.49it/s]
2846it [22:41,  1.61it/s]
2847it [22:41,  1.62it/s]
2848it [22:42,  1.85it/s]
2849it [22:42,  2.26it/s]
2850it [22:42,  2.39it/s]
2851it [22:43,  2.63it/s]
2852it [22:43,  2.87it/s]
2853it [22:44,  2.09it/s]
2854it [22:44,  2.32it/s]
2855it [22:45,  1.88it/s]
2856it [22:45,  2.25it/s]
2857it [22:45,  2.31it/s]
2858it [22:46,  2.64it/s]
2859it [22:46,  2.01it/s]
2860it [22:47,  1.87it/s]
2861it [22:47,  2.15it/s]
2862it [22:48,  1.82it/s]
2863it [22:50,  1.11it/s]
2864it [22:50,  1.19it/s]
2865it [22:52,  1.01it/s]
2866it [22:52,  1.35it/s]
2867it [22:52,  1.74it/s]
2868it [22:52,  2.11it/s]
2869it [22:53,  2.14it/s]
2870it [22:53,  2.46it/s]
2871it [22:53,  2.78it/s]
2872it [22:55,  1.59it/s]
2873it [22:55,  1.80it/s]
2874it [22:56,  1.64it/s]
2875it [22:56,  1.91it/s]
2876it [22:56,  2.16it/s]
2877it [22:57,  2.27it/s]
2878it [22:58,  1.39it/s]
2879it [22:58,  1.64it/s]
2880it [22:59,  1.66it/s]
2881it [22:59,  1.95it/s]
2882it [23:00,  2.30it/s]
2883it [23:00,  2.57it/s]
2884it [23:00,  2.99it/s]
2885it [23:01,  2.83it/s]
2886it [23:01,  3.24it/s]
2887it [23:01,  3.10it/s]
2888it [23:01,  3.16it/s]
2889it [23:02,  2.93it/s]
2890it [23:02,  3.19it/s]
2891it [23:02,  3.01it/s]
2892it [23:03,  2.85it/s]
2893it [23:03,  2.48it/s]
2894it [23:04,  2.45it/s]
2895it [23:04,  2.77it/s]
2896it [23:05,  2.33it/s]
2897it [23:05,  2.16it/s]
2898it [23:06,  1.96it/s]
2899it [23:06,  1.77it/s]
2900it [23:07,  2.10it/s]
2901it [23:07,  2.13it/s]
2902it [23:08,  2.30it/s]
2903it [23:08,  2.45it/s]
2904it [23:08,  2.45it/s]
2905it [23:09,  2.70it/s]
2906it [23:09,  2.30it/s]
2907it [23:09,  2.66it/s]
2908it [23:10,  2.48it/s]
2909it [23:10,  2.69it/s]
2910it [23:11,  2.63it/s]
2911it [23:11,  1.92it/s]
2912it [23:12,  2.15it/s]
2913it [23:12,  2.37it/s]
2914it [23:12,  2.52it/s]
2915it [23:13,  2.76it/s]
2916it [23:13,  2.56it/s]
2917it [23:14,  2.13it/s]
2918it [23:14,  2.40it/s]
2919it [23:14,  2.78it/s]
2920it [23:15,  2.90it/s]
2921it [23:15,  2.14it/s]
2922it [23:16,  2.43it/s]
2923it [23:16,  2.06it/s]
2924it [23:16,  2.66it/s]
2925it [23:17,  2.55it/s]
2926it [23:17,  2.98it/s]
2927it [23:18,  2.19it/s]
2928it [23:18,  2.74it/s]
2929it [23:18,  2.91it/s]
2930it [23:19,  2.16it/s]
2931it [23:19,  2.69it/s]
2932it [23:19,  3.03it/s]
2933it [23:20,  2.19it/s]
2934it [23:21,  2.14it/s]
2935it [23:21,  2.44it/s]
2936it [23:22,  2.05it/s]
2937it [23:22,  1.99it/s]
2938it [23:23,  1.98it/s]
2939it [23:23,  2.24it/s]
2940it [23:23,  2.28it/s]
2941it [23:24,  2.60it/s]
2942it [23:24,  2.93it/s]
2943it [23:24,  3.39it/s]
2944it [23:24,  2.98it/s]
2945it [23:25,  2.16it/s]
2946it [23:25,  2.59it/s]
2947it [23:26,  1.88it/s]
2948it [23:27,  2.09it/s]
2949it [23:27,  2.38it/s]
2950it [23:27,  2.50it/s]
2951it [23:28,  2.59it/s]
2952it [23:28,  2.77it/s]
2953it [23:28,  2.41it/s]
2954it [23:29,  2.31it/s]
2955it [23:29,  2.26it/s]
2956it [23:30,  1.92it/s]
2957it [23:31,  1.94it/s]
2958it [23:31,  2.16it/s]
2959it [23:31,  2.31it/s]
2960it [23:32,  2.70it/s]
2961it [23:32,  2.62it/s]
2962it [23:32,  2.60it/s]
2963it [23:33,  2.75it/s]
2964it [23:33,  2.61it/s]
2965it [23:34,  2.17it/s]
2966it [23:34,  2.18it/s]
2967it [23:35,  2.16it/s]
2968it [23:35,  2.43it/s]
2969it [23:36,  2.15it/s]
2970it [23:36,  2.32it/s]
2971it [23:36,  2.77it/s]
2972it [23:36,  3.07it/s]
2973it [23:37,  2.54it/s]
2974it [23:37,  2.65it/s]
2975it [23:38,  2.66it/s]
2976it [23:38,  2.97it/s]
2977it [23:38,  3.25it/s]
2978it [23:39,  2.72it/s]
2979it [23:41,  1.02it/s]
2980it [23:41,  1.27it/s]
2981it [23:42,  1.49it/s]
2982it [23:42,  1.72it/s]
2983it [23:42,  1.97it/s]
2984it [23:43,  2.11it/s]
2985it [23:43,  2.42it/s]
2986it [23:43,  2.81it/s]
2987it [23:44,  2.84it/s]
2988it [23:44,  2.76it/s]
2989it [23:44,  2.85it/s]
2990it [23:45,  2.65it/s]
2991it [23:45,  2.46it/s]
2992it [23:46,  2.06it/s]
2993it [23:46,  2.07it/s]
2994it [23:47,  2.14it/s]
2995it [23:48,  1.88it/s]
2996it [23:48,  1.59it/s]
2997it [23:50,  1.31it/s]
2998it [23:51,  1.15it/s]
2999it [23:51,  1.44it/s]
3000it [23:52,  1.50it/s]
3001it [23:52,  1.31it/s]
3002it [23:53,  1.48it/s]
3003it [23:54,  1.43it/s]
3004it [23:55,  1.04it/s]
3005it [23:56,  1.22it/s]
3006it [23:56,  1.34it/s]
3007it [23:57,  1.51it/s]
3008it [23:58,  1.39it/s]
3009it [23:58,  1.58it/s]
3010it [23:59,  1.74it/s]
3011it [23:59,  1.64it/s]
3012it [24:00,  1.95it/s]
3013it [24:00,  1.68it/s]
3014it [24:01,  1.96it/s]
3015it [24:01,  2.05it/s]
3016it [24:01,  2.20it/s]
3017it [24:02,  2.05it/s]
3018it [24:03,  1.46it/s]
3019it [24:03,  1.76it/s]
3020it [24:05,  1.02it/s]
3021it [24:07,  1.10s/it]
3022it [24:07,  1.18it/s]
3023it [24:08,  1.32it/s]
3024it [24:08,  1.69it/s]
3025it [24:09,  1.50it/s]
3026it [24:09,  1.91it/s]
3027it [24:11,  1.02s/it]
3028it [24:11,  1.18it/s]
3029it [24:12,  1.45it/s]
3030it [24:12,  1.75it/s]
3031it [24:12,  1.93it/s]
3032it [24:13,  2.15it/s]
3033it [24:13,  2.47it/s]
3034it [24:13,  2.61it/s]
3035it [24:14,  3.11it/s]
3036it [24:14,  3.19it/s]
3037it [24:14,  3.06it/s]
3038it [24:14,  3.27it/s]
3039it [24:15,  3.10it/s]
3040it [24:15,  3.08it/s]
3041it [24:15,  3.17it/s]
3042it [24:16,  2.79it/s]
3043it [24:16,  2.97it/s]
3044it [24:17,  2.39it/s]
3045it [24:17,  2.12it/s]
3046it [24:18,  2.48it/s]
3047it [24:18,  2.66it/s]
3048it [24:18,  2.86it/s]
3049it [24:19,  3.01it/s]
3050it [24:19,  2.98it/s]
3051it [24:19,  3.02it/s]
3052it [24:20,  2.89it/s]
3053it [24:20,  1.99it/s]
3054it [24:21,  2.40it/s]
3055it [24:21,  2.19it/s]
3056it [24:22,  1.57it/s]
3057it [24:23,  1.24it/s]
3058it [24:24,  1.53it/s]
3059it [24:26,  1.04s/it]
3060it [24:26,  1.16it/s]
3061it [24:27,  1.42it/s]
3062it [24:27,  1.67it/s]
3063it [24:27,  2.02it/s]
3064it [24:28,  1.89it/s]
3065it [24:28,  2.21it/s]
3066it [24:28,  2.59it/s]
3067it [24:29,  2.79it/s]
3068it [24:29,  3.00it/s]
3069it [24:29,  2.28it/s]
3070it [24:30,  2.53it/s]
3071it [24:30,  2.56it/s]
3072it [24:31,  2.41it/s]
3073it [24:31,  2.61it/s]
3074it [24:31,  2.51it/s]
3075it [24:32,  2.82it/s]
3076it [24:32,  3.45it/s]
3077it [24:32,  3.95it/s]
3078it [24:33,  2.64it/s]
3079it [24:33,  2.64it/s]
3080it [24:33,  3.05it/s]
3081it [24:34,  2.58it/s]
3082it [24:34,  2.71it/s]
3083it [24:34,  3.01it/s]
3084it [24:35,  3.06it/s]
3085it [24:35,  2.91it/s]
3086it [24:35,  3.32it/s]
3087it [24:35,  3.68it/s]
3088it [24:36,  2.80it/s]
3089it [24:36,  2.61it/s]
3090it [24:37,  2.13it/s]
3091it [24:37,  2.24it/s]
3092it [24:38,  2.22it/s]
3093it [24:39,  1.61it/s]
3094it [24:40,  1.58it/s]
3095it [24:40,  1.81it/s]
3096it [24:40,  1.97it/s]
3097it [24:41,  2.30it/s]
3098it [24:41,  2.57it/s]
3099it [24:41,  2.47it/s]
3100it [24:41,  3.08it/s]
3101it [24:42,  3.45it/s]
3102it [24:42,  3.00it/s]
3103it [24:42,  3.26it/s]
3104it [24:43,  2.66it/s]
3105it [24:43,  2.76it/s]
3106it [24:44,  2.24it/s]
3107it [24:44,  2.43it/s]
3108it [24:45,  1.93it/s]
3109it [24:45,  2.39it/s]
3110it [24:45,  2.67it/s]
3111it [24:46,  3.07it/s]
3112it [24:46,  2.41it/s]
3113it [24:47,  2.80it/s]
3114it [24:47,  3.37it/s]
3115it [24:47,  3.11it/s]
3116it [24:47,  3.54it/s]
3117it [24:48,  2.67it/s]
3118it [24:48,  3.07it/s]
3119it [24:49,  2.57it/s]
3120it [24:49,  3.01it/s]
3121it [24:49,  3.43it/s]
3122it [24:49,  3.63it/s]
3123it [24:50,  2.96it/s]
3124it [24:50,  2.74it/s]
3125it [24:50,  3.09it/s]
3126it [24:51,  3.10it/s]
3127it [24:51,  3.67it/s]
3128it [24:51,  4.06it/s]
3129it [24:51,  3.24it/s]
3130it [24:52,  3.31it/s]
3131it [24:52,  2.78it/s]
3132it [24:53,  2.00it/s]
3133it [24:54,  1.88it/s]
3134it [24:54,  2.01it/s]
3135it [24:55,  2.11it/s]
3136it [24:55,  1.89it/s]
3137it [24:56,  2.11it/s]
3138it [24:56,  2.49it/s]
3139it [24:56,  2.66it/s]
3140it [24:56,  2.73it/s]
3141it [24:57,  3.04it/s]
3142it [24:57,  3.25it/s]
3143it [24:57,  3.34it/s]
3144it [24:58,  3.17it/s]
3145it [24:58,  2.69it/s]
3146it [24:58,  2.96it/s]
3147it [24:59,  3.08it/s]
3148it [24:59,  3.49it/s]
3149it [24:59,  2.95it/s]
3150it [25:00,  3.02it/s]
3151it [25:00,  3.28it/s]
3152it [25:00,  3.50it/s]
3153it [25:01,  2.39it/s]
3154it [25:01,  2.38it/s]
3155it [25:01,  2.76it/s]
3156it [25:02,  2.99it/s]
3157it [25:02,  3.17it/s]
3158it [25:02,  3.07it/s]
3159it [25:03,  2.95it/s]
3160it [25:03,  3.25it/s]
3161it [25:05,  1.17it/s]
3162it [25:05,  1.46it/s]
3163it [25:06,  1.65it/s]
3164it [25:06,  1.86it/s]
3165it [25:06,  2.16it/s]
3166it [25:07,  2.20it/s]
3167it [25:07,  2.45it/s]
3168it [25:07,  2.73it/s]
3169it [25:08,  3.06it/s]
3170it [25:08,  2.94it/s]
3171it [25:08,  2.98it/s]
3172it [25:09,  2.73it/s]
3173it [25:09,  2.74it/s]
3174it [25:10,  2.62it/s]
3175it [25:10,  2.78it/s]
3176it [25:10,  2.71it/s]
3177it [25:11,  2.90it/s]
3178it [25:11,  3.21it/s]
3179it [25:11,  3.54it/s]
3180it [25:11,  3.17it/s]
3181it [25:12,  2.96it/s]
3182it [25:12,  2.58it/s]
3183it [25:13,  2.96it/s]
3184it [25:13,  2.89it/s]
3185it [25:13,  2.72it/s]
3186it [25:14,  2.82it/s]
3187it [25:14,  2.24it/s]
3188it [25:15,  2.10it/s]
3189it [25:15,  2.45it/s]
3190it [25:16,  2.30it/s]
3191it [25:16,  1.79it/s]
3192it [25:17,  1.91it/s]
3193it [25:17,  2.12it/s]
3194it [25:17,  2.52it/s]
3195it [25:18,  2.07it/s]
3196it [25:20,  1.20it/s]
3197it [25:20,  1.44it/s]
3198it [25:20,  1.70it/s]
3199it [25:21,  2.02it/s]
3200it [25:21,  2.03it/s]
3201it [25:22,  1.59it/s]
3202it [25:23,  1.79it/s]
3203it [25:23,  2.10it/s]
3204it [25:23,  2.23it/s]
3205it [25:24,  2.53it/s]
3206it [25:24,  2.71it/s]
3207it [25:24,  2.72it/s]
3208it [25:24,  3.25it/s]
3209it [25:25,  3.20it/s]
3210it [25:25,  3.34it/s]
3211it [25:25,  2.78it/s]
3212it [25:26,  2.26it/s]
3213it [25:27,  2.25it/s]
3214it [25:27,  2.74it/s]
3215it [25:27,  2.77it/s]
3216it [25:28,  1.87it/s]
3217it [25:29,  1.40it/s]
3218it [25:30,  1.44it/s]
3219it [25:30,  1.66it/s]
3220it [25:31,  1.28it/s]
3221it [25:32,  1.43it/s]
3222it [25:33,  1.09it/s]
3223it [25:34,  1.34it/s]
3224it [25:34,  1.53it/s]
3225it [25:34,  1.90it/s]
3226it [25:35,  2.09it/s]
3227it [25:35,  2.24it/s]
3228it [25:35,  2.43it/s]
3229it [25:36,  2.82it/s]
3230it [25:36,  2.96it/s]
3231it [25:36,  3.20it/s]
3232it [25:37,  2.96it/s]
3233it [25:37,  2.61it/s]
3234it [25:37,  2.69it/s]
3235it [25:38,  2.99it/s]
3236it [25:38,  2.91it/s]
3237it [25:38,  3.34it/s]
3238it [25:40,  1.59it/s]
3239it [25:40,  1.73it/s]
3240it [25:40,  2.02it/s]
3241it [25:41,  2.10it/s]
3242it [25:41,  2.25it/s]
3243it [25:41,  2.58it/s]
3244it [25:42,  2.48it/s]
3245it [25:42,  2.77it/s]
3246it [25:43,  2.62it/s]
3247it [25:43,  2.67it/s]
3248it [25:43,  2.72it/s]
3249it [25:44,  2.36it/s]
3250it [25:44,  2.67it/s]
3251it [25:44,  2.95it/s]
3252it [25:45,  3.22it/s]
3253it [25:46,  1.58it/s]
3254it [25:47,  1.45it/s]
3255it [25:47,  1.73it/s]
3256it [25:48,  1.81it/s]
3257it [25:48,  1.69it/s]
3258it [25:49,  2.08it/s]
3259it [25:49,  2.36it/s]
3260it [25:49,  2.65it/s]
3261it [25:49,  2.73it/s]
3262it [25:50,  2.83it/s]
3263it [25:50,  2.76it/s]
3264it [25:50,  2.98it/s]
3265it [25:51,  2.97it/s]
3266it [25:51,  3.19it/s]
3267it [25:51,  3.25it/s]
3268it [25:52,  3.28it/s]
3269it [25:52,  3.57it/s]
3270it [25:52,  2.71it/s]
3271it [25:53,  2.67it/s]
3272it [25:53,  2.47it/s]
3273it [25:54,  2.09it/s]
3274it [25:54,  2.30it/s]
3275it [25:55,  2.06it/s]
3276it [25:55,  2.12it/s]
3277it [25:55,  2.63it/s]
3278it [25:56,  2.74it/s]
3279it [25:56,  3.20it/s]
3280it [25:57,  2.26it/s]
3281it [25:57,  2.19it/s]
3282it [25:57,  2.49it/s]
3283it [25:58,  2.55it/s]
3284it [25:58,  2.49it/s]
3285it [25:59,  2.86it/s]
3286it [25:59,  3.04it/s]
3287it [26:00,  1.49it/s]
3288it [26:01,  1.45it/s]
3289it [26:02,  1.42it/s]
3290it [26:02,  1.78it/s]
3291it [26:02,  1.83it/s]
3292it [26:03,  1.52it/s]
3293it [26:04,  1.34it/s]
3294it [26:05,  1.26it/s]
3295it [26:06,  1.36it/s]
3296it [26:07,  1.31it/s]
3297it [26:07,  1.44it/s]
3298it [26:08,  1.34it/s]
3299it [26:09,  1.42it/s]
3300it [26:09,  1.40it/s]
3301it [26:10,  1.23it/s]
3302it [26:12,  1.05s/it]
3303it [26:14,  1.29s/it]
3304it [26:16,  1.46s/it]
3305it [26:16,  1.12s/it]
3306it [26:18,  1.39s/it]
3307it [26:18,  1.07s/it]
3308it [26:19,  1.11it/s]
3309it [26:20,  1.16it/s]
3310it [26:20,  1.24it/s]
3311it [26:21,  1.52it/s]
3312it [26:21,  1.85it/s]
3313it [26:21,  2.08it/s]
3314it [26:22,  2.24it/s]
3315it [26:22,  2.52it/s]
3316it [26:22,  3.08it/s]
3317it [26:23,  2.81it/s]
3318it [26:23,  2.79it/s]
3319it [26:23,  3.08it/s]
3320it [26:24,  2.84it/s]
3321it [26:24,  2.91it/s]
3322it [26:24,  2.52it/s]
3323it [26:25,  2.88it/s]
3324it [26:25,  2.51it/s]
3325it [26:26,  2.01it/s]
3326it [26:26,  2.04it/s]
3327it [26:27,  2.21it/s]
3328it [26:27,  2.61it/s]
3329it [26:27,  2.90it/s]
3330it [26:28,  2.72it/s]
3331it [26:28,  2.69it/s]
3332it [26:28,  2.53it/s]
3333it [26:29,  2.72it/s]
3334it [26:31,  1.19it/s]
3335it [26:32,  1.20it/s]
3336it [26:32,  1.42it/s]
3337it [26:33,  1.38it/s]
3338it [26:33,  1.46it/s]
3339it [26:34,  1.67it/s]
3340it [26:34,  1.78it/s]
3341it [26:34,  2.10it/s]
3342it [26:35,  2.58it/s]
3343it [26:35,  2.93it/s]
3344it [26:35,  3.52it/s]
3345it [26:35,  3.41it/s]
3346it [26:36,  3.64it/s]
3347it [26:36,  3.36it/s]
3348it [26:36,  3.04it/s]
3349it [26:37,  2.59it/s]
3350it [26:37,  2.53it/s]
3351it [26:38,  1.84it/s]
3352it [26:39,  1.83it/s]
3353it [26:39,  1.75it/s]
3354it [26:41,  1.28it/s]
3355it [26:41,  1.59it/s]
3356it [26:41,  1.77it/s]
3357it [26:42,  2.12it/s]
3358it [26:42,  2.23it/s]
3359it [26:42,  2.37it/s]
3360it [26:43,  2.33it/s]
3361it [26:43,  2.68it/s]
3362it [26:44,  1.81it/s]
3363it [26:45,  1.37it/s]
3364it [26:45,  1.69it/s]
3365it [26:46,  2.09it/s]
3366it [26:46,  2.28it/s]
3367it [26:46,  2.55it/s]
3368it [26:47,  2.56it/s]
3369it [26:47,  2.77it/s]
3370it [26:47,  2.82it/s]
3371it [26:48,  2.62it/s]
3372it [26:48,  2.74it/s]
3373it [26:48,  3.32it/s]
3374it [26:48,  3.34it/s]
3375it [26:49,  3.13it/s]
3376it [26:49,  3.04it/s]
3377it [26:49,  3.19it/s]
3378it [26:50,  3.11it/s]
3379it [26:50,  3.28it/s]
3380it [26:51,  2.69it/s]
3381it [26:52,  1.68it/s]
3382it [26:52,  1.72it/s]
3383it [26:53,  1.92it/s]
3384it [26:53,  2.04it/s]
3385it [26:54,  1.92it/s]
3386it [26:54,  1.89it/s]
3387it [26:55,  1.98it/s]
3388it [26:55,  2.05it/s]
3389it [26:55,  2.37it/s]
3390it [26:56,  2.67it/s]
3391it [26:56,  2.73it/s]
3392it [26:56,  2.73it/s]
3393it [26:57,  2.35it/s]
3394it [26:58,  1.78it/s]
3395it [26:59,  1.13it/s]
3396it [27:01,  1.12s/it]
3397it [27:02,  1.11s/it]
3398it [27:03,  1.01s/it]
3399it [27:03,  1.19it/s]
3400it [27:04,  1.29it/s]
3401it [27:04,  1.52it/s]
3402it [27:05,  1.92it/s]
3403it [27:05,  2.07it/s]
3404it [27:05,  2.32it/s]
3405it [27:06,  2.24it/s]
3406it [27:06,  2.25it/s]
3407it [27:07,  2.31it/s]
3408it [27:07,  2.45it/s]
3409it [27:07,  2.53it/s]
3410it [27:08,  2.84it/s]
3411it [27:08,  2.67it/s]
3412it [27:08,  2.83it/s]
3413it [27:09,  2.67it/s]
3414it [27:09,  2.64it/s]
3415it [27:09,  2.89it/s]
3416it [27:10,  3.22it/s]
3417it [27:10,  3.49it/s]
3418it [27:10,  3.60it/s]
3419it [27:10,  3.94it/s]
3420it [27:11,  3.84it/s]
3421it [27:11,  2.92it/s]
3422it [27:12,  2.35it/s]
3423it [27:12,  2.60it/s]
3424it [27:12,  2.55it/s]
3425it [27:13,  2.41it/s]
3426it [27:13,  2.50it/s]
3427it [27:14,  2.08it/s]
3428it [27:15,  1.84it/s]
3429it [27:15,  1.70it/s]
3430it [27:16,  1.78it/s]
3431it [27:17,  1.61it/s]
3432it [27:17,  1.91it/s]
3433it [27:17,  2.34it/s]
3434it [27:17,  2.47it/s]
3435it [27:18,  2.69it/s]
3436it [27:19,  1.88it/s]
3437it [27:19,  2.03it/s]
3438it [27:19,  2.24it/s]
3439it [27:20,  1.96it/s]
3440it [27:21,  2.01it/s]
3441it [27:21,  1.97it/s]
3442it [27:21,  2.15it/s]
3443it [27:22,  2.55it/s]
3444it [27:22,  2.20it/s]
3445it [27:23,  2.08it/s]
3446it [27:23,  1.98it/s]
3447it [27:24,  1.58it/s]
3448it [27:25,  1.45it/s]
3449it [27:26,  1.48it/s]
3450it [27:27,  1.29it/s]
3451it [27:28,  1.05it/s]
3452it [27:28,  1.32it/s]
3453it [27:29,  1.24it/s]
3454it [27:29,  1.62it/s]
3455it [27:30,  1.63it/s]
3456it [27:31,  1.47it/s]
3457it [27:31,  1.66it/s]
3458it [27:32,  1.96it/s]
3459it [27:32,  2.04it/s]
3460it [27:33,  2.03it/s]
3461it [27:33,  1.88it/s]
3462it [27:34,  1.92it/s]
3463it [27:34,  2.05it/s]
3464it [27:34,  2.28it/s]
3465it [27:35,  2.49it/s]
3466it [27:35,  2.19it/s]
3467it [27:36,  2.26it/s]
3468it [27:36,  2.42it/s]
3469it [27:36,  2.80it/s]
3470it [27:37,  3.03it/s]
3471it [27:37,  2.44it/s]
3472it [27:38,  2.07it/s]
3473it [27:38,  2.40it/s]
3474it [27:38,  2.71it/s]
3475it [27:39,  2.43it/s]
3476it [27:39,  2.60it/s]
3477it [27:39,  2.86it/s]
3478it [27:40,  3.04it/s]
3479it [27:40,  2.74it/s]
3480it [27:40,  2.91it/s]
3481it [27:41,  2.46it/s]
3482it [27:41,  2.38it/s]
3483it [27:44,  1.08it/s]
3484it [27:46,  1.30s/it]
3485it [27:47,  1.25s/it]
3486it [27:47,  1.06it/s]
3487it [27:47,  1.32it/s]
3488it [27:48,  1.60it/s]
3489it [27:48,  1.88it/s]
3490it [27:48,  2.14it/s]
3491it [27:49,  2.12it/s]
3492it [27:49,  2.35it/s]
3493it [27:50,  2.54it/s]
3494it [27:50,  2.70it/s]
3495it [27:50,  2.46it/s]
3496it [27:51,  2.76it/s]
3497it [27:51,  2.86it/s]
3498it [27:51,  3.14it/s]
3499it [27:52,  3.03it/s]
3500it [27:52,  3.37it/s]
3501it [27:52,  3.52it/s]
3502it [27:52,  3.56it/s]
3503it [27:53,  3.60it/s]
3504it [27:53,  3.79it/s]
3505it [27:53,  3.39it/s]
3506it [27:53,  3.15it/s]
3507it [27:54,  2.97it/s]
3508it [27:54,  3.03it/s]
3509it [27:55,  2.72it/s]
3510it [27:55,  2.57it/s]
3511it [27:55,  2.67it/s]
3512it [27:56,  2.80it/s]
3513it [27:56,  2.37it/s]
3514it [27:57,  2.51it/s]
3515it [27:57,  2.13it/s]
3516it [27:58,  2.28it/s]
3517it [27:58,  2.80it/s]
3518it [27:59,  1.89it/s]
3519it [27:59,  2.27it/s]
3520it [28:00,  1.93it/s]
3521it [28:00,  2.17it/s]
3522it [28:00,  2.48it/s]
3523it [28:01,  2.64it/s]
3524it [28:01,  2.70it/s]
3525it [28:01,  3.08it/s]
3526it [28:02,  2.92it/s]
3527it [28:02,  3.32it/s]
3528it [28:02,  3.34it/s]
3529it [28:02,  3.27it/s]
3530it [28:03,  3.94it/s]
3531it [28:03,  3.76it/s]
3532it [28:03,  2.95it/s]
3533it [28:04,  3.07it/s]
3534it [28:04,  3.21it/s]
3535it [28:04,  3.05it/s]
3536it [28:05,  3.07it/s]
3537it [28:05,  3.01it/s]
3538it [28:05,  2.72it/s]
3539it [28:06,  2.93it/s]
3540it [28:06,  2.92it/s]
3541it [28:07,  2.47it/s]
3542it [28:07,  2.97it/s]
3543it [28:07,  3.19it/s]
3544it [28:07,  2.68it/s]
3545it [28:08,  3.05it/s]
3546it [28:08,  3.14it/s]
3547it [28:08,  3.29it/s]
3548it [28:09,  3.53it/s]
3549it [28:09,  3.46it/s]
3550it [28:09,  3.69it/s]
3551it [28:09,  3.57it/s]
3552it [28:10,  2.42it/s]
3553it [28:10,  2.58it/s]
3554it [28:12,  1.64it/s]
3555it [28:12,  1.86it/s]
3556it [28:12,  2.20it/s]
3557it [28:13,  2.24it/s]
3558it [28:13,  2.66it/s]
3559it [28:13,  2.29it/s]
3560it [28:14,  2.54it/s]
3561it [28:14,  2.59it/s]
3562it [28:15,  1.73it/s]
3563it [28:15,  2.03it/s]
3564it [28:16,  2.50it/s]
3565it [28:16,  2.30it/s]
3566it [28:16,  2.77it/s]
3567it [28:16,  3.14it/s]
3568it [28:17,  3.70it/s]
3569it [28:17,  2.90it/s]
3570it [28:18,  2.63it/s]
3571it [28:18,  2.16it/s]
3572it [28:19,  2.33it/s]
3573it [28:19,  2.57it/s]
3574it [28:19,  2.76it/s]
3575it [28:19,  3.13it/s]
3576it [28:20,  3.36it/s]
3577it [28:20,  2.62it/s]
3578it [28:21,  2.48it/s]
3579it [28:21,  2.79it/s]
3580it [28:21,  3.12it/s]
3581it [28:22,  2.94it/s]
3582it [28:22,  2.26it/s]
3583it [28:23,  2.31it/s]
3584it [28:23,  2.77it/s]
3585it [28:23,  2.93it/s]
3586it [28:24,  2.78it/s]
3587it [28:24,  2.47it/s]
3588it [28:24,  2.46it/s]
3589it [28:25,  2.38it/s]
3590it [28:25,  2.66it/s]
3591it [28:26,  2.82it/s]
3592it [28:26,  2.71it/s]
3593it [28:26,  2.64it/s]
3594it [28:27,  2.64it/s]
3595it [28:27,  2.66it/s]
3596it [28:28,  2.31it/s]
3597it [28:28,  2.25it/s]
3598it [28:28,  2.35it/s]
3599it [28:29,  2.62it/s]
3600it [28:29,  2.65it/s]
3601it [28:29,  3.01it/s]
3602it [28:30,  3.14it/s]
3603it [28:30,  2.79it/s]
3604it [28:30,  3.14it/s]
3605it [28:31,  2.76it/s]
3606it [28:31,  2.40it/s]
3607it [28:32,  2.56it/s]
3608it [28:33,  1.34it/s]
3609it [28:34,  1.30it/s]
3610it [28:35,  1.21it/s]
3611it [28:36,  1.11it/s]
3612it [28:37,  1.01s/it]
3613it [28:38,  1.07it/s]
3614it [28:39,  1.01it/s]
3615it [28:40,  1.03it/s]
3616it [28:42,  1.12s/it]
3617it [28:42,  1.01s/it]
3618it [28:43,  1.01it/s]
3619it [28:44,  1.17it/s]
3620it [28:45,  1.24it/s]
3621it [28:46,  1.11it/s]
3622it [28:47,  1.09it/s]
3623it [28:48,  1.04s/it]
3624it [28:48,  1.20it/s]
3625it [28:49,  1.46it/s]
3626it [28:49,  1.73it/s]
3627it [28:49,  2.10it/s]
3628it [28:50,  2.13it/s]
3629it [28:50,  2.39it/s]
3630it [28:50,  2.62it/s]
3631it [28:51,  2.73it/s]
3632it [28:51,  2.81it/s]
3633it [28:51,  2.93it/s]
3634it [28:52,  2.33it/s]
3635it [28:52,  2.09it/s]
3636it [28:53,  2.34it/s]
3637it [28:53,  2.41it/s]
3638it [28:53,  2.61it/s]
3639it [28:54,  2.80it/s]
3640it [28:54,  2.48it/s]
3641it [28:55,  2.51it/s]
3642it [28:55,  2.58it/s]
3643it [28:55,  2.86it/s]
3644it [28:55,  3.29it/s]
3645it [28:56,  3.27it/s]
3646it [28:56,  3.07it/s]
3647it [28:57,  2.55it/s]
3648it [28:57,  2.54it/s]
3649it [28:57,  2.76it/s]
3650it [28:58,  3.19it/s]
3651it [28:58,  3.76it/s]
3652it [28:58,  3.61it/s]
3653it [28:58,  4.05it/s]
3654it [28:59,  1.84it/s]
3655it [29:00,  2.35it/s]
3656it [29:01,  1.78it/s]
3657it [29:01,  2.04it/s]
3658it [29:01,  2.07it/s]
3659it [29:02,  1.99it/s]
3660it [29:02,  1.95it/s]
3661it [29:03,  1.93it/s]
3662it [29:03,  2.24it/s]
3663it [29:04,  1.67it/s]
3664it [29:05,  1.64it/s]
3665it [29:05,  1.65it/s]
3666it [29:06,  1.97it/s]
3667it [29:06,  2.42it/s]
3668it [29:06,  2.32it/s]
3669it [29:07,  2.80it/s]
3670it [29:07,  2.88it/s]
3671it [29:07,  3.14it/s]
3672it [29:07,  3.10it/s]
3673it [29:09,  1.18it/s]
3674it [29:10,  1.40it/s]
3675it [29:10,  1.51it/s]
3676it [29:11,  1.86it/s]
3677it [29:11,  2.35it/s]
3678it [29:11,  2.88it/s]
3679it [29:11,  3.56it/s]
3680it [29:11,  3.62it/s]
3681it [29:12,  1.97it/s]
3682it [29:13,  1.97it/s]
3683it [29:13,  2.16it/s]
3684it [29:14,  2.04it/s]
3685it [29:14,  1.93it/s]
3686it [29:15,  1.78it/s]
3687it [29:16,  1.76it/s]
3688it [29:16,  1.76it/s]
3689it [29:17,  2.06it/s]
3690it [29:17,  1.72it/s]
3691it [29:18,  1.79it/s]
3692it [29:18,  1.89it/s]
3693it [29:19,  2.08it/s]
3694it [29:19,  1.75it/s]
3695it [29:20,  1.85it/s]
3696it [29:20,  2.19it/s]
3697it [29:21,  2.27it/s]
3698it [29:21,  2.45it/s]
3699it [29:22,  2.07it/s]
3700it [29:22,  2.39it/s]
3701it [29:23,  1.93it/s]
3702it [29:23,  1.85it/s]
3703it [29:24,  1.42it/s]
3704it [29:25,  1.62it/s]
3705it [29:26,  1.40it/s]
3706it [29:26,  1.50it/s]
3707it [29:27,  1.55it/s]
3708it [29:27,  1.66it/s]
3709it [29:28,  1.56it/s]
3710it [29:29,  1.56it/s]
3711it [29:29,  1.76it/s]
3712it [29:29,  1.99it/s]
3713it [29:30,  2.38it/s]
3714it [29:30,  2.25it/s]
3715it [29:31,  2.26it/s]
3716it [29:31,  2.35it/s]
3717it [29:31,  2.59it/s]
3718it [29:32,  2.51it/s]
3719it [29:32,  2.10it/s]
3720it [29:33,  1.71it/s]
3721it [29:33,  2.08it/s]
3722it [29:34,  2.19it/s]
3723it [29:34,  2.56it/s]
3724it [29:35,  1.72it/s]
3725it [29:36,  1.81it/s]
3726it [29:36,  2.08it/s]
3727it [29:36,  2.10it/s]
3728it [29:37,  1.93it/s]
3729it [29:38,  1.67it/s]
3730it [29:38,  2.02it/s]
3731it [29:39,  1.89it/s]
3732it [29:39,  1.82it/s]
3733it [29:40,  2.08it/s]
3734it [29:40,  2.02it/s]
3735it [29:40,  2.25it/s]
3736it [29:41,  2.02it/s]
3737it [29:41,  2.28it/s]
3738it [29:42,  2.19it/s]
3739it [29:42,  2.63it/s]
3740it [29:42,  2.91it/s]
3741it [29:43,  2.88it/s]
3742it [29:43,  3.03it/s]
3743it [29:43,  3.00it/s]
3744it [29:44,  2.93it/s]
3745it [29:44,  2.85it/s]
3746it [29:44,  2.74it/s]
3747it [29:45,  2.93it/s]
3748it [29:45,  2.86it/s]
3749it [29:45,  2.68it/s]
3750it [29:46,  2.77it/s]
3751it [29:46,  2.53it/s]
3752it [29:47,  2.56it/s]
3753it [29:47,  2.77it/s]
3754it [29:47,  3.17it/s]
3755it [29:47,  3.20it/s]
3756it [29:48,  2.51it/s]
3757it [29:49,  2.35it/s]
3758it [29:51,  1.01s/it]
3759it [29:51,  1.15it/s]
3760it [29:52,  1.46it/s]
3761it [29:52,  1.83it/s]
3762it [29:52,  2.22it/s]
3763it [29:53,  2.19it/s]
3764it [29:54,  1.67it/s]
3765it [29:54,  1.50it/s]
3766it [29:55,  1.64it/s]
3767it [29:55,  1.71it/s]
3768it [29:56,  1.85it/s]
3769it [29:56,  2.01it/s]
3770it [29:57,  1.94it/s]
3771it [29:57,  1.81it/s]
3772it [29:58,  1.92it/s]
3773it [29:58,  2.18it/s]
3774it [29:59,  2.41it/s]
3775it [29:59,  2.32it/s]
3776it [29:59,  2.63it/s]
3777it [30:00,  2.84it/s]
3778it [30:00,  3.15it/s]
3779it [30:00,  3.17it/s]
3780it [30:00,  3.43it/s]
3781it [30:01,  3.16it/s]
3782it [30:01,  3.26it/s]
3783it [30:02,  2.25it/s]
3784it [30:02,  2.49it/s]
3785it [30:03,  2.36it/s]
3786it [30:03,  2.33it/s]
3787it [30:04,  1.39it/s]
3788it [30:05,  1.61it/s]
3789it [30:05,  1.58it/s]
3790it [30:06,  1.64it/s]
3791it [30:06,  1.92it/s]
3792it [30:07,  2.08it/s]
3793it [30:07,  2.18it/s]
3794it [30:07,  2.25it/s]
3795it [30:08,  2.23it/s]
3796it [30:08,  2.43it/s]
3797it [30:09,  2.35it/s]
3798it [30:09,  2.14it/s]
3799it [30:10,  2.03it/s]
3800it [30:10,  2.14it/s]
3801it [30:10,  2.54it/s]
3802it [30:11,  2.67it/s]
3803it [30:11,  2.84it/s]
3804it [30:11,  2.87it/s]
3805it [30:12,  1.89it/s]
3806it [30:13,  2.13it/s]
3807it [30:13,  2.40it/s]
3808it [30:14,  2.23it/s]
3809it [30:14,  2.30it/s]
3810it [30:14,  2.66it/s]
3811it [30:14,  2.94it/s]
3812it [30:15,  2.95it/s]
3813it [30:16,  1.86it/s]
3814it [30:16,  1.85it/s]
3815it [30:16,  2.35it/s]
3816it [30:18,  1.51it/s]
3817it [30:18,  1.75it/s]
3818it [30:18,  1.94it/s]
3819it [30:19,  2.21it/s]
3820it [30:20,  1.45it/s]
3821it [30:20,  1.62it/s]
3822it [30:23,  1.14s/it]
3823it [30:24,  1.04s/it]
3824it [30:24,  1.16it/s]
3825it [30:25,  1.15it/s]
3826it [30:25,  1.48it/s]
3827it [30:26,  1.46it/s]
3828it [30:26,  1.76it/s]
3829it [30:27,  1.93it/s]
3830it [30:27,  2.38it/s]
3831it [30:27,  2.58it/s]
3832it [30:28,  2.29it/s]
3833it [30:28,  1.89it/s]
3834it [30:29,  1.90it/s]
3835it [30:29,  2.05it/s]
3836it [30:30,  2.33it/s]
3837it [30:30,  2.20it/s]
3838it [30:30,  2.40it/s]
3839it [30:31,  2.28it/s]
3840it [30:31,  2.16it/s]
3841it [30:32,  2.32it/s]
3842it [30:32,  2.41it/s]
3843it [30:33,  2.30it/s]
3844it [30:34,  1.45it/s]
3845it [30:35,  1.47it/s]
3846it [30:35,  1.71it/s]
3847it [30:35,  2.05it/s]
3848it [30:36,  1.76it/s]
3849it [30:36,  1.84it/s]
3850it [30:37,  2.23it/s]
3851it [30:37,  1.99it/s]
3852it [30:38,  2.22it/s]
3853it [30:38,  2.57it/s]
3854it [30:38,  2.43it/s]
3855it [30:39,  2.29it/s]
3856it [30:39,  2.27it/s]
3857it [30:39,  2.72it/s]
3858it [30:40,  2.63it/s]
3859it [30:40,  2.21it/s]
3860it [30:41,  2.02it/s]
3861it [30:42,  2.02it/s]
3862it [30:42,  2.05it/s]
3863it [30:43,  1.73it/s]
3864it [30:43,  2.11it/s]
3865it [30:44,  2.07it/s]
3866it [30:44,  2.16it/s]
3867it [30:44,  2.40it/s]
3868it [30:45,  2.45it/s]
3869it [30:45,  2.17it/s]
3870it [30:46,  1.98it/s]
3871it [30:46,  2.11it/s]
3872it [30:47,  2.28it/s]
3873it [30:47,  1.92it/s]
3874it [30:48,  2.18it/s]
3875it [30:48,  2.06it/s]
3876it [30:48,  2.37it/s]
3877it [30:49,  1.86it/s]
3878it [30:50,  1.76it/s]
3879it [30:51,  1.67it/s]
3880it [30:51,  1.73it/s]
3881it [30:51,  2.15it/s]
3882it [30:52,  2.43it/s]
3883it [30:52,  2.59it/s]
3884it [30:52,  2.99it/s]
3885it [30:52,  3.30it/s]
3886it [30:53,  3.30it/s]
3887it [30:53,  3.59it/s]
3888it [30:53,  3.85it/s]
3889it [30:54,  2.19it/s]
3890it [30:54,  2.69it/s]
3891it [30:54,  3.02it/s]
3892it [30:55,  3.04it/s]
3893it [30:55,  2.78it/s]
3894it [30:55,  3.07it/s]
3895it [30:56,  3.01it/s]
3896it [30:56,  3.15it/s]
3897it [30:57,  2.65it/s]
3898it [30:57,  2.63it/s]
3899it [30:57,  2.82it/s]
3900it [30:58,  2.73it/s]
3901it [30:58,  3.13it/s]
3902it [30:58,  3.28it/s]
3903it [30:58,  3.29it/s]
3904it [30:59,  3.39it/s]
3905it [30:59,  3.22it/s]
3906it [30:59,  2.96it/s]
3907it [31:00,  3.57it/s]
3908it [31:00,  3.50it/s]
3909it [31:00,  3.42it/s]
3910it [31:01,  2.91it/s]
3911it [31:01,  3.16it/s]
3912it [31:01,  3.11it/s]
3913it [31:02,  2.73it/s]
3914it [31:03,  1.70it/s]
3915it [31:03,  2.04it/s]
3916it [31:04,  2.05it/s]
3917it [31:04,  1.78it/s]
3918it [31:05,  1.77it/s]
3919it [31:06,  1.61it/s]
3920it [31:06,  1.63it/s]
3921it [31:07,  1.34it/s]
3922it [31:08,  1.54it/s]
3923it [31:08,  1.77it/s]
3924it [31:09,  1.78it/s]
3925it [31:09,  2.09it/s]
3926it [31:10,  1.66it/s]
3927it [31:10,  1.80it/s]
3928it [31:12,  1.32it/s]
3929it [31:12,  1.62it/s]
3930it [31:12,  1.75it/s]
3931it [31:13,  1.95it/s]
3932it [31:13,  2.00it/s]
3933it [31:13,  2.43it/s]
3934it [31:14,  2.81it/s]
3935it [31:14,  2.92it/s]
3936it [31:14,  2.40it/s]
3937it [31:15,  2.68it/s]
3938it [31:15,  2.46it/s]
3939it [31:16,  2.39it/s]
3940it [31:16,  2.32it/s]
3941it [31:17,  2.29it/s]
3942it [31:17,  2.35it/s]
3943it [31:17,  2.48it/s]
3944it [31:18,  2.36it/s]
3945it [31:19,  1.74it/s]
3946it [31:19,  2.17it/s]
3947it [31:19,  2.62it/s]
3948it [31:19,  2.84it/s]
3949it [31:20,  2.76it/s]
3950it [31:20,  2.79it/s]
3951it [31:21,  2.73it/s]
3952it [31:21,  2.21it/s]
3953it [31:21,  2.53it/s]
3954it [31:22,  2.55it/s]
3955it [31:22,  2.36it/s]
3956it [31:23,  2.60it/s]
3957it [31:23,  2.72it/s]
3958it [31:23,  2.55it/s]
3959it [31:24,  2.22it/s]
3960it [31:24,  2.40it/s]
3961it [31:25,  2.62it/s]
3962it [31:25,  2.13it/s]
3963it [31:26,  1.47it/s]
3964it [31:27,  1.40it/s]
3965it [31:28,  1.69it/s]
3966it [31:29,  1.40it/s]
3967it [31:29,  1.72it/s]
3968it [31:29,  2.03it/s]
3969it [31:29,  2.19it/s]
3970it [31:30,  2.23it/s]
3971it [31:30,  2.06it/s]
3972it [31:31,  2.44it/s]
3973it [31:31,  2.75it/s]
3974it [31:32,  2.29it/s]
3975it [31:32,  1.97it/s]
3976it [31:33,  1.84it/s]
3977it [31:33,  2.29it/s]
3978it [31:33,  2.50it/s]
3979it [31:34,  2.83it/s]
3980it [31:34,  2.36it/s]
3981it [31:36,  1.35it/s]
3982it [31:36,  1.42it/s]
3983it [31:37,  1.67it/s]
3984it [31:37,  1.77it/s]
3985it [31:38,  1.85it/s]
3986it [31:39,  1.26it/s]
3987it [31:39,  1.52it/s]
3988it [31:40,  1.63it/s]
3989it [31:40,  1.80it/s]
3990it [31:41,  2.13it/s]
3991it [31:41,  2.43it/s]
3992it [31:41,  2.82it/s]
3993it [31:41,  3.00it/s]
3994it [31:42,  2.83it/s]
3995it [31:42,  2.60it/s]
3996it [31:42,  2.98it/s]
3997it [31:43,  1.94it/s]
3998it [31:44,  2.31it/s]
3999it [31:44,  2.50it/s]
4000it [31:45,  2.20it/s]
4001it [31:45,  2.50it/s]
4002it [31:45,  2.22it/s]
4003it [31:46,  2.36it/s]
4004it [31:46,  2.27it/s]
4005it [31:46,  2.50it/s]
4006it [31:47,  2.46it/s]
4007it [31:47,  2.60it/s]
4008it [31:48,  2.62it/s]
4009it [31:48,  2.07it/s]
4010it [31:49,  2.57it/s]
4011it [31:49,  2.07it/s]
4012it [31:50,  1.95it/s]
4013it [31:50,  2.02it/s]
4014it [31:51,  2.31it/s]
4015it [31:58,  2.69s/it]
4016it [31:59,  2.05s/it]
4017it [31:59,  1.53s/it]
4018it [32:00,  1.21s/it]
4019it [32:00,  1.11it/s]
4020it [32:01,  1.26it/s]
4021it [32:01,  1.54it/s]
4022it [32:01,  1.74it/s]
4023it [32:02,  2.04it/s]
4024it [32:02,  2.18it/s]
4025it [32:02,  2.38it/s]
4026it [32:03,  2.54it/s]
4027it [32:03,  2.64it/s]
4028it [32:03,  2.36it/s]
4029it [32:04,  2.43it/s]
4030it [32:05,  2.03it/s]
4031it [32:05,  2.27it/s]
4032it [32:05,  2.07it/s]
4033it [32:06,  2.44it/s]
4034it [32:06,  2.62it/s]
4035it [32:06,  2.63it/s]
4036it [32:07,  2.83it/s]
4037it [32:07,  2.60it/s]
4038it [32:08,  2.37it/s]
4039it [32:08,  1.88it/s]
4040it [32:09,  2.00it/s]
4041it [32:09,  2.12it/s]
4042it [32:10,  2.33it/s]
4043it [32:10,  2.65it/s]
4044it [32:10,  2.88it/s]
4045it [32:10,  2.92it/s]
4046it [32:11,  2.89it/s]
4047it [32:11,  3.04it/s]
4048it [32:13,  1.19it/s]
4049it [32:14,  1.21it/s]
4050it [32:15,  1.18it/s]
4051it [32:15,  1.56it/s]
4052it [32:15,  1.81it/s]
4053it [32:16,  1.75it/s]
4054it [32:16,  1.88it/s]
4055it [32:17,  2.24it/s]
4056it [32:17,  2.38it/s]
4057it [32:17,  2.25it/s]
4058it [32:18,  2.61it/s]
4059it [32:18,  2.42it/s]
4060it [32:19,  2.58it/s]
4061it [32:19,  2.79it/s]
4062it [32:19,  3.07it/s]
4063it [32:19,  3.04it/s]
4064it [32:20,  2.74it/s]
4065it [32:20,  2.94it/s]
4066it [32:20,  3.43it/s]
4067it [32:21,  3.68it/s]
4068it [32:21,  3.48it/s]
4069it [32:21,  2.95it/s]
4070it [32:22,  2.99it/s]
4071it [32:22,  3.00it/s]
4072it [32:22,  3.41it/s]
4073it [32:22,  3.46it/s]
4074it [32:23,  3.40it/s]
4075it [32:23,  3.32it/s]
4076it [32:23,  3.08it/s]
4077it [32:24,  3.11it/s]
4078it [32:24,  2.95it/s]
4079it [32:24,  3.46it/s]
4080it [32:25,  2.69it/s]
4081it [32:25,  2.41it/s]
4082it [32:26,  2.59it/s]
4083it [32:26,  2.93it/s]
4084it [32:28,  1.28it/s]
4085it [32:30,  1.17s/it]
4086it [32:31,  1.13s/it]
4087it [32:32,  1.04s/it]
4088it [32:33,  1.13s/it]
4089it [32:34,  1.03it/s]
4090it [32:34,  1.29it/s]
4091it [32:36,  1.13s/it]
4092it [32:37,  1.02it/s]
4093it [32:39,  1.47s/it]
4094it [32:40,  1.18s/it]
4095it [32:41,  1.16s/it]
4096it [32:41,  1.08it/s]
4097it [32:42,  1.19it/s]
4098it [32:43,  1.24it/s]
4099it [32:43,  1.56it/s]
4100it [32:43,  1.97it/s]
4101it [32:44,  1.69it/s]
4102it [32:44,  1.65it/s]
4103it [32:45,  1.50it/s]
4104it [32:46,  1.21it/s]
4105it [32:47,  1.15it/s]
4106it [32:48,  1.28it/s]
4107it [32:49,  1.05it/s]
4108it [32:50,  1.32it/s]
4109it [32:50,  1.56it/s]
4110it [32:50,  1.72it/s]
4111it [32:51,  1.98it/s]
4112it [32:51,  1.89it/s]
4113it [32:52,  1.94it/s]
4114it [32:52,  2.43it/s]
4115it [32:52,  2.53it/s]
4116it [32:53,  2.75it/s]
4117it [32:53,  3.08it/s]
4118it [32:53,  3.30it/s]
4119it [32:53,  3.45it/s]
4120it [32:54,  3.88it/s]
4121it [32:54,  3.43it/s]
4122it [32:54,  3.41it/s]
4123it [32:54,  3.58it/s]
4124it [32:55,  3.54it/s]
4125it [32:55,  3.93it/s]
4126it [32:55,  3.97it/s]
4127it [32:55,  3.83it/s]
4128it [32:56,  3.86it/s]
4129it [32:56,  3.74it/s]
4130it [32:58,  1.41it/s]
4131it [32:58,  1.44it/s]
4132it [32:59,  1.61it/s]
4133it [33:00,  1.50it/s]
4134it [33:00,  1.50it/s]
4135it [33:01,  1.57it/s]
4136it [33:03,  1.04it/s]
4137it [33:03,  1.22it/s]
4138it [33:04,  1.29it/s]
4139it [33:04,  1.55it/s]
4140it [33:05,  1.75it/s]
4141it [33:05,  1.54it/s]
4142it [33:06,  1.55it/s]
4143it [33:08,  1.09it/s]
4144it [33:08,  1.15it/s]
4145it [33:09,  1.20it/s]
4146it [33:10,  1.35it/s]
4147it [33:10,  1.47it/s]
4148it [33:11,  1.57it/s]
4149it [33:11,  1.52it/s]
4150it [33:15,  1.58s/it]
4151it [33:15,  1.21s/it]
4152it [33:16,  1.07it/s]
4153it [33:16,  1.42it/s]
4154it [33:17,  1.36it/s]
4155it [33:18,  1.31it/s]
4156it [33:18,  1.65it/s]
4157it [33:18,  1.71it/s]
4158it [33:19,  2.01it/s]
4159it [33:19,  2.15it/s]
4160it [33:19,  2.28it/s]
4161it [33:20,  2.37it/s]
4162it [33:20,  2.35it/s]
4163it [33:20,  2.55it/s]
4164it [33:21,  2.71it/s]
4165it [33:21,  2.63it/s]
4166it [33:22,  2.81it/s]
4167it [33:22,  2.53it/s]
4168it [33:22,  2.63it/s]
4169it [33:23,  2.46it/s]
4170it [33:26,  1.12s/it]
4171it [33:28,  1.40s/it]
4172it [33:28,  1.12s/it]
4173it [33:29,  1.08it/s]
4174it [33:30,  1.10s/it]
4175it [33:32,  1.26s/it]
4176it [33:33,  1.16s/it]
4177it [33:34,  1.12s/it]
4178it [33:35,  1.04s/it]
4179it [33:37,  1.41s/it]
4180it [33:39,  1.56s/it]
4181it [33:40,  1.35s/it]
4182it [33:40,  1.15s/it]
4183it [33:41,  1.07s/it]
4184it [33:41,  1.19it/s]
4185it [33:42,  1.49it/s]
4186it [33:42,  1.81it/s]
4187it [33:43,  1.79it/s]
4188it [33:43,  1.87it/s]
4189it [33:43,  2.18it/s]
4190it [33:44,  2.44it/s]
4191it [33:44,  2.54it/s]
4192it [33:44,  2.71it/s]
4193it [33:45,  2.83it/s]
4194it [33:45,  2.56it/s]
4195it [33:46,  2.40it/s]
4196it [33:46,  2.51it/s]
4197it [33:47,  1.43it/s]
4198it [33:48,  1.71it/s]
4199it [33:48,  1.69it/s]
4200it [33:49,  1.90it/s]
4201it [33:49,  2.26it/s]
4202it [33:49,  2.36it/s]
4203it [33:50,  2.43it/s]
4204it [33:50,  2.70it/s]
4205it [33:50,  2.86it/s]
4206it [33:51,  2.90it/s]
4207it [33:51,  2.53it/s]
4208it [33:51,  2.63it/s]
4209it [33:52,  2.73it/s]
4210it [33:52,  2.63it/s]
4211it [33:52,  2.97it/s]
4212it [33:53,  2.56it/s]
4213it [33:53,  2.52it/s]
4214it [33:54,  1.58it/s]
4215it [33:56,  1.33it/s]
4216it [33:56,  1.43it/s]
4217it [33:56,  1.85it/s]
4218it [33:56,  2.28it/s]
4219it [33:57,  2.72it/s]
4220it [33:57,  2.72it/s]
4221it [33:57,  2.77it/s]
4222it [33:58,  2.89it/s]
4223it [33:58,  3.37it/s]
4224it [33:58,  3.43it/s]
4225it [33:59,  3.22it/s]
4226it [33:59,  3.52it/s]
4227it [33:59,  3.42it/s]
4228it [33:59,  2.96it/s]
4229it [34:00,  3.28it/s]
4230it [34:00,  3.41it/s]
4231it [34:00,  3.33it/s]
4232it [34:01,  3.22it/s]
4233it [34:01,  3.18it/s]
4234it [34:01,  3.08it/s]
4235it [34:02,  3.17it/s]
4236it [34:02,  3.50it/s]
4237it [34:02,  3.32it/s]
4238it [34:02,  4.12it/s]
4239it [34:03,  3.30it/s]
4240it [34:03,  2.92it/s]
4241it [34:03,  3.57it/s]
4242it [34:04,  3.41it/s]
4243it [34:04,  3.15it/s]
4244it [34:04,  2.66it/s]
4245it [34:05,  2.96it/s]
4246it [34:05,  2.69it/s]
4247it [34:06,  2.70it/s]
4248it [34:06,  2.76it/s]
4249it [34:07,  2.07it/s]
4250it [34:07,  1.92it/s]
4251it [34:08,  1.97it/s]
4252it [34:08,  2.14it/s]
4253it [34:08,  2.37it/s]
4254it [34:09,  1.96it/s]
4255it [34:09,  2.26it/s]
4256it [34:10,  2.42it/s]
4257it [34:10,  2.54it/s]
4258it [34:11,  2.45it/s]
4259it [34:11,  2.54it/s]
4260it [34:11,  2.32it/s]
4261it [34:12,  2.12it/s]
4262it [34:13,  1.60it/s]
4263it [34:13,  1.75it/s]
4264it [34:14,  1.96it/s]
4265it [34:14,  2.05it/s]
4266it [34:15,  2.12it/s]
4267it [34:15,  2.36it/s]
4268it [34:15,  2.68it/s]
4269it [34:16,  2.47it/s]
4270it [34:16,  2.72it/s]
4271it [34:16,  3.01it/s]
4272it [34:17,  2.91it/s]
4273it [34:17,  2.50it/s]
4274it [34:17,  2.76it/s]
4275it [34:18,  3.13it/s]
4276it [34:18,  3.27it/s]
4277it [34:18,  3.24it/s]
4278it [34:19,  2.63it/s]
4279it [34:20,  1.58it/s]
4280it [34:22,  1.03it/s]
4281it [34:23,  1.04it/s]
4282it [34:23,  1.30it/s]
4283it [34:23,  1.57it/s]
4284it [34:24,  1.62it/s]
4285it [34:24,  1.68it/s]
4286it [34:25,  1.51it/s]
4287it [34:26,  1.36it/s]
4288it [34:27,  1.60it/s]
4289it [34:27,  1.68it/s]
4290it [34:28,  1.76it/s]
4291it [34:28,  1.78it/s]
4292it [34:29,  1.89it/s]
4293it [34:29,  2.06it/s]
4294it [34:29,  2.45it/s]
4295it [34:29,  2.78it/s]
4296it [34:30,  3.05it/s]
4297it [34:30,  2.92it/s]
4298it [34:30,  2.98it/s]
4299it [34:31,  2.84it/s]
4300it [34:31,  2.82it/s]
4301it [34:32,  2.62it/s]
4302it [34:32,  2.73it/s]
4303it [34:32,  3.01it/s]
4304it [34:33,  2.97it/s]
4305it [34:33,  3.36it/s]
4306it [34:33,  3.19it/s]
4307it [34:33,  3.28it/s]
4308it [34:34,  3.02it/s]
4309it [34:34,  2.61it/s]
4310it [34:35,  2.82it/s]
4311it [34:35,  2.71it/s]
4312it [34:35,  2.39it/s]
4313it [34:36,  1.78it/s]
4314it [34:37,  1.99it/s]
4315it [34:38,  1.25it/s]
4316it [34:39,  1.53it/s]
4317it [34:39,  1.86it/s]
4318it [34:39,  1.88it/s]
4319it [34:40,  1.94it/s]
4320it [34:40,  2.24it/s]
4321it [34:40,  2.56it/s]
4322it [34:41,  2.52it/s]
4323it [34:41,  2.65it/s]
4324it [34:41,  2.83it/s]
4325it [34:42,  2.71it/s]
4326it [34:43,  1.68it/s]
4327it [34:43,  1.74it/s]
4328it [34:44,  1.99it/s]
4329it [34:45,  1.28it/s]
4330it [34:46,  1.57it/s]
4331it [34:46,  1.92it/s]
4332it [34:49,  1.32s/it]
4333it [34:49,  1.01s/it]
4334it [34:50,  1.09it/s]
4335it [34:50,  1.33it/s]
4336it [34:51,  1.53it/s]
4337it [34:51,  1.60it/s]
4338it [34:52,  1.62it/s]
4339it [34:52,  1.77it/s]
4340it [34:53,  2.07it/s]
4341it [34:53,  2.36it/s]
4342it [34:53,  2.50it/s]
4343it [34:53,  2.85it/s]
4344it [34:54,  2.92it/s]
4345it [34:54,  2.77it/s]
4346it [34:55,  2.84it/s]
4347it [34:55,  2.96it/s]
4348it [34:55,  3.05it/s]
4349it [34:56,  2.84it/s]
4350it [34:56,  2.71it/s]
4351it [34:57,  1.96it/s]
4352it [34:57,  2.17it/s]
4353it [34:58,  2.14it/s]
4354it [34:58,  2.42it/s]
4355it [34:58,  2.42it/s]
4356it [34:59,  2.26it/s]
4357it [34:59,  2.27it/s]
4358it [35:00,  1.90it/s]
4359it [35:00,  1.98it/s]
4360it [35:01,  1.92it/s]
4361it [35:01,  2.18it/s]
4362it [35:02,  2.10it/s]
4363it [35:03,  1.83it/s]
4364it [35:03,  1.71it/s]
4365it [35:04,  1.64it/s]
4366it [35:05,  1.62it/s]
4367it [35:05,  1.53it/s]
4368it [35:06,  1.62it/s]
4369it [35:07,  1.43it/s]
4370it [35:07,  1.37it/s]
4371it [35:08,  1.45it/s]
4372it [35:09,  1.55it/s]
4373it [35:09,  1.78it/s]
4374it [35:09,  2.05it/s]
4375it [35:10,  2.12it/s]
4376it [35:10,  2.46it/s]
4377it [35:10,  2.40it/s]
4378it [35:11,  2.55it/s]
4379it [35:11,  2.71it/s]
4380it [35:11,  2.70it/s]
4381it [35:12,  2.64it/s]
4382it [35:12,  2.83it/s]
4383it [35:13,  2.15it/s]
4384it [35:13,  2.59it/s]
4385it [35:13,  2.59it/s]
4386it [35:14,  2.88it/s]
4387it [35:14,  3.10it/s]
4388it [35:14,  2.90it/s]
4389it [35:15,  3.09it/s]
4390it [35:15,  3.08it/s]
4391it [35:16,  2.05it/s]
4392it [35:16,  2.21it/s]
4393it [35:17,  2.36it/s]
4394it [35:17,  2.60it/s]
4395it [35:17,  2.45it/s]
4396it [35:18,  2.45it/s]
4397it [35:18,  2.41it/s]
4398it [35:19,  2.53it/s]
4399it [35:19,  2.81it/s]
4400it [35:19,  2.77it/s]
4401it [35:19,  2.87it/s]
4402it [35:20,  2.78it/s]
4403it [35:20,  3.28it/s]
4404it [35:21,  2.85it/s]
4405it [35:21,  3.07it/s]
4406it [35:21,  3.49it/s]
4407it [35:22,  2.75it/s]
4408it [35:22,  3.01it/s]
4409it [35:22,  3.15it/s]
4410it [35:22,  2.98it/s]
4411it [35:23,  2.85it/s]
4412it [35:23,  2.91it/s]
4413it [35:23,  3.03it/s]
4414it [35:24,  3.15it/s]
4415it [35:24,  2.96it/s]
4416it [35:24,  3.55it/s]
4417it [35:25,  3.63it/s]
4418it [35:25,  3.22it/s]
4419it [35:25,  3.24it/s]
4420it [35:25,  3.69it/s]
4421it [35:26,  3.52it/s]
4422it [35:26,  3.26it/s]
4423it [35:27,  2.84it/s]
4424it [35:27,  3.05it/s]
4425it [35:27,  2.81it/s]
4426it [35:27,  3.13it/s]
4427it [35:28,  3.00it/s]
4428it [35:29,  1.60it/s]
4429it [35:30,  1.56it/s]
4430it [35:31,  1.28it/s]
4431it [35:32,  1.01it/s]
4432it [35:34,  1.05s/it]
4433it [35:34,  1.01it/s]
4434it [35:35,  1.12it/s]
4435it [35:36,  1.23it/s]
4436it [35:36,  1.50it/s]
4437it [35:36,  1.74it/s]
4438it [35:37,  2.00it/s]
4439it [35:37,  2.11it/s]
4440it [35:38,  2.24it/s]
4441it [35:38,  2.51it/s]
4442it [35:38,  2.60it/s]
4443it [35:39,  2.62it/s]
4444it [35:39,  2.54it/s]
4445it [35:39,  2.64it/s]
4446it [35:40,  2.55it/s]
4447it [35:40,  2.69it/s]
4448it [35:40,  2.90it/s]
4449it [35:41,  2.41it/s]
4450it [35:41,  2.77it/s]
4451it [35:42,  2.47it/s]
4452it [35:42,  2.40it/s]
4453it [35:42,  2.51it/s]
4454it [35:43,  2.74it/s]
4455it [35:43,  2.64it/s]
4456it [35:44,  2.24it/s]
4457it [35:45,  1.85it/s]
4458it [35:45,  1.97it/s]
4459it [35:45,  2.11it/s]
4460it [35:46,  2.19it/s]
4461it [35:46,  1.98it/s]
4462it [35:47,  1.99it/s]
4463it [35:47,  2.48it/s]
4464it [35:47,  2.51it/s]
4465it [35:48,  2.58it/s]
4466it [35:48,  2.54it/s]
4467it [35:48,  2.97it/s]
4468it [35:49,  3.35it/s]
4469it [35:50,  2.09it/s]
4470it [35:50,  2.62it/s]
4471it [35:50,  2.71it/s]
4472it [35:52,  1.15it/s]
4473it [35:53,  1.14it/s]
4474it [35:54,  1.27it/s]
4475it [35:54,  1.48it/s]
4476it [35:54,  1.73it/s]
4477it [35:55,  1.91it/s]
4478it [35:55,  1.95it/s]
4479it [35:56,  2.14it/s]
4480it [35:56,  2.11it/s]
4481it [35:57,  2.06it/s]
4482it [35:58,  1.44it/s]
4483it [35:59,  1.41it/s]
4484it [35:59,  1.75it/s]
4485it [36:00,  1.45it/s]
4486it [36:00,  1.66it/s]
4487it [36:00,  1.96it/s]
4488it [36:01,  2.22it/s]
4489it [36:01,  1.92it/s]
4490it [36:03,  1.03it/s]
4491it [36:04,  1.04it/s]
4492it [36:05,  1.14it/s]
4493it [36:05,  1.43it/s]
4494it [36:06,  1.79it/s]
4495it [36:06,  1.72it/s]
4496it [36:06,  2.02it/s]
4497it [36:07,  2.02it/s]
4498it [36:07,  2.33it/s]
4499it [36:08,  2.39it/s]
4500it [36:08,  1.94it/s]
4501it [36:09,  1.89it/s]
4502it [36:10,  1.79it/s]
4503it [36:10,  2.01it/s]
4504it [36:10,  1.96it/s]
4505it [36:11,  2.32it/s]
4506it [36:11,  2.53it/s]
4507it [36:11,  2.49it/s]
4508it [36:12,  2.76it/s]
4509it [36:12,  2.60it/s]
4510it [36:12,  2.85it/s]
4511it [36:13,  2.80it/s]
4512it [36:13,  2.94it/s]
4513it [36:13,  2.86it/s]
4514it [36:14,  3.35it/s]
4515it [36:14,  3.64it/s]
4516it [36:14,  3.31it/s]
4517it [36:15,  2.93it/s]
4518it [36:15,  2.70it/s]
4519it [36:16,  1.92it/s]
4520it [36:16,  2.12it/s]
4521it [36:17,  1.95it/s]
4522it [36:18,  1.84it/s]
4523it [36:18,  1.69it/s]
4524it [36:19,  1.65it/s]
4525it [36:20,  1.49it/s]
4526it [36:20,  1.63it/s]
4527it [36:20,  2.03it/s]
4528it [36:21,  2.50it/s]
4529it [36:21,  2.63it/s]
4530it [36:21,  2.78it/s]
4531it [36:22,  3.05it/s]
4532it [36:22,  2.76it/s]
4533it [36:22,  2.73it/s]
4534it [36:23,  2.72it/s]
4535it [36:23,  3.18it/s]
4536it [36:23,  3.25it/s]
4537it [36:24,  2.47it/s]
4538it [36:24,  2.35it/s]
4539it [36:25,  2.54it/s]
4540it [36:25,  2.95it/s]
4541it [36:25,  3.38it/s]
4542it [36:25,  2.95it/s]
4543it [36:26,  2.52it/s]
4544it [36:28,  1.08it/s]
4545it [36:28,  1.34it/s]
4546it [36:29,  1.57it/s]
4547it [36:29,  1.87it/s]
4548it [36:29,  2.25it/s]
4549it [36:30,  2.24it/s]
4550it [36:30,  2.49it/s]
4551it [36:30,  2.57it/s]
4552it [36:31,  2.69it/s]
4553it [36:31,  2.87it/s]
4554it [36:32,  1.98it/s]
4555it [36:33,  1.38it/s]
4556it [36:34,  1.47it/s]
4557it [36:34,  1.54it/s]
4558it [36:36,  1.14it/s]
4559it [36:37,  1.08s/it]
4560it [36:38,  1.10s/it]
4561it [36:39,  1.03it/s]
4562it [36:40,  1.21it/s]
4563it [36:41,  1.13it/s]
4564it [36:42,  1.05s/it]
4565it [36:43,  1.04it/s]
4566it [36:45,  1.19s/it]
4567it [36:46,  1.23s/it]
4568it [36:46,  1.04it/s]
4569it [36:47,  1.29it/s]
4570it [36:47,  1.55it/s]
4571it [36:48,  1.49it/s]
4572it [36:49,  1.16it/s]
4573it [36:49,  1.50it/s]
4574it [36:51,  1.14it/s]
4575it [36:51,  1.49it/s]
4576it [36:51,  1.78it/s]
4577it [36:51,  1.95it/s]
4578it [36:52,  2.24it/s]
4579it [36:52,  2.79it/s]
4580it [36:52,  2.75it/s]
4581it [36:53,  2.94it/s]
4582it [36:53,  2.90it/s]
4583it [36:53,  3.11it/s]
4584it [36:53,  3.43it/s]
4585it [36:54,  3.00it/s]
4586it [36:54,  3.27it/s]
4587it [36:54,  3.78it/s]
4588it [36:55,  3.67it/s]
4589it [36:55,  3.65it/s]
4590it [36:55,  3.74it/s]
4591it [36:55,  3.33it/s]
4592it [36:56,  2.53it/s]
4593it [36:56,  2.64it/s]
4594it [36:57,  3.00it/s]
4595it [36:57,  2.76it/s]
4596it [36:57,  2.64it/s]
4597it [36:58,  2.93it/s]
4598it [36:58,  3.19it/s]
4599it [36:58,  2.78it/s]
4600it [36:59,  2.61it/s]
4601it [36:59,  2.97it/s]
4602it [37:00,  2.46it/s]
4603it [37:00,  2.64it/s]
4604it [37:00,  2.74it/s]
4605it [37:01,  2.64it/s]
4606it [37:02,  1.84it/s]
4607it [37:02,  2.30it/s]
4608it [37:02,  2.65it/s]
4609it [37:02,  3.10it/s]
4610it [37:03,  2.96it/s]
4611it [37:03,  2.69it/s]
4612it [37:04,  2.49it/s]
4613it [37:04,  3.01it/s]
4614it [37:04,  3.16it/s]
4615it [37:05,  1.89it/s]
4616it [37:06,  1.63it/s]
4617it [37:06,  1.63it/s]
4618it [37:07,  1.70it/s]
4619it [37:07,  1.97it/s]
4620it [37:08,  2.30it/s]
4621it [37:08,  2.59it/s]
4622it [37:08,  2.60it/s]
4623it [37:09,  2.16it/s]
4624it [37:09,  2.20it/s]
4625it [37:10,  2.64it/s]
4626it [37:10,  3.09it/s]
4627it [37:10,  3.65it/s]
4628it [37:10,  2.96it/s]
4629it [37:11,  2.90it/s]
4630it [37:11,  2.42it/s]
4631it [37:12,  2.16it/s]
4632it [37:12,  2.03it/s]
4633it [37:13,  2.34it/s]
4634it [37:13,  2.58it/s]
4635it [37:13,  2.70it/s]
4636it [37:14,  2.87it/s]
4637it [37:14,  3.07it/s]
4638it [37:15,  2.19it/s]
4639it [37:15,  1.94it/s]
4640it [37:16,  1.49it/s]
4641it [37:18,  1.21it/s]
4642it [37:18,  1.17it/s]
4643it [37:19,  1.40it/s]
4644it [37:20,  1.42it/s]
4645it [37:20,  1.39it/s]
4646it [37:22,  1.02s/it]
4647it [37:22,  1.20it/s]
4648it [37:23,  1.13it/s]
4649it [37:24,  1.23it/s]
4650it [37:25,  1.07it/s]
4651it [37:26,  1.35it/s]
4652it [37:26,  1.57it/s]
4653it [37:26,  1.71it/s]
4654it [37:27,  1.66it/s]
4655it [37:27,  1.89it/s]
4656it [37:28,  2.34it/s]
4657it [37:28,  2.29it/s]
4658it [37:28,  2.74it/s]
4659it [37:29,  2.95it/s]
4660it [37:29,  3.47it/s]
4661it [37:29,  3.48it/s]
4662it [37:29,  3.88it/s]
4663it [37:30,  3.51it/s]
4664it [37:30,  3.15it/s]
4665it [37:30,  2.77it/s]
4666it [37:31,  2.91it/s]
4667it [37:31,  3.50it/s]
4668it [37:31,  3.46it/s]
4669it [37:31,  3.64it/s]
4670it [37:32,  3.63it/s]
4671it [37:32,  4.04it/s]
4672it [37:32,  4.07it/s]
4673it [37:33,  2.85it/s]
4674it [37:33,  2.82it/s]
4675it [37:35,  1.26it/s]
4676it [37:35,  1.57it/s]
4677it [37:35,  1.88it/s]
4678it [37:36,  2.34it/s]
4679it [37:36,  2.54it/s]
4680it [37:36,  2.68it/s]
4681it [37:37,  2.62it/s]
4682it [37:37,  2.81it/s]
4683it [37:37,  2.85it/s]
4684it [37:38,  2.71it/s]
4685it [37:38,  3.06it/s]
4686it [37:38,  2.98it/s]
4687it [37:39,  2.94it/s]
4688it [37:39,  2.53it/s]
4689it [37:39,  2.88it/s]
4690it [37:40,  3.29it/s]
4691it [37:40,  2.90it/s]
4692it [37:41,  2.54it/s]
4693it [37:41,  3.03it/s]
4694it [37:43,  1.06it/s]
4695it [37:44,  1.25it/s]
4696it [37:44,  1.54it/s]
4697it [37:44,  1.80it/s]
4698it [37:44,  2.17it/s]
4699it [37:45,  2.48it/s]
4700it [37:45,  2.76it/s]
4701it [37:45,  2.68it/s]
4702it [37:46,  2.15it/s]
4703it [37:46,  2.71it/s]
4704it [37:46,  3.13it/s]
4705it [37:47,  3.04it/s]
4706it [37:47,  3.35it/s]
4707it [37:47,  3.42it/s]
4708it [37:48,  2.11it/s]
4709it [37:49,  1.75it/s]
4710it [37:49,  1.93it/s]
4711it [37:50,  1.54it/s]
4712it [37:51,  1.80it/s]
4713it [37:51,  2.03it/s]
4714it [37:51,  2.29it/s]
4715it [37:52,  2.11it/s]
4716it [37:52,  2.43it/s]
4717it [37:53,  2.43it/s]
4718it [37:53,  2.69it/s]
4719it [37:53,  2.85it/s]
4720it [37:53,  2.95it/s]
4721it [37:54,  3.27it/s]
4722it [37:54,  2.95it/s]
4723it [37:54,  2.84it/s]
4724it [37:55,  3.10it/s]
4725it [37:55,  3.10it/s]
4726it [37:56,  2.53it/s]
4727it [37:56,  2.92it/s]
4728it [37:56,  2.68it/s]
4729it [37:57,  2.95it/s]
4730it [37:57,  3.47it/s]
4731it [37:57,  3.58it/s]
4732it [37:57,  3.15it/s]
4733it [37:58,  2.79it/s]
4734it [37:58,  3.04it/s]
4735it [38:00,  1.43it/s]
4736it [38:00,  1.53it/s]
4737it [38:01,  1.69it/s]
4738it [38:01,  1.92it/s]
4739it [38:01,  2.25it/s]
4740it [38:02,  2.39it/s]
4741it [38:02,  2.62it/s]
4742it [38:02,  2.74it/s]
4743it [38:03,  2.31it/s]
4744it [38:03,  2.61it/s]
4745it [38:03,  2.79it/s]
4746it [38:04,  2.46it/s]
4747it [38:04,  2.54it/s]
4748it [38:05,  2.34it/s]
4749it [38:05,  2.65it/s]
4750it [38:06,  2.39it/s]
4751it [38:06,  2.96it/s]
4752it [38:07,  1.98it/s]
4753it [38:07,  2.27it/s]
4754it [38:07,  2.38it/s]
4755it [38:07,  2.70it/s]
4756it [38:08,  2.74it/s]
4757it [38:08,  2.51it/s]
4758it [38:09,  2.68it/s]
4759it [38:10,  1.80it/s]
4760it [38:10,  2.05it/s]
4761it [38:10,  2.14it/s]
4762it [38:11,  2.36it/s]
4763it [38:11,  2.13it/s]
4764it [38:11,  2.69it/s]
4765it [38:12,  2.83it/s]
4766it [38:12,  3.17it/s]
4767it [38:12,  3.03it/s]
4768it [38:13,  2.73it/s]
4769it [38:13,  2.67it/s]
4770it [38:14,  2.67it/s]
4771it [38:14,  2.92it/s]
4772it [38:14,  2.71it/s]
4773it [38:15,  2.61it/s]
4774it [38:15,  2.56it/s]
4775it [38:16,  2.44it/s]
4776it [38:16,  2.38it/s]
4777it [38:16,  2.22it/s]
4778it [38:17,  2.14it/s]
4779it [38:17,  2.50it/s]
4780it [38:18,  2.62it/s]
4781it [38:18,  2.18it/s]
4782it [38:18,  2.64it/s]
4783it [38:19,  2.84it/s]
4784it [38:19,  3.12it/s]
4785it [38:19,  3.33it/s]
4786it [38:20,  2.44it/s]
4787it [38:20,  2.66it/s]
4788it [38:20,  2.76it/s]
4789it [38:21,  2.90it/s]
4790it [38:21,  2.53it/s]
4791it [38:22,  1.79it/s]
4792it [38:23,  1.73it/s]
4793it [38:23,  2.17it/s]
4794it [38:23,  2.33it/s]
4795it [38:24,  2.77it/s]
4796it [38:24,  2.67it/s]
4797it [38:25,  2.09it/s]
4798it [38:25,  2.03it/s]
4799it [38:26,  2.26it/s]
4800it [38:26,  2.56it/s]
4801it [38:26,  2.75it/s]
4802it [38:27,  2.46it/s]
4803it [38:27,  2.48it/s]
4804it [38:27,  2.80it/s]
4805it [38:28,  1.88it/s]
4806it [38:29,  1.89it/s]
4807it [38:29,  2.20it/s]
4808it [38:29,  2.50it/s]
4809it [38:30,  2.77it/s]
4810it [38:30,  2.81it/s]
4811it [38:30,  3.01it/s]
4812it [38:30,  3.52it/s]
4813it [38:31,  3.86it/s]
4814it [38:31,  2.61it/s]
4815it [38:32,  2.73it/s]
4816it [38:32,  2.93it/s]
4817it [38:32,  2.94it/s]
4818it [38:33,  2.88it/s]
4819it [38:33,  3.25it/s]
4820it [38:33,  2.73it/s]
4821it [38:34,  2.76it/s]
4822it [38:34,  2.95it/s]
4823it [38:34,  2.62it/s]
4824it [38:35,  2.80it/s]
4825it [38:35,  2.52it/s]
4826it [38:36,  2.41it/s]
4827it [38:36,  2.65it/s]
4828it [38:37,  2.03it/s]
4829it [38:37,  2.31it/s]
4830it [38:37,  2.52it/s]
4831it [38:38,  2.72it/s]
4832it [38:38,  2.78it/s]
4833it [38:38,  2.82it/s]
4834it [38:39,  2.86it/s]
4835it [38:39,  2.86it/s]
4836it [38:39,  2.75it/s]
4837it [38:40,  2.71it/s]
4838it [38:40,  2.53it/s]
4839it [38:41,  2.00it/s]
4840it [38:41,  2.28it/s]
4841it [38:42,  2.47it/s]
4842it [38:42,  2.13it/s]
4843it [38:43,  2.08it/s]
4844it [38:43,  2.02it/s]
4845it [38:44,  2.30it/s]
4846it [38:44,  2.54it/s]
4847it [38:44,  2.66it/s]
4848it [38:44,  2.77it/s]
4849it [38:45,  3.04it/s]
4850it [38:47,  1.05it/s]
4851it [38:47,  1.38it/s]
4852it [38:48,  1.41it/s]
4853it [38:48,  1.58it/s]
4854it [38:49,  1.75it/s]
4855it [38:49,  1.92it/s]
4856it [38:50,  2.28it/s]
4857it [38:50,  2.62it/s]
4858it [38:50,  2.81it/s]
4859it [38:50,  2.79it/s]
4860it [38:51,  2.83it/s]
4861it [38:51,  2.96it/s]
4862it [38:51,  3.03it/s]
4863it [38:52,  2.73it/s]
4864it [38:52,  2.87it/s]
4865it [38:53,  2.48it/s]
4866it [38:53,  2.66it/s]
4867it [38:53,  2.65it/s]
4868it [38:54,  2.50it/s]
4869it [38:54,  2.65it/s]
4870it [38:54,  2.78it/s]
4871it [38:55,  2.52it/s]
4872it [38:55,  2.64it/s]
4873it [38:56,  3.07it/s]
4874it [38:56,  3.11it/s]
4875it [38:56,  3.47it/s]
4876it [38:56,  3.35it/s]
4877it [38:57,  3.27it/s]
4878it [38:57,  3.22it/s]
4879it [38:57,  3.78it/s]
4880it [38:57,  3.72it/s]
4881it [38:58,  3.21it/s]
4882it [38:58,  3.31it/s]
4883it [38:58,  3.23it/s]
4884it [38:59,  2.87it/s]
4885it [38:59,  3.34it/s]
4886it [38:59,  3.63it/s]
4887it [39:00,  3.79it/s]
4888it [39:00,  3.43it/s]
4889it [39:00,  3.65it/s]
4890it [39:01,  2.60it/s]
4891it [39:01,  2.88it/s]
4892it [39:01,  3.40it/s]
4893it [39:01,  3.43it/s]
4894it [39:02,  3.92it/s]
4895it [39:02,  3.27it/s]
4896it [39:02,  3.02it/s]
4897it [39:03,  2.95it/s]
4898it [39:03,  2.55it/s]
4899it [39:04,  2.98it/s]
4900it [39:04,  2.88it/s]
4901it [39:04,  3.17it/s]
4902it [39:04,  3.10it/s]
4903it [39:05,  2.80it/s]
4904it [39:05,  3.24it/s]
4905it [39:05,  3.24it/s]
4906it [39:06,  3.72it/s]
4907it [39:06,  3.50it/s]
4908it [39:06,  3.17it/s]
4909it [39:07,  2.63it/s]
4910it [39:07,  2.28it/s]
4911it [39:08,  2.48it/s]
4912it [39:08,  2.12it/s]
4913it [39:09,  2.40it/s]
4914it [39:10,  1.67it/s]
4915it [39:10,  1.75it/s]
4916it [39:11,  1.89it/s]
4917it [39:11,  2.04it/s]
4918it [39:11,  2.14it/s]
4919it [39:12,  2.49it/s]
4920it [39:12,  2.02it/s]
4921it [39:13,  2.17it/s]
4922it [39:14,  1.85it/s]
4923it [39:15,  1.06it/s]
4924it [39:16,  1.31it/s]
4925it [39:16,  1.43it/s]
4926it [39:17,  1.59it/s]
4927it [39:17,  1.81it/s]
4928it [39:17,  2.05it/s]
4929it [39:18,  1.95it/s]
4930it [39:18,  2.11it/s]
4931it [39:19,  2.45it/s]
4932it [39:19,  2.85it/s]
4933it [39:19,  2.95it/s]
4934it [39:20,  2.68it/s]
4935it [39:20,  2.62it/s]
4936it [39:20,  3.10it/s]
4937it [39:21,  2.25it/s]
4938it [39:22,  1.54it/s]
4939it [39:23,  1.45it/s]
4940it [39:23,  1.60it/s]
4941it [39:24,  1.68it/s]
4942it [39:24,  1.95it/s]
4943it [39:25,  1.91it/s]
4944it [39:25,  2.13it/s]
4945it [39:28,  1.24s/it]
4946it [39:28,  1.11it/s]
4947it [39:29,  1.38it/s]
4948it [39:29,  1.68it/s]
4949it [39:29,  1.98it/s]
4950it [39:30,  2.04it/s]
4951it [39:30,  2.40it/s]
4952it [39:30,  2.58it/s]
4953it [39:30,  2.88it/s]
4954it [39:31,  3.21it/s]
4955it [39:31,  3.21it/s]
4956it [39:31,  3.14it/s]
4957it [39:33,  1.57it/s]
4958it [39:33,  1.85it/s]
4959it [39:33,  1.93it/s]
4960it [39:34,  2.12it/s]
4961it [39:34,  2.55it/s]
4962it [39:34,  2.67it/s]
4963it [39:35,  2.80it/s]
4964it [39:35,  2.72it/s]
4965it [39:36,  2.54it/s]
4966it [39:36,  2.43it/s]
4967it [39:36,  2.61it/s]
4968it [39:36,  3.09it/s]
4969it [39:37,  3.41it/s]
4970it [39:37,  3.37it/s]
4971it [39:37,  3.13it/s]
4972it [39:38,  2.84it/s]
4973it [39:38,  3.00it/s]
4974it [39:38,  3.04it/s]
4975it [39:39,  3.26it/s]
4976it [39:39,  3.56it/s]
4977it [39:39,  3.03it/s]
4978it [39:40,  3.37it/s]
4979it [39:40,  2.68it/s]
4980it [39:41,  1.99it/s]
4981it [39:41,  2.43it/s]
4982it [39:41,  2.62it/s]
4983it [39:42,  2.65it/s]
4984it [39:42,  2.23it/s]
4985it [39:43,  2.55it/s]
4986it [39:43,  2.11it/s]
4987it [39:43,  2.67it/s]
4988it [39:44,  2.66it/s]
4989it [39:44,  2.87it/s]
4990it [39:44,  3.27it/s]
4991it [39:45,  3.23it/s]
4992it [39:45,  3.42it/s]
4993it [39:45,  3.77it/s]
4994it [39:45,  3.68it/s]
4995it [39:46,  3.20it/s]
4996it [39:46,  3.63it/s]
4997it [39:46,  3.52it/s]
4998it [39:47,  3.24it/s]
4999it [39:47,  3.21it/s]
5000it [39:47,  3.25it/s]
5000it [39:47,  2.09it/s]
[2025-11-05 16:10:18] Wrote 5000 lines to ./out_put/output_task2.txt
[2025-11-05 16:10:18] Translation completed in 2387.82 seconds
translations: ['you, a tough child from Kwangtung?', 'the child whose ancestors hung in the bases above the gaps in Sierras and pushed the dynamite into the hills of the rock?', 'I just want you to turn in a fly on the wall.', 'your ancestors now turn in the graves.', "you're too pressing on me.", "I'm not a slave. I'm not a slave.", 'I conquered as a security guard.', 'I conquered with a choptering.', 'I send the house a little bit of money.', " ⁇ as I don't eat.", ' ⁇ asto is evil.', "if I die, I'm fucked up in my ass.", 'my family will be fucked in my ass.', 'that? And what, for???', 'what do you mean? What do you mean? What do you mean?', ', however, none of the interested parties submitted an alternative.', 'the revision is based on the adjusted capacity data provided by the applicant and covering the entire Union industry.', 'ised data are provided with reference to publicly available data relating to, in particular, unused capacity and capacity of producers who stopped operating due to financial difficulties.', 'as explained above in Section 6 ‘Macroeconomic indicators’, revised data provide a much more accurate capacity data available for the production of biodiesel during the period considered than the data originally provided and published in the provisional Regulation.', '. Each errors every error. Each error message is missing.', "you know what it's like? Do you know what it is?", "for heavy sins you're supposed to be a lot of sin.", 'for light sins you can scarcely.', ', do you understand? Do you understand?', 'that man killed a boy and I helped him.', 'I was happy. I was happy.', "I'm sorry.", 'you have to go to work! You have to go to work!', ': Geum-jao, what do those eye shadows mean?', ', you know why those kids...', '. Hey! Hey! Hey!!!!!!', "here's another one! Here's another here!", 'o? Hello??', '[5] Communication from the Commission to the European Parliament, the Council, the European Economic and Social Committee and the Committee of the Regions: Digital Agenda for Europe, COM(2010) 245 final, 28.8.2010.', 'in Europe Erasmus and the Leonardo da Vinci European Commission Homepage News Transport and travel Energics and natural resources of the EU economy, finance and taxes Culture, education and youth Business Regions and local development Justice and civil rights Science and technology EU border policy Employment and social rights Agriculture, fisheries and food Environment, consumer protection and health Study and trainees abroad?', "Yo, you don't want to see the cellar, shit.", 'this? Did you make it clear to you?', "now you'll get out of here.", 'the house is not for sale.', 'what was it? So what was it? What was it?', '... was it... experience? Was it... experience?', '. Yeah. Yeah. Yeah. Yeah. Yeah.', 'ably it was the experience of experience.', "what's the smell? What's that smell?", '. Yeah. Yeah. Yeah. Yeah. Yeah.', 'this is... secret Navai flowers and...', ', hey, is everything okay? Is everything okay?', '. No. No. No. no.', ', neither, nor did it.', ', actually, not even at all.', ': Application of EU legislation Answer from the Council (3 November 2009)', 'it was only a test...', 'Samah stared at Xara with his wrinkled light in his eyes.', '. That was all that was all.', 'ular test.', 'should have taught you humility and patience.', 'this was to mitigate your aggressiveness...', 'to weaken us," Xar said quietly.', ', yes," Samah said, slowly bending his head.', 'you\'ll weaken you."', 'you were afraid of us."', ', we were afraid of you."We were afraid of you."', 'you hoped to die..."', '.No. "No."', 'Samah shook his head.', 'Labyrint became the impression of this hope.', 'there is nothing bigger or older than the universe.', 'I would like to talk about the following questions:', "we're in the universe alone?", 'Article 46 EC and 55 EC do not preclude Articles 43 EC and 49 EC by restricting justified grounds for public health.', "I'm telling what I've heard.", 'it was also the other cops.', ', that means that after me, the Ko ⁇ ar will go after me.', '. Damn it. Damn it.', "it's for the shit. It's for the shit.", "I don't have to do with Freeb what to do, just help you. And nobody knows it, except the cops.", 'it up to me? Did they shift it to me?', '. Anyone has someone. Each one has someone.', '. Do you want me to leave? Do you want me to leave?', "that you told me I'm going to go, - they won't help.", "I'm going to go for it. I'm going to take it away.", '. So, so I should go. So I should go. So I should go. So I should go. So I should go.', 'the glory.', 'you look forward to your language.', 'Naser, Naser.', 'here! Come here to sit down here!', "I don't have time. I don't have time.", 'here! Come with me! Come with me!', 'you will eat then.', ". Let's go! Let's go!", 'me, or I will give you sexes.', ", Oswald, look who's here!", ', no one can walk behind him.', 'how? But how? But how? But how?', 'what are you doing here? What are you doing here?', 'I will teach you to listen to you! I will teach you!', '. out! Out!! Outside!!', "always, he's always standing up.", 'where is Dana? Where is Dana? Where is Dana?', "it's on the roof. It's on the roof.", 'right, stay there.', 'again, repeat that address.', 'for me and this flying down!', 'this key! Give me the key! Give me the key!', 'him down, I swear!', 'this key. Give me the key.', '. Well, baby, baby.', 'this key and nothing happens to you. Give me the key and nothing happens to you.', 'I give you my word! I give you my word!', ', neither accident, you magore!', '. Help! Help!!! Help!', '. Help! Help!!! Help!', '. Please help me! Someone! Help me!', 'my father. My father, my father.', 'it sounds beautifully.', 'what is it? What is it? What is it?', 'the love song that my people sang.', 'and somebody sang it to you? And somebody sang it to you?', '. All of them, all of them.', 'the beautiful Rebek, the Royal Corza, so they told me!', 'the boys shaved more thoroughly in Thursday, because they knew that the day I walked through the main street.', 'I walked from the home of mother Tereza to the operated River Zorby.', 'and then back again, and then back again.', 'there you met him there? There you met him?', '. No. No. No. no.', 'that was right behind the corner.', ', at that time people had not come among themselves.', 'Abner Marsh said to them.', '"You shut the window, damn, you hear?', 'inside there must be no light inside."', '. I like the challenges I love calling.', "I didn't mean it, so I didn't mean it.", "if you don't know what you think, don't say anything about it.", 'the assessment begins tomorrow morning.', 'before I come, you prepare traditional meals.', 'you never told me that your wife was against marriage.', 'Sirella is a woman with strong conviction.', 'believes that the link of our family with foreigners will lose our identity as Klingoni.', 'this is a presumed and xenophobic opinion.', '. We are Klingoni, Worfe.', 'we do not accept foreign culture, we conquer them.', 'who wants to join us must honour our tradition and prove that it is worth carrying the character of the great house.', 'Jadzia is worthy.', 'this is a honorary woman and a big fighter.', 'the prohibition referred to in paragraph 2 does not constitute any liability of natural or legal persons, entities and bodies which have provided funds or economic resources, provided they do not know and have no reason to assume that the prohibition infringes its conduct.', 'Article 3 3 1.', 'Article 2(2) shall not apply to the signing of frozen accounts:', 'Gilles Caulier Gilles Caulier, Gilles Caulier, the Gilles Caulier Caulier', ': Developer Developer Developer', 'tools tools, tools, tools, tools, which are installed and/or, are used in the case of an instrument.', 'the main toolbar toolbar, the main toolbar, and the main toolbar, and the main toolbar, and the main toolbar, and the main toolbar.', "the temporary panorama file doesn't exist.", 'the current project file does not exist. The current project file does not exist.', 'the PTO file has already been created in the temporary directory.', 'PTO files cannot be created in the temporary directory of the PTO file.', 'failure to process the file.', ': Operation cancelled.', 'the image creation of Tiff failed.', 'Raw failed to transfer the Raw file.', 'cancer, colorectal carcinoma and breast cancer In monotherapy capecitabine in adjuvant treatment of fat intestinal cancer, in the treatment of metastatic colorectal carcinoma or locally advanced or metastatic breast carcinoma, the initial dose of 1250 mg/m2 administered twice daily (translated and evening; this corresponds to the total daily dose of 2500 mg/m2) for 14 days with the following 7-day stop without dose.', 'patients with a fat intestinal cancer of 6 months should be recommended when adjuvant therapy treatment with dye III patients.', 'therapy Karcinoma fat intestinal, colorectal cancer and stomach cancer When combined treatment, the recommended starting dose of capecitabine should be reduced to 800 to 1000 mg/m2 when administered twice daily for 14 days followed by 7 days or 625 mg/m2 twice daily at continuous administration (see section 5.1).', 'in combination with irinotecan, the recommended initial dose of 800 mg/m2 is recommended for 2x daily for 14 days followed by 7 days, irinotecan is administered at 200 mg/m2 at day 1.', 'the adding of bevacizumab into the combined mode of introduction of capecitabine does not affect capecitabine.', 'data on cisplatin should be administered in patients receiving capecitabine in combination with cisplatin prior to initiation of cisplatin treatment with adequate hydration and premedication of antemetics.', 'therapy with capecitabine plus oxaliplatin is recommended by premedication of antemetics according to the Summary of Product Characteristics for oxaliplatin.', 'therapy for patients with fatty intestinal cancer III is recommended in the duration of 6 months.', 'breast cancer In combination with docetaxel, the initial dose of capecitabine is recommended in the treatment of metastatic breast cancer of 1250 mg/m2 twice daily for 14 days with the following 7-day stop without dose, docetaxel is administered at 75 mg/m2 as intravenous infusion lasting 1 hour every 3 weeks.', 'patients taking capecitabine in combination with docetaxel should be given premedication of oral corticosteroids, e.g. dexamethasone, according to the instructions set out in the docetaxel Summary.', 'the calculation of the Capecitabine Teva dose calculation of the Capecitabine Teva dose calculation', 'the body at the initial dose of 1250 mg/m2', ', after all, this afternoon he was in Paris, tried to kill time and waited for a meeting with a former colleague from DGSE.', '. "So it\'s already decided when?"', '"Yes, the date is already given, Dmitriji."', '. "So who I should go and call to call us a meeting."', ', "Do you have to meet him personally?" the American asked, according to Popov’s opinion, rather stupid.', 'ly laughed slightly.', '"Dear friend, of course, personally.', 'these things can not be dealt with by fax."', '. "That\'s risky."', '. "Only, just slightly.', 'this meeting will take place at a safe place.', 'what is it in his mouth? What is it in his mouth?', 'the transferable transponder.', 'to not recognize that message from the aircraft.', "it's good. It's good. It's good. It's a good one. It's good.", 'that boy loves Halloween.', 'that unsustainable.', 'how long did you plan it? How long did you plan this?', 'the moon.', ", what's the 12-year-old?", "Michael, I don't understand your pleasure, which you are located in the heart of you.", 'for Halloween people should fear each other.', ", but you didn't give them the opportunity to negotiate (ang.: punish).", 'Halloween is his favorite holiday, Kitte.', 'what is your favorite holiday, Saro?', ': Ireland and combustion of waste Answer from the Commission (14 April 2008)', 'the third question concerns the attributability of negotiations.', 'this question is essentially to see whether the Commission could legitimately attribute liability for infringement committed by another undertaking on the basis of a unilateral declaration issued by TKS.', ', moreover, I want to state that the public authority, such as the Commission, whose role is to monitor the application of the principles set out in Article 81 EC, cannot derogate from the rules and principles relating to the attribability of negotiations on the basis of specific agreements concluded between undertakings.', "this way, let's go. So let's go.", 'well, living and healthy.', 'here. So here. So here.', 'when you talk about live and healthy, how is Comet on it?', "that car, don't worry about the car, yeah?", 'now worry about your things.', "now, I won't tell you twice.", "you don't approach her.", '. Holding away from it.', 'now he just said it twice.', ', no, it was once for everyone.', '. Well, okay, okay.', "you don't forget, you're with kids' first training yourself today.", "you'll work to stay in a disturbance.", '. Nothing smoked.', ', what would I have done, kidnapped them?', 'in the supply of supplies.', "this way, let's go. So let's go.", 'you all said the right to the ticket.', 'that tickets are quite indefinite.', 'measures to avoid fraud and irregularities The ICAC ensures that OLAF (European Anti-Fraud Office) or other financial services shall make available to the book in order to carry out auditing or control if requested by the Commission.', 'the ICAC is committed to ensuring that inspections, investigations or visits in their premises.', "I'm not real. I'm not real. I'm not real.", ', my God, my God.', ', did you call the police at the police?', "you'll see.", 'this is vomiting.', "you tell me it's some special effect.", "I'm alive. I'm alive.", "I'm okay. I'm okay. I'm okay.", "I'm okay. I'm okay. I'm okay.", 'what the fuck is it? What the fuck is that?', "that's exactly what I said. I said too.", 'perhaps that miracles are not just in Lourdes.', "it's a chance that you should be interested in examining this?", 'you have anything else, except that recording?', 'only the return address on the envelope.', ', Hey, it was a super idea of poor.', 'you better take the car from here quickly or take it away the ash.', '. Ha. Ha, really funny.', "I can't go, go behind him and say that I'm sorry.", ', yeah, I could think, just if I opened the door.', "I can't lose, it's just Brouk.", ': God, Kevin, Kevin, Kevin, Kevin!', 'Kevin, Kevin, Kevin!', 'Magg, what are you doing again?', 'Kevin, Kevin, Kevin!', 'what are you trying to do with the stupid car!?', "I thought you didn't want to race anymore.", 'that was incredible! That was incredible!', 'now the riders sat and sat in the circle around two officers.', 'Johnus wished to have a telescope, and he could see them close.', 'that one of the officers seemed to hold a pistol in his hand and the headed in his mouth.', 'pistol crackled up to him and Johnus watched the officer collapsed on the side.', 'Johnus joined Gambion.', '. Nothing. Nothing.', ", so you're looking around the city over the day?", ', does it not lead to channels or something like that?', "you're showing me this?", '. No. No. No. no.', 'why are you... why are you...? Why are you...?', 'Buffy knows that you are here?', '. Yeah, yeah, yeah, yeah, clearly.', 'nothing would love her more than the findings that I spend time in the vampire dupatists.', 'especially in your place.', 'this way, go home and go home.', ", but here the hell you can't stay here. But here the hell you can't stay here.", "why not? Why aren't you? Why aren't you? Why aren't you?", 'because I have something to do with the job.', ', bad things!', 'Ethanol content and sodium This medicinal product contains a small amount of ethanol (alcohol), less than 100 mg in one 17 ml vial.', 'that medicinal product contains less than 23 mg of sodium in one 17 ml vial, i.e. is essentially “free sodium”.', 'to create random texture in the form of clouds in the form of clouds in the form of clouds', 'to create random plasma texture, creating a random plasma texture texture, which is to be created by accidental plasma texture', 'to create _archiv _archiv', 'to create archive...', 'to create archive...', 'to create archive creation archive archive', '. Create AR code code AR code Codes', 'creation of a media to restore the operational system operating system for the restoration of the operating system', 'to create an object of the rectangular object', 'to create a rectangular trace to create a rectangular trace of the rectangular trace of the rectangular trace of the rectangular trace', 'to create a rectangular trace with the curved edge of the narrowed edge of the edge of the rectangular trace with the curved edge of the edge', 'to create a recurrent transition from pallets colours of pallets, creating a recurrent transition from pallets colours of pallets, creating a recurrent switch from pallets colours of pallets', 'arguments of the ceate must be the positive integer of the total number of numbers.', 'to create a root offer "Ak_ce-Nautilus" "Ak_ce-Nautilus"', '. "Barbarers," he said.', "it didn't matter, and why should it be?", "everything he'd ever dreamed was here, in Krystal-Tirith, and he had no desire to travel somewhere.", '.No desire if it was only after his will.', 'Crenshinibon was a relic which was indeed alive in its magic.', ', and the part of her life was occupied by the desire for the time and control.', '. She wanted more. She wanted more.', '. She wanted power. She wanted power.', "Akar noticed smoke and remembered Desetimast, woke up her hunger and now Kessella's strong sugestive power.", 'the depth of his mind was a sudden impulsive idea.', 'he saw himself sitting on the throne of Bryn Shander, wrapped in the wealth and the entire courtyard clung him.', 'Dendybara and Dendybara, to hear about Akara Kessell, the Lord of Desetimist and the rulers of the whole Glass wind!', ', if they offer him a coexistent order?', ', although Kessella really enjoyed a lunatic life, this thought was fond of him.', 'izing his fantasy, examining the tracelets that could achieve so demanding targets.', 'the main objective of the European Innovation Partnership (EIP) in active and healthy ageing is to increase by 2020 the average length of healthy life in the EU by two years.', 'the partnership seeks to improve the quality of life of older citizens and more effective healthcare solutions.', 'the use of innovation in a larger scale than now, in such areas such as health promotion, prevention, early diagnosis and treatment, integrated health and social care systems based on cooperation, as well as assistant technology.', 'the Commission will analyse the consultation to obtain a clear view of the potential and capacity of innovation in different areas that have an impact on ageing at this time.', ', on the basis of these answers, the next procedure in the European Innovation Partnership is planned.', 'the online consultation also takes place with the European Partnership Conference for Innovation on active and healthy ageing, which is held in Brussels today.', 'more than 150 stakeholder representatives discusses its views how to transform partnerships to specific actions.', 'of the European Partnership for Innovation in the field of active and healthy ageing is part of the EU\'s strategy "Innovation", which is one of the flagship initiatives of the Europe 2020 strategy aimed at changing ideas in jobs, environmental growth and social progress (IP/10/1288).', ': enabling Europe to achieve scientific results at global level, to change the way of cooperation between the public and private sectors, in particular through innovation partnerships, and remove obstacles (such as cost patents, market fragmentation, slow implementation of standards and insufficient qualification) currently preventing rapid penetration of ideas on the market.', 'this corresponds to the objectives of the Digital Agenda for Europe, which is fully exploited the potential of ICT and promote prosperity and improve the quality of life (see IP/10/581, MEMO/10/199 and MEMO/10/200).', "it's my mother! It's my mother! It's my mother!", ', could it not be both?', ', Mom, are you okay? Mom, are you okay?', "Mr Pegasi, I'm very sorry. - I'm not sorry.", "I don't know how I apologize, Mrs.... ...Pegasus.", 'in the cold. Two:', 'the wheels, pull the bike." OK.', 'Dad, hurry up.', '. Yeah, yeah, yeah, yeah, yeah.', '. Well, well, well.', ', by decision of 26 October 2004, the Minister rejected that complaint.', "you can't survive more than a few hours without the case.", "this is the father's right to the father's right.", "what will be with you, Teal'c?", 'sorry, my son, for what I have to do to you.', ', but I do it to save your life.', 'how much more people have left to keep alive?', ', Dennis, what about this. When do you need them?', "you don't want to go through the beach now, Vinci?", "I'd like to love this very much. I'd like to love it.", "this is my man. This is my man. It's my man.", 'Margery and I thought we could throw it a little bit.', 'I thought I reminded you a friend of your son.', ", yeah, which I always wanted to fuck. That's how you're fucking ass.", 'abilities should be reinforced by initiatives aimed at regional cooperation in nutrition matters.', 'arisation of EU intervention The EU approach to food security in developing countries must be based on the principles of the Paris Declaration on the effectiveness of assistance, the Action Programme from Akkkry and the EU Code of EU rules as regards the development policy works.', 'the EU and the Member States should identify regions and countries in relation to which they should split work and coordinate their activities under the guidance of a particular main donor.', 'EU and Member States have several political frameworks and financial instruments available to partner countries help address food security problems.', 'greater effectiveness of their measures should help to improve policy harmonisation, more tightening of instruments and coordination with private investors.', 'ability of policies in favour of development[26] in food security will be developed through a range of political instruments including agriculture, trade, fishing, combating climate change, environmental protection and research.', 'this coherence has been strengthened by reform of the common agricultural policy and future reforms will take into account global food security objectives.', 'the future reform of the Common Fisheries Policy will further increase the coherence of European fisheries policies in the fisheries sector and fisheries methods, on the one hand, and developing objectives on the other.', ', not least, the achievement of the balanced, comprehensive and ambitious results of the development programme of Doha has strengthened the international business system, which would have a positive impact on food security.', "to improve the coherence of the EU's international management system and Member States should better align the way food security is managed in the international scale and to support the accelerated reform of the Committee on food security in the world (CFS), which is the central authority in that area.", '-formed committee should seek to pursue supervisory powers in other specific areas that concern food security, e.g. food aid and nutrition.', 'needs to be further vulnerable to the priorities of the three UN agencies established in Rome (FAO, WFP, IFAD) and in the interests of synergy, their mutual cooperation should be improved.', 'the UN system reform and ongoing review of the role and priorities of the FAO are opportunities for improving quality and efficiency.', 'fucking hippiesa ⁇ ka!', 'that was enough! That was enough!', 'you remember how we jumped from the rail bridge to the lake?', 'that was a larger egg.', "you've always pushed me there without warning.", '. Yeah, yeah, yeah, yeah, yeah.', ', do it! Do it!!', '. Hold on, Dane.', ", and it's the one. And it's the one. And it's the one. And it's the one. And it's the one.", 'I killed your grandmother?', 'where do all these leisure? Where do they take all the leisure?', 'you catch him, Elwood.', ': THE EUROPEAN COMMISSION IMPLEMENTATION OF THE EUROPEAN COMMISSION, THE EUROPEAN COMMISSION, THE COMMISSION, THE EUROPEAN COMMISSION, THE EUROPEAN COMMISSION, THE EUROPEAN COMMISSION, Having regard to THE EUROPEAN COMMISSION, THE EUROPEAN COMMISSION, THE EUROPEAN COMMISSION, THE EUROPEAN COMMISSION IMPLEMENTATION', '. TISKING REQUIREMENTS OF THE PROPOSAL OF THE PROPOSAL OF THE PROPOSAL OF THE PROPOSAL OF THE PROPOSAL PROPOSAL PROPOSALS', ': Brussels, 16 December 2013 Brussels, Brussels, 16 December 2013 on 16 December 2013 the Brussels of 16 December 2013 onwards, Brussels, 16 December 2013 and 16 December 2013', 'today, the European Commission approved the ‘Shift2Rail’ initiative – a new public and private partnership, investing almost EUR 1 billion in research and innovation in order to get more passengers and goods on European rail.', 'the rails include the most efficient and environmentally-friendly transport modes, but at present, only 10% of freight and 6% of passengers in the EU.', 'Cuneo – Rome and back;', 'data are not available because the part of catches had travelled after quarantine elsewhere, but it is the fact that young nasoros in Dvo ⁇ í Králové were well acclimatized.', 'I saw you in the gym. I saw you in the gym.', 'I voted so because the police are unnecessary.', 'everything is more complicated out outside.', 'my brother was shot at the daily light.', 'the police had spent time.', 'she caught some people and identified them.', 'I said to them in the face: I told them:', '. “They are they.” They arrest them for murder.', ', but after three months, they were released.', 'me and they found me, too.', 'who gave them my address? Who gave them my address?', 'three ribs, the key bones, and all fingers on this hand.', 'my retirement was infringed.', 'Fialka, Mushkate, Orchid...', 'well, we need more people in the morning group, but we need more people in the morning group.', 'the knights bowed.', '"And this is Tanis P ⁇ lf, our leader," said Sturm.', 'when I fell deeply in love with my long-term friend Penny...', "that's her. It's her. She's her.", 'a little silent nerdka.', 'she stopped me from this homeless affair... which is terrible.', "I realized that I'm not the only hero in the room tonight.", 'what are we going to do? What are we doing?', "the graves, let's get the fingerprints... and the court doesn't care?", ', and who murdered, winning.', 'this is not a competition. This is not a competition.', 'is not about winning.', 'the courts are like bones.', "what goes on one week, doesn't need to go next.", 'I know it. I know it. I know. I know.', "that I know it. It's me that I know.", 'if you have anger, then they won it.', ", he told himself... he'd said...", ', Gunner. Well, Gunner.', '(CPC 7472)', 'vessels relating to fishing effort limits Member State shall not authorise hunting facilities falling within one of the groups of fishing gear defined in point 3, in the area of any vessel which, in 2001, 2002, 2003, 2004, 2005 or 2006, did not show any fishing activity in this area, with the exclusion of fishing activities due to the transfer of days between fishing vessels unless it ensures that equivalent capacity measured in kilowates must not fish in that area.', 'the navigation record of the use of equipment belonging to one of the groups of fishing equipment defined in point 3, but may be authorised to use other fishing facilities provided that the number of days allocated to this second device is at least equal to the number of days allocated to the first installation.', 'the vessel flying the flag of a Member State which does not have quotas defined in point 1, shall not fish in this area with the use of equipment belonging to one of the groups of fishing equipment defined in point 3 if the quota is not allocated on the basis of the transfer in accordance with Article 20(5) of Regulation (EC) No 2371/2002 and if it is not allocated days at sea under point 13 of this Annex.', 'the effect of this device should be taken into account in vehicles with the axle duplication facilities.', 'the weight corresponding to the maximum permissible static vertical load on the surface of the vehicle, the design and axle of the vehicle and the axle manufacturer.', ': weight corresponding to the maximum permissible static vertical load on the vehicle surface, the vehicle structure and the axle group and the vehicle manufacturer.', ': the total load operating on the surface of the car axle/loaded vehicles / towed vehicles.', '2.6 ‘Maximum technically permissible mass (TM)’: the maximum trailer shall mean the maximum weight of that manufacturer.', ': weight corresponding to the maximum permissible static vertical load in the vehicle shall mean the weight corresponding to the maximum permissible static vertical load in the concentration, the vehicle design and/or the coupling device and that manufacturer.', '2.8 ‘Maximum permissible mass of loaded driving (MC)’: the total weight of the vehicle and trail/double of the manufacturer.', ', it is not necessary for the question to be raised by the parties themselves; the national judge may also lay down without a proposal.', 'for a preliminary ruling on the interpretation of each court in question has the power to refer the Court to the interpretation of the rules of Community law if it considers it necessary to resolve the dispute before it.', ', contrary to the court whose decision cannot be challenged by remedies under national law, it is essentially obliged to submit such a question to the Court unless there is a case-law in that area (and any new framework does not establish actual doubts as to the possibility of applying that case-law) or is the correct way of interpretation of Community rules.', 'the Court of First Instance, whose decision may be challenged by remedies, so it may, in particular where the case-law of the Court is sufficiently clarified on the basis of the case-law of the Court, decide itself on the correct interpretation of Community law and its application on the facts made.', 'for a preliminary ruling, however, a request for a preliminary ruling may show, in the appropriate stage of the procedure, as regards a new issue of interpretation of a general meaning for the uniform application of Community law in the Union or if the current case-law does not appear to be applicable to a full new factual framework.', 'the national court is to explain what the requested interpretation is necessary to order its judgment.', 'for a preliminary ruling on the validity of the national courts, the application for a preliminary ruling on the validity of the national courts shall be entitled to declare the Community act as invalid falls within the exclusive competence of the Court of Justice.', ', each national court must therefore refer to the Court a reference for a preliminary ruling if it has doubts as to the validity of the Community measure, with the indication of the reasons for which it considers that the Community act could be invalidity.', ', however, if the national court has serious doubts as to the validity of the Community measure on which national act is based, it may exceptionally suspend the transposition of the latter act or take any other interim measures in that regard.', 'is then required to ask the question relating to the validity of the Court and to state reasons why the Community act is not valid.', ', at the time of application for a preliminary ruling, the national court may lodge a reference for a preliminary ruling from the Court as soon as it finds that the decision on the question or questions of interpretation or validity is necessary to give judgment; it is a national court which may best be assessed in what stage of the procedure is such an application.', ', however, it is desirable that the decision to refer for a preliminary ruling is adopted in the stage of the procedure where the judge is able to define the facts and legal framework of the problem so that the Court has all the information necessary, where appropriate, to verify that Community law applicable in the main proceedings is applicable.', 'wise, it may also appear in the interests of sound administration of justice in order to provide the question referred to in the contradictory discussion of the case.', ', in the form of a reference for a preliminary ruling, the decision on a preliminary ruling by the Court of Justice may be adopted in any form which the national law admits in the case of procedural questions.', ', however, it must be considered that this document which is the basis for the proceedings before the Court of Justice and that the Court must have the knowledge available to it by allowing the national court to provide a useful response.', '. Bloody Holly, who resembles a group.', '. A, whow, penetrates a blockade of graceful skating backward.', '"I see you\'re studying the theory, Fred.', 'that I like it. I like this.', ', finally, he turned to the cabinet Corporate Corporate.', 'him as a coat, he watched him as a cut.', 'the scrubbed door opened with a glittering opening.', 'all the neck reached out. All the necks reached.', 'Rawlingsi, please.', '"If I don\'t come back for me, I will not be very important for me.', "how it's going to be.", 'I am not believers, and I do not worry about a spectacular ceremony.', 'this thing around Porter..I hope that the ceremony is involved in this ceremony.', '. Many happiness to you all.', "now we're guessing... ...but then we'll have a baby.", 'you think about me?', 'here and there, and there.', '. Yeah. Yeah. Yeah. Yeah. Yeah.', 'you saw newspaper? Did you see the newspaper?', 'I remember the time when your second name was the danger. Oh, Jimmy.', 'your wife... ...is in the vault... my wife is in the vault?', 'it would be outside the bowl if I asked you at this important moment... ...who are you and what do you do in my house?', '... ...was my son. Oh, no, no, no, no.', ', no, I know what you think about.', 'right, you know where this is going? no, no, no, no, no, no, no, no, no, no, no, no.', 'this will be about five minutes.', '. Maybe 1 0.10. Maybe 1 0.', '. V ⁇ tebrinka.', 'the better than you waited.', 'I was afraid of you from the beginning of the beginning.', 'that is why I came to the transition.', 'lunch!', 'almost as a picnic, right?', "you don't mind if I put it in place?", 'you know, Max. I should talk to you some things. I should talk to you.', 'the hole in the box.', 'the holes that were made from inside.', '. Oh, Mullene! Oh, Mullene!', ', yes, sir?', 'you could, from the old knowledge, refuel into my car petrol?', 'is almost empty. It is almost empty.', '. Surely, sir. Sure, sir.', ', and Mullene? Close the door.', 'the Commission may invite the customs authorities to take appropriate measures to establish such a customs registration of imports in order to subsequently be introduced against imported products from the date of the customs register.’', "something big, but you didn't hear it from us.", '. Thank you for coming. Thank you for coming.', ", and this is Laura, I don't know how to continue.", 'I am happy to recognize you. I love to meet you.', 'she wanted to discuss the rescue of 4,000 square miles of untouched Amazonian forest.', ', but it is itself an irrelevant number in view of the positive impact on the planet which would be less likely to be.', "that's fine, and I'm very glad.", 'my foundation now restores the coral cliffs.', 'the sharks? Or does it save sharks?', "it's fine, both is great.", ', but I need to talk to the Minister.', 'how do you want to win Nobel when you work with Chip Harding?', 'Chip wants to look forward to it, right?', 'Russellle? Russellle?', 'in the night of the murder was sneak from the house.', 'ly.', 'then we have drug accusations. We found 10 kilograms in the house. In the house we found 10 kilos of drugs. We found 10 kilograms.', 'your client avoided arrest. Your client avoided arrest.', 'this is disputed. It is disputed.', 'Drugs were not visible, there were no grounds to penetrate the house.', '. We have Bodena I Essex in custody.', "I'm sorry, but it won't be possible.", 'I think the identification is a loss of time.', '. Identification could benefit her memory.', 'you asked her to walk downstairs?', 'that is unacceptable. This is unacceptable.', '. No, baby, baby.', 'what base in Manama? What about the base in Manama?', "I don't know what you've done there, but it took it.", 'ly stronger!!', 'the door open, open the door!', '.Courtney? Courtney?', '.Courtney? Courtney?', '.Courtney? Courtney?', "what's the problem? What's the problem?", "here, no one is here. We'll come back home. We'll be back home.", "I don't understand. Maybe the party takes place somewhere else.", 'we attack on the refrigerator.', 'the Treaty on the Functioning of the European Union, and in particular Article 224 thereof.', ': Regulation (EC) No 2004/2003 of the European Parliament and of the Council of 4 November 2003 concerning the Statute and financing of political parties at European level ( OJ L 297, 15.11.2003, p. 1 ).', 'the Decision of the European Parliament of 29 March 2004 laying down detailed rules for the application of Regulation (EC) No 2004/2003 of the European Parliament and of the Council on the Statute and financing of political parties at European level ( OJ C 252, 3.10.2008, p. 1 ).', 'this appropriation is intended to finance political foundations at European level.', ': CHAPTER 4 2 — V ⁇ DAY NA PARLIAMENT ASISTENCI 4 2 Parliamentary assistance 4 2 2 2 0 Parliamentary assistance Appropriations 2013 Appropriations 2012 Outturn 2011 Reserves (10 0)', '. Total Remarks Statute of Members of the European Parliament, and in particular Article 21 thereof.', 'the implementation of the Statute of Members of the European Parliament, and in particular Articles 33 to 44 of these implementing measures.', 'Article 5a and 125 to 139 of the Conditions of Employment of Other Servants of the European Union, and in particular Articles 5a and 125 to 139 thereof.', 'the implementation of the measures to head VII of the Conditions of Employment of Other Servants of the European Communities adopted by the Bureau.', 'this appropriation is intended to cover expenditure on parliamentary assistance.', 'the amount of assigned revenue pursuant to Article 21(3) of the Financial Regulation is estimated at EUR 400 000.', 'ions for the release of the Reserve Appropriations for 2013, which are until the decision is adopted by 1.7 % of the adjustment of salaries in 2011, will be entered in the reserve immediately if the Court decides in favour of the Commission.', '2 2 2 2 Exchange losses Appropriations 2013 Appropriations 2012 Outturn 2011 Remarks This appropriation is intended to cover courses losses paid from the budget of the European Parliament in accordance with the provisions applicable to the payment of expenditure on parliamentary assistance.', ': CHAPTER 4 4 — SCH ⁇ ZE AND OTHER INTERESTED PARTIES POSLANC ⁇  AND B ⁇ VAL ⁇ CH POSLANC ⁇  4 4 0 Recitals to meetings of former Members and other activities Appropriations 2013 Appropriations 2012 Outturn 2011 Remarks This appropriation is intended to cover the costs of ensuring the meetings of the former Members of the European Parliament, including any other possible costs related to this.', '4 4 2 Costs at the meeting of the European Parliamentary Association and other activities Appropriations 2013 Appropriations 2012 Outturn 2011 Remarks This appropriation is intended to cover the costs of the European Parliamentary Association meetings including any other possible costs associated with them.', "you think you're gonna want to change your name ?", '. . . . . . . . . . . .??', ', no. Nothing that would concern the part if you do not want.', 'in my mind, I thought you might want me to give you my own.', 'or if you want, you can change the first part.', 'I would name you to Kingsley if I had to talk to it.', ". Kingsley... I don't know.", '. Perhaps the protest we prefer to keep this Ned.', ", yeah, it's okay. It's okay.", 'I can order you at least a few things for correspondence.', "what you're doing, I ordered wine.", 'you ask me here, he knows nothing about wine.', "people say they're talking about a man like that when people are seeing him. But it's just as hurt as much as it hurts.", '. Rapper?? Rapper?', '. He is a music producer now. He is a music producer now.', 'lives here in San Dieg.', ', I would like to meet us.', 'you, no, no, no.', "you're kidding? Are you kidding?", "that guy's a huge businessman.", 'this invests in San Diego for a whole time.', ', no, we will get money ourselves.', ', thanks to you. Thank you.', 'you really want to help us out, do you really want to do us a favor?', 'you hear someone looking for some golf action, send them our way.', '. Well, well, well.', 'ly, so well, so well.', 'r. Hold your mouth.', ', yet it was for a mask of movement: she heard the silent mechanism as a conscience.', 'tress beds Care beds Accessories beds Mattress Pols ⁇ tá ⁇ í ⁇ í and blankets Rehabilitation aid Stools Investigation lounge Transporter trucks and lounges Multiple cartridges Multiple cartridges of 7xxx Multiple cartridges series 9xxx Multiple trucks ASSIST 7xxxx Vehicles Beds Cardiac chair Seating furniture Chocolate Toilet Schemes Cartothess Career furniture Excellent conditionable furniture', 'ular carriage - ASSIST 7202', ': ASSIST 7202 ASSIST 7202', 'fabricated roller structure 80 mm diameter, braking delayed non-resistant sheets, plastic drawers of two drawers on height 10 cm 4 large, 5 medium and 6 small plastic drawers of the construction is firmly connected with a wheelchair option to choose color shade to complete the lockable option of a glass table part of plastic waste basket', 'x H x V: 70 x 50 x 165 cm x 165 cm', 'ability: 35 kg Availability: 50 kg Nosnia: 50 kg', 'the properties of BatteryInstalled specifies whether the battery is installed on this device.', 'values: TRUE or FALSE.', 'the TRUE value means that battery is installed.', 'ability LowBatterySignal specifies whether the power supply source signals low battery status.', 'values: TRUE or FALSE.', 'the TRUE value means that a low battery power supply source signals.', 'ability PowerFailSignal determines whether the power supply source signals the power supply breakdown.', 'values: TRUE or FALSE.', 'the TRUE value means that the power supply source signals.', 'ability MessageInterval specifies the period between the transmission of individual reports informing users of power failure.', 'Win32_PrintJob represents a press role created by Windows32.', '-defined object or member of this class are all work units created by the Print command in the applications launched in Win32.', 'directly into your asses.', 'now pull out of my brake!', 'Daphne, tail with Ofsted?', '. Oh, excuse me...', "what's going on with Ofsted?", 'here you have here. Here you have.', "it's beef and onion soup?", 'the caffe was not the coffee.', '. But from the better side, I found a couple of bribery.', "I'm sorry you had to see it today.", 'he had to be pretty shock for you. He had to be pretty shock.', 'what, what, that, there???', ", no, it wasn't anything.", 'on my last school, the brakes were on the daily order on my last school.', ', unfortunately, here at Greybridge this can be twice a day.', ': Resources fires and drought Answer from the Commission (4 October 2007)', 'the Civil Code of Civil Code 18.', 'this right applies to surnames, one or more names and pseudonym’.', '. Rancho Grande? Yeah!', 'you slammed her?', '. Yeah. Yeah. Yeah. Yeah. Yeah.', ', we also spread the hills around.', "you think we're maggotiators? Do you think we're maggots?", ', none of the Grandi family will be raising, do you understand?', "I just puffed smoke into her clothes, that's everything. As you said.", 'we prepared a good shame to frighten her.', 'I just hope it was enough. I just hope it was enough.', "when they wake up, he'll think that maybe something really happened.", "that's why it's going to end for you.", "what our money? What's our money? What's our money?", "we didn't do it for fun, Uncle Joe.", 'Okkay. Okay.', ', without concern.', 'I was once in the section with limited access and I read something about a relatively rare magic.', ". It's said if I understood, the Viteal.", 'what, please? What, please, please?', 'Viteal. Viteal.', "I didn't understand it exactly. And I did not understand it.", "I don't know what you've read, but it's a lot of black magic, really black.", 'the Viteal is an object that someone hidden part of his own soul.', "I don't understand how it works in practice.", 'your soul and part of you hiding it.', 'that you are protected if someone attacked you and destroyed your body.', 'the defendant?', 'that hidden part of the soul is still alive.', "other words, you can't die.", 'how can the souls spread, sir?', 'the murder.', "the readers' responses to this questionnaire replies to this questionnaire reply to this questionnaire replies.", 'MUDr. Ella Traub.', 'the lekarske blinds, NYC, aircraft of sedes.', 'I would report you to the personnel, but unfortunately, in this case, I am it.', '. Raji... Raji...', "if it was Eliza, just say that it's Eliza.", "you're very convincing, but I can't violate the principle of the privilege of personnel department.", '. She is there an oath of the personnel department?', 'my honour as an official of staff department, I promise to provide a workplace with equal opportunities, without any discrimination, harassment and detection of secret personal information.', ', if I violate such law, my lips and turn into dust.', 'it sounds like it could be circumvented.', 'now, forget it.', 'what, please? What, please?? What, please?', 'that Eliza was not Eliza.', 'ly, damn it.', 'Elizo? Elizo??? Elizo?', 'you got a pyjamo on you?', 'you drink peaches? Do you drink peaches?', 'you slept with her? Did you sleep with her?', ', Ah, you have the thing with the prostitution.', ", no, of course, that's not.", "I'm going to treat you. I'll treat you.", '. Well, it was a massage with a cheese end.', 'now it has a sad end of it now.', 'in the past 5 years I tried 15 different masses in the past five years.', 'my leg works well.', "you really think it's gonna be free that you get a massage from the prostitute you've committed with?", "you don't mind the massage part, you're defecting the part with sex, but no longer hope.", 'I know the perfect physical therapeutka.', "I'll give you the number. I'll give you the number.", 'why should I give up someone who is the most suitable for me - for someone who will be appropriate?', 'because I asked you for it. Because I asked you for it.', ", but it's no argument, or does it?", 'ions of sampling methods and diagnostic methods used for detection and confirming the occurrence of bonamiasis (Bonamia ostreae) and Marteilia refringens) for softcases in the event of abnormal death and for the recognition of approved areas and approved holdings are set out in the Annex.', 'Article 2 Decision 94/306/EC repeals.', 'references to the annulled decision shall be considered as references to this Decision.', 'Article 3 This Decision shall apply from 6 January 2003.', 'Article 4 This Decision is intended to Member States.', 'in Brussels on 6 November 2002, Brussels, 6 November 2002.', ': David Byrne Member of the Commission [1] OJ L 46, 19.2.1991, p. 1.', ', after World War I, Austria and Germany became the Republics, abolished nobility and all privileges and titles associated with it.', 'for Austrian nationals, since then, on the basis of constitutional law, the prohibition covers the use of such homes as ‘von’ or ‘zu’ as part of the surname.', 'in Germany, however, another approach was chosen: existing titles, although they cannot continue to be used as such, they became part of the surname, go to all children and are subject only to changes related to the child’s sex if such element has a male and female shape – such as F ⁇ rst (price) and F ⁇ rstin).', '. I try a new number tomorrow.', 'if you can skate, be here at noon.', 'and Keeney? And Keeney?', ". It won't be here before the evening.", 'this will be the number on the program.', ', but he will kill you. But he will kill you.', ". No, if you're good. If you're good.", "you're sure you can skate?", ', can I skulit?', 'you said that you can do. You said you can.', ', thanks, sir. I really... I really...', ', hey, hey, you, you, you!', ', lady, back, lady, back.', 'you go back there, Fan.', 'this, baby, baby.', '(c) technical documentation pursuant to Annex III.', 'the technical documentation shall lay down the applicable requirements and, as far as necessary for assessing the proposal, manufacture and operation of the OOP; (d) sample (samples)', ': OOP representative for the planned production.', 'the notified body may request other samples if necessary for the implementation of the test programme.', 'atically adapted OOP must be representative for the range of different users;', '(e) in individual adapted OOP, a description of the measures to be taken by the manufacturer during the installation and production process in order to ensure that each OOP conforms to the approved type and the applicable essential health and safety requirements.', 'Michaeli?? Michael?', 'Harriet? Harriet?', "Michael and Harriet, there's no time for a punch.", '.No!! No!! No!! No!!', ': God, Hollis!', "that doesn't...", ". Well, it's rigid.", "it's dead, come on! Come on!", "we're going to go! We're going to go!", 'Patty, let it go! Patty, leave it!', '. Patty! - No. - No.', '. Howard, you bastard!', "Patty, I'll ask you, help me!", '.No!! No!! No!! No!!', "you don't want to be it!", 'the synthesis for 2004 4 1.3.', 'the reference framework established in 2004 5 2.', 'issues arising from annual activity reports 5 2.1.', 'ular overview 5 2.2.', 'ing the progress of the administration of annual activity reports 7 2.3.', 'the synthetic report and the statement of credibility 8 3.', 'ar issues arising from annual activity reports and received recommendations 9 3.1.', 'questions of administration 9 3.1.1.1.', 'arges from compliance with internal control standards 9 3.1.2.', 'I was just kidding. I was just making fun of myself.', 'Jane! Jane! Jane!!John!', '. Mrs. Domestic!', '. Mrs. Domestic!', 'what happened to the water? What happened to the water?', 'water is not free! Water is not free!', "ly you're talking about someone who doesn't pay rent.", "you think it's a problem? Do you think it's a problem?", 'from now, no water in Monday, Wednesday and Friday.', 'waters in Tuesday, Thursday and Saturday.', 'Magors!Magors!', 'good morning, Mrs. home!', 'to pay rent or let me burn your shop.', "what's funny here? What's this funny thing? What's this funny thing?", 'the rental payment is no fun!', 'the Viktor paused.', 'a quiet, tired snorting, accompanied by nitrate hill.', 'the parties heard it, and the battered the battery.', 'the stones released by the slaughter of the boots.', 'someone approached the same way that Fontine came.', 'the Viktor stepped back right and crouched on the edge of the path.', 'the silence.', 'the figure emerged, rigging behind the dark forest barely metre before Victor.', 'if you enable this policy setting, remote assistance will be possible for users to offer.', 'you can choose from two remote assistance options: Enable helpers to display only a computer or Enable helpers remotely drive computer.', 'wise, in addition to this selection, you can also identify the list of users or groups of users who will be able to offer remote assistance.', 'ators are also identified as assistants.', 'if you want to configure a list of assistants, click Show button.', 'this will open the new window where you can enter the names of the assistants.', 'you ducked up? Did you disguise yourself?', 'I went to say goodbye to Lisa.', ', just that, by the way, he was a stupid idea.', 'Dean, the answer to my question.', "you can calm down, I didn't drink anyone.", '. Thanks to God. Thanks to God. Thanks to God.', 'A Samples 1 — Veterinary certificate for semen consigned from the approved semen collection centre from which the semen originating in Annex IV shall be replaced by the following:', ': ‘Transferring veterinary certificate for imports of consignments of eggs and embryos of sheep and caprine EN Official Journal of the European Union L 252/s3 REPLEMENTATION OF ACTS From 1 July 2013 the method of reference to acts has changed.', 'in the transitional period, a new and existing way will be used during the transitional period.', 'ing the objectives of the Common Fisheries Policy (SRP) should not be jeopardised by Member States which violate its rules.', ', pursuant to Article 41 of Regulation (EU) No 1380/2013 of the European Parliament and of the Council ( 2 ) , the financial assistance from the European Maritime and Fisheries Fund (ENRF) is subject to compliance with the rules of the CRP by Member States.', 'failure to comply with the rules of the CRP Member States may result in interruptions or suspension of payments or the implementation of the financial corrections of the Union financial assistance provided under the SRP.', 'in Article 83(1) of Regulation (EU) No 1303/2013 of the European Parliament and of the Council ( 3 ) , the conditions under which the suspension of payment periods can be imposed and Article 142(1) of that regulation may be suspended.', 'that, in respect of failure to comply with the rules under the CRP, specific rules for the ENRF may provide specific grounds for interrupting and suspension of payments.', 'in order to protect the financial interests of the Union and its taxpayers, where a Member State has failed to fulfil its obligations under the CRP or if the Commission has evidence indicating such failure, the Commission has the possibility of interrupting the payment period under Article 100 of Regulation (EU) No 508/2014.', ', in addition to the discontinuation of payment periods and to avoid the risk of payment of undue expenditure, the Commission may suspend, in the event of serious failure to comply with Article 101 of Regulation (EU) No 508/2014 of payments.', 'abilities imposed on Member States should be proportionate to the nature, severity, duration and repeat of the rules.', 'to ensure legal certainty for Member States implementing operational programmes under the ENRF, it is necessary to define cases of failure to comply with the rules of the CRPs essential to maintain marine biological resources which may, in accordance with Regulation (EU) No 508/2014, lead to the suspension of payment periods or suspension of payments.', 'notwithstanding all other sanctions imposed by the CRP rules, these cases will be used for the purposes of Regulation (EU) No 508/2014 and the implementation of Article 41 of Regulation (EU) No 1380/2013.', 'abilities of failure to comply with the rules of the CRP, which are essential to maintain biological marine resources, should be considered serious if the Member State has not taken the necessary measures to remedy the situation which led to the suspension of the payment period.', 'before interrupting or suspension of payments, the Commission must adopt implementing acts referred to in Article 100(2) and Article 101(2) of Regulation (EU) No 508/2014, which will further specify the failure to fulfil obligations under the CRP from the Member State which may affect expenditure for which the continuous payment is sought.', ', since it is important to ensure uniform and equal treatment with economic operators in all Member States from the beginning of the programming period, this Regulation should enter into force on the day following its publication in the Official Journal of the European Union , HAS ADOPTED THIS REGULATION:', 'abilities of failure to comply with the rules In the Annex to this Regulation, cases of failure to fulfil obligations of a Member State under the CRP, which may lead to a breakdown of the payment period relating to an interim payment application pursuant to Article 100 of Regulation (EU) No 508/2014.', ", no, you don't need.", 'Adame? Adame?', "God, I'm sorry.", "this is good. It's a good one. It's a good one.", 'in this way we are together in this.', "I'd say it's time to get a vaccine for the vaccine.", 'this morning, the Minister of Interior spoke of the need to keep peace after notification of at least one dead and several other patients in critical condition, following the infection of the gold staphylococco.', 'some hundred people were given to quarantine, but there is concerns that the bacteria spread between population.', 'the medical device was forced to issue a list of symptoms to which the public should be careful.', 'symptoms of influenza, difficulty breathing, joint pain, increased temperature, dizziness...', 'you have to go with me. You must go with me.', ". That's nothing, I'm okay.", "I'll be okay, I'll be fine, really. I'll be okay.", ". Well, you'll need to insulation into the isolation.", '. Nothing is happening to me. Nothing is happening to me.', ", isn't there anything to you? Is there anything about you?", ". - Don't let your eyes closed. - Don't accompany.", "I don't look. I don't look.", 'the exit on the railing.', '. - Do you believe me?', '. I believe that I believe. I believe. I believe.', ", and now it's open to the opening.", ': Freedom of speech Answer from the Commission (22 July 2011)', 'the Commission will define the content of the quality report as well as the quality criteria for drawing up and dissemination of data in accordance with the procedure referred to in Article 7(3), in accordance with the procedure referred to in Article 7(3), the Commission shall define the content of the quality report and the quality criteria for the preparation and dissemination of data in accordance with the procedure referred to in Article 7(3).', 'Article 5 Transfer of data 1.', 'the Member State shall provide the Commission (Eurostat) verified data and meta ⁇ ata referred to in this Regulation, in particular at the beginning of each decade.', ", so who likes the 2nd world, he will like Hogan's Heroes.", ", no, I don't really have what I wanted.", ', mele, what... what...?', ', I thought you were a benchmark.', 'I am also Jewish. I am also Jewish.', "this is the same. It's the same.", '. Thanks to this, thanks. Thanks to it. Thanks to it, thanks.', '. Thanks to this, thanks. Thanks to it. Thanks to it, thanks.', '. It is not anyone who is not.', ', Bob! Hey, what I found.', '. Hey. Hey. Hey. Hey.', '. Hey. Hey. Hey. Hey.', "that television criticism, he doesn't want to offend anyone.", "you don't want to do this.", 'you see it here? Do you see it here?', ', in the context of Franklin, but it was not quite sure of it.', 'ly, they had heard a few stubborn notes and watched as in the oval swimming pool rings large fish and swine.', '3 Amendment A16:2007 to EN 60730-1:2000 Note 3 Cenelec EN 60730-2-5:1995 Automatic household control equipment and similar purposes — Part 2: Special requirements for electric burners (IEC 60730-2-5:1993 (Modified))', ", you've been calling to Tim, Lou, Simone, Charlim, Dawn and Petrovi.", ', neither of us but none of us is present.', 'you want to hear it when we get back.', ', Mom? Mom? Mom? Mummy?', 'Mom, get up. Mom, get up.', '11 is healed. It is 11 healing.', 'Jack called Uncle Jack.', 'asked if we got money.', 'he wants you to call him back.', "you don't need to go to school? Do you need to go to school?", "it's Saturday. It's Saturday.", 'you promised that we would go today.', '. Where? Where? Where? Where? Where are you going to be?', 'you promised. You promised.', 'just this time, just this time.', "now, and she couldn't be with him.", 'the commander Glen gave them very clearly that their division is one of the conditions for keeping them in service.', ', however, they had a lot of time to discuss who Jehovah should choose for his new partner, and Captain Burns seemed to them as a right choice.', 'the fisherman wondered what her partner might be.', 'ly, it will probably be some ex-Jelly ruler rather muscles than brain and with minimum ethical principles.', "you found a lot in Hladek's Watch.", 'how she went, she looked around, trying to capture the essence of her new imposition.', 'in the Down Tory never worked, but apparently it was a rapidly emerging middle class neighborhood of the family of traders so established that they were aristocrats all except blood and the genus.', 'ly wealthy, they had iron in every political fire, and as a class they had ethical arms of feedingstuffs with shark.', ', since they had already reached the summit, their efforts had come to the only direction before them, which remained before them, and their eyes turned to Aristocracy.', ', even in Haven, the poorest nobility could look at the rich stores of the spot.', ', in the last time, the richest buyer families contractually with the poor shoots of Aristocracy and promptly promising family debts exchange for admitting or accused among the nobility.', 'Article 2 The texts of Regulation (EU) No 214/2014 in the Icelandic and Norwegian languages to be published in the EEA Supplement to the Official Journal of the European Union are valid.', 'Article 3 This Decision shall enter into force on 26 September 2014 provided that all notifications pursuant to Article 103(1) of the EEA Agreement ( 2 ) are made available pursuant to Article 103(1) of the EEA Agreement ( 2 ) .', 'Article 4 This Decision shall be published in the EEA section and in the EEA Supplement to the Official Journal of the European Union .', 'in Brussels on 25 September 2014, Brussels, 25 September 2014.', 'if the ten-year limitation period should begin to run until the transfer of APSA vaccines to the Ministry of Health, the precise moment of selling the vaccines to APMSD to the Ministry of Health in order to determine the date of the beginning of the limitation period.', ', irrespective of whether, under this assumption, the limitation period for APSA was interrupted in time by bringing an action against APMSD ( 36 ) would, on 16 October 2002, be brought against APSA in any event before the 10-year period, if the vaccine would be sold by the Ministry of Health referred to in the course of 16 October 1992 ( 37 ) .', ': 90. Even if it is no longer possible to find the precise moment of selling the vaccines to the Ministry of Health, and it would only be possible to define it for the period between 22 September 1992 – the date of adoption of vaccines in APMSD – and on 3 November 1992 – the vaccination of the opponent — would be initiated against APSA on 16 October 2002 in any event the limitation period timely interrupted.', 'if APSA had also to demonstrate the moment of placing the vaccine into circulation ( 38 ) .', 'if APSA as a manufacturer could only define this moment as a certain period beginning more than ten years before the application, but ends less than ten years before its application, APSA should not only be the burden not only, but also the probative risk of determining the accurate time of the limitation period.', 'wise, even if the exact moment of introduction into circulation would be opened in any event in time and the effects of interrupting the limitation period should therefore be effected.', "just why I'm just making it easier.", ', no, these are true tears. I note it is. I note it.', 'I was crying more, as a natural child.', '. Hey, guys. Hey, guys, guys.', '... I was a bad... I was a... I was...', '. Hey, Jamaal. ...a tangled, smoked...', 'a lot of times.', ". Hey, you're laughing again.", 'I lost more games and competitions... against Clyd, as I can remember at all.', '3 459 and I still count.', '. Thank you, Clyde.', 'I thought I was a poor guy. I thought I was a poor guy.', 'I went away... ...and changed so I thought I was the winner.', 'you were hard on your brother.', 'dresses, car, woman from reality cheese...', 'the impact or fall of the apparatus.', 'loads (Hotovo: %d%%)...', '%s wrote in the report %s:%s...', "now you don't have any rules on this point.", 'if the option is to be used functional, you must create a rule for messages or blocked sender or turn the support of filtering unsolicited mail.', "now you don't have any rules on this point.", 'if the option is to be used functional, you must create a rule for discussion contributions or blocked transmitter.', ', when attempting to change the storage file, access was refused.', 'to check whether you have the permissions to register and check the ScanDisk files.', '%s was added to the list of blocked consignors.', 'the other messages from this consignor will be blocked.', 'now you want to remove all messages from this consignor from the current folder?', 'selected consignors were added to the list of blocked consignors.', 'the other reports from these consignors will be blocked.', 'now you want to remove all messages from these consignors from the current folder?', 'arging messages from the selected senter...', 'the Member States concerned shall request the submission of confirmatory information regarding: stability in storage and nature of residues in processed products, surface and groundwater exposure, as regards flaxic acid, the risk assessment for aquatic organisms as regards ftaldehyd and 1.2 benzenedimethanol.', 'the Member States concerned shall ensure that the applicant submit those information to the Commission by 31 May 2013.', '1 June 2011 31 May 2021 PART A Only uses as acaricide may be authorised.', 'Article 29(6) of Regulation (EC) No 1107/2009 shall take into account the conclusions of the review report on hexythiazox, and in particular Appendices I and II thereof, completed by the Standing Committee on the Food Chain and Animal Health on 11 March 2011.', 'attention must be paid to this overall assessment by Member States: protection of aquatic organisms.', 'conditions for authorisation must include, where necessary, measures to mitigate risks, safety of service and workers.', 'conditions for use must include protective measures where necessary.', '(c) possible adverse effects of hexythiazox for bees;', '(d) possible impact of preferential distribution and/or conversion of mixtures of isomers to assess risks for workers, consumers and the environment.', 'the Member States concerned shall ensure that the applicant submit information referred to in points (a), (b) and (c) until 31 May 2013 and the information referred to in point (d) within two years of adoption of specific guidelines.', 'Flutriafol CAS 76674-21-0 CIPAC 436 ( RS )-2,4 ⁇ -difluoro- ⁇ -(1 H -1,2,4-triazole-1-ylmethyl)benzhydryl alcohol  ⁇  920 g/kg (receive)', 'relevance impurities: dimethyl sulphate: maximum content of 0.1 g/kg dimethylformamide: maximum content 1 g/kg methanol: maximum content 1 g/kg 1 g/kg 1 June 2011 31 May 2021 PART A Only uses as fungicide may be authorised.', 'Article 29(6) of Regulation (EC) No 1107/2009 shall take into account the conclusions of the review report on flutriafol, and in particular Appendices I and II thereof, completed by the Standing Committee on the Food Chain and Animal Health on 11 March 2011.', 'attention should be paid to the protection of workers and ensure that, in the conditions of use, use of appropriate personal protective funds, pay particular attention to the protection of groundwater, if this active substance is used in areas with sensitive soil and/or climate conditions, pay particular attention to long-term risk for insective birds.', "it's going to be nice when the helmets dissolved.", 'Paris caught the elder guy.', 'I love older guys. I love older guys.', ', taking me into the best restaurants.', 'now he went to the conference to Denver.', 'was so nice he really had a great pleasure of going to Florida.', "thinks it's good when I am with people of my age.", 'I was hoping to invite me to go with him to Denver, I was hoping to drive me to Denver,', ". But you know, but you know, you don't want to. But you know, but you don't want to. But you know, but you don't want to.", '. Maybe maybe he wants me to leave me.', 'you still buying jewelry?', 'never bought me jewelry.', 'how much money is he? And how much money has it?', 'Asher is not rich. Asher is not rich.', "that it's not? is it not?", '. Wait in the car, son. ,, Haynes took a room with his fellow Terry Poghem,', 'which was used to escape was found on the farm, where the next vehicle was stolen in the morning;', ", but if you need something badly and you don't have it, you borrow it.", 'the road grows and start up the new.', "if someone knows the roads, it's Red.", ", I'm Robert Haynes. Everyone tells me Butch.", 'that was, but it was a jacket.', 'we lived there. We lived there.', ', even did they send him into a passport?', 'I had three years of delay, but I got it.', 'I saw Ford coupé and took him to the trip.', 'I thought it was that I thought.', 'the judge attacked me four years in the fourth passport in Gatesville in Texas.', ', damn it! Damn it!', '. I can go north, south, east or west.', 'ber Spiromax 160 micrograms/4.5 micrograms, powder for inhalation of inhalation powder', '(budesonidum/formoteroli fumaras dihydricus)', 'are all the package leaflet before you start taking this medicine because it contains important data for you.', 'this leaflet, if you need to read it again.', 'if you have any further questions, ask your doctor, pharmacist or nurse.', 'this medicine has been prescribed exclusively to you.', ' ⁇  Do not give it to another person.', 'that might hurt her, even if he has the same disease as you.', 'if you get any side effects, tell your doctor, pharmacist or nurse.', 'wise follow any side effects not listed in this leaflet.', '(c) See point 4. See point 4. above, point 4. above, see paragraph 4.', 'this aid does not take account of the further reduction of duties resulting from bilateral trade agreements with Latin America countries.', 'IV. IV. IV.', 'the Court recommends that the Commission re-evaluate whether, in view of the findings of the European added value, BNI projects should finance from the research budget.', 'objectives should also be clear and realistic.', 'the Commission should consider what is to be used by means of complementary funding, and if it considers that synergies can be created leading to better use of EU funds should take the necessary steps.', '. Introduction 1.', 'ly, we believe that this recital clearly confirms that, for the applicability of Article 2 of Regulation (identical with Article 2 of the Convention), it is sufficient for the defendant to reside in a Member State which is bound by this Regulation, so that the dispute refers to one Member State of the Community.', 'therefore, it is not too important that the dispute in question does not refer to another Member State or that relationship refers to the third State.', '. Well, sometimes there are three. Sometimes there are three.', ', chef, throw me a thunderstorm.', '. Uh, of course, a citizen.', "I have to say that he'd pulled me over my back, totally fanatically, but that pain told me once again for a kvikle decided, and with the old Tupunone to deal with it.", 'I sealed a rhinse after his right fusion in the tops of the sponge and cut five cents of the substance, and jumped a bit drop of bliss and Tupoun began to be a really lunatic.', ", while he was doing the hausu' hauso as a dog, I tried the same style as Ji ⁇ ík, all the only movement - up, jump to him and cut - and I felt the rejzr went pretty deep into Tupon's wrist, and he dropped his haunted nojn and screamed as a monument.", "there's something missing here.", ", don't worry about it.", 'what? What should I leave what? What should I leave?', 'you drink. Start screaming!', 'whether they come all of them.', '. No. No. No. no.', 'the more, the more, the more the better.', '. Yeah. Yeah. Yeah. Yeah. Yeah.', ", yeah, guys, we'll go through a list of composers, I added one song for tonight.", 'this is my friend Savannah.', '. Hey. Hey. Hey. Hey.', '. Hey. Hey. Hey. Hey.', 'we can still get to our cars!', ". Let's go! Let's go!", ". We don't know how much it's enlarged.", 'is safer in the inside!', '. Where is Lissy? Where is Lissy? Where is Lissy?', "I think it's in the pool.", 'Jen, take Jen. Take Jen.', "you'll take it inside! Take it inside!", ', all right inside! All of them!', ". Let's go! Let's go!", 'you can take care of them.', 'I have to go for Lissy. I have to go for Lissy.', 'the movement, movement.', ". Well, yeah!!!!Oh, yeah, yeah, you know, you know, you know, you know, you know, you know, you know, you know, you know, you'll have to do so!", '. Gas chlorine chlorine.', 'when I tell you the whole story, everything begins to be crystal clear.', 'I found that my parents were...', 'everything went well until he wanted ... and then we were the same: "never" and the same thing: "you must" and I was like...', 'Gallahxar ends.', 'the brown code, because I need new trousers.', 'Gallahxar gives you a prisoner.', '. Bacha!! Bacha!!! Bacha!', 'Wau, be careful. Wau.', 'all extraterrestrials destroy all monsters.', ', so you want to get it? So you want to get it?', "if you want to hurt my friend, you'll have to get me first.", '. Hexadecimal color code system. System with hexadecimal color code.', 'this will take a little while, but just a little while.', '. Well, well, well.', 'me. Give it to me! Give me this!', 'that would be nice. It would be nice.', '. Nuda. Tref.', 'you should stay in the car.', 'you want me to be there? Do you want me to be there?', '. So go on. So go on. So go on. So go on.', 't! Give me this.', 'why? Why? Why? Why? Why? Why? Why? Why?', 'you should try the fun instead of the seriousness.', "it's important to stay positive. As he himself said it itself.", "I don't know. I don't care. I don't care.", "now I'm still evil and dark and now I'm not going to be cheerful?", "there! It's there! It's there! It's there! It's there! It's there! It's there! It's there! It's here! It's here! It's here!", 'I had no hung before, but thirsty.', "you'll leave him here. Let's just leave him here.", 'me like me. I like it.', "is convenient. It's comfortable. It's convenient. It's comfortable.", "I'm glad. But it's stealing, so it's better to get rid of it.", 'how long do you continue this, Eddie?', 'these kids are afraid of you.', ", and you're walking every night to fly around the city.", 'Lucilla, God gave me talent.', 'I can handle the lopath.', '... I just want to... I just want to...', "you're right. You're right. You're right.You're right.", 'in you, I believe in you, my father.', "Rolande, don't support my dad.", 'was innocent, but the church decided to move me.', 'that it would be easier for all. When the farming from the new church found out why I was moved, they were not happy.', 'right, you wanted to know why I moved so much and I told you.', "you're a screw, a little poker, a little chocolate.", 'what a friend who has two tickets on Brubeck in Blue Not? I thought you planned orgy. I was lying. I was lying.', ". It's a personal, Cuddy's staff, here's Personnel, Cuddy.", "I'm not saying you're dependent. I say you're afraid of fear.", ', you know, you know, what, what?', ', no, I want to stop his escape.', "House doesn't want anyone out of us. He wants this.", "it's super. It's super. is it super that he bothers children?", 'that the priest does not believe in God.', 'that God made him the same thing he did to the child.', ". - Do you think he's innocent? - Does he have innocent eyes? - Does he have innocent eyes?", 'your dad always scared me to death. Your dad always scared me to death.', ", however, he never scared you so that you didn't sneak into the house at 3 hours in the morning.", "I didn't know if I should punish you, or do you a chef.", ', hey, hey, hey, hey, hey!', ', Hah ha ha ha! At half dinner, I told Claire that when he had a taste of his mother to pull one, he should pull my hand instead.', 'the doctor had to cut my wedding ring.', 'Claire, remembering how we once went to school and we went to the pier?', 'we played the game and you won the game here...', 'the Giant pandum!', '. I think we have agreed. I think we have agreed.', '. I guess I should probably go out. I guess I should probably get out.', 'in the morning I have one contract. Beet a celebrite.', "you don't ask what, but if I delayed, it would be a big Risk.", ', you know what hurts me more? Do you know what hurts me more?', '. What? I thought that your mother likes me.', 'abilities — Reason — Obligation — Scope — Decision on the application of competition rules — Decision of the failure to state reasons during the judicial proceedings — Inadmissibility — Additional evidence to supplement the reasons already sufficient and to respond to the applicants’ arguments — Admissibility (Arts 81 EC, 82 EC and 230 EC; Council Regulation No 1/2003, Art. 2) 5.', 'tomorrow they will want me to remove you.', "it doesn't matter? What does it matter?", '. Dob ⁇ e.', "you'll take a bouquet of the Church of God's consciousness.", '. Would you like to help us somehow? Would you like to help us somehow?', ', no, but I thank you so much.', 'the red zone is only for the success and exit of passengers.', 'in the white zone is a ban on stopping.', '. No. No. No. no.', 'the white zone for boarding and output.', 'the prohibition of stopping is in a red zone.', 'the red zone was always for the success and output.', 'in the white zone never stopped.', "you don't want to tell me which zone is for stopping and which for the board.", ". Listen, Betty, don't begin again with your bullshit about the white zone.", '.Good day. Hello.', "you'll take a bouquet of the Church of God's consciousness.", 'you want to help us somehow? Would you like to help us somehow?', '"We know most of the names," said Junas.', '. "I\'ve just found it right now."', '"You say as children," said Merridew.', '. Oh my God. Oh my God.', "the mysterious disease hit the horses on the Morgan's ranch.", 'ators are looking for answers after the second drowning of the horse.', 'the horses are recovering after breeding suicide.', ': Eolaolaola... Eola...', 'the County Psychiatry...', 'what happened to you, Anna? What did you do?', 'the project also has a rehabilitation centre and the last 2 years is home for Shell.', 'was a strike from behind.', '3 ribs and her spine was damaged.', 'she was well and for the training of her filling every day for a small trip to sea.', 'it has the opportunity to eat its natural food.', ', we believe that it will keep her fittings and especially make it more use of the rear louter.', 'for Kahindi is one of the remuneration for his heavy work.', "it's really nice. It's really nice. It's really nice. It's really nice. It's really nice.", 'few people have the opportunity to swim with turtle and experience so much fun.', 'Shell had not disputedly strengthened, but hope that one day saves on the sea was not filled.', 'ly weakened and finally died.', 'this kind of work will certainly have failures.', ', but there are still new turtles to be taken care of.', 'is it healthy? Is it healthy? Is it healthy?', ', we won, buddy!', 'we won! We won!', "you're okay? Are you okay? Are you all right?", '. Yeah! Yeah! Yeah! Yeah!!', '. Yeah! Yeah! Yeah! Yeah!!', '. Sure!!Oh, yeah!!!Oh, yeah!!', ". I'm pressing. I'm pressing.", ". Better you'd better have better.", "I'm pressing! I'm pressing!", 'the pressure more!', 'Chade, tree! Chade, tree!', '. Domov, sweet home.', 'you should whisper faster.', 'it more aloud, Kelsie.', "how is it, girl? How's it going, girl?", 'the interested parties expressed in accordance with Article 3(6)(b), and representatives of the countries concerned by Central America may, on the basis of a written request, take account of all information provided to the Commission in the context of the investigation, except the internal documents of the institutions of the Union or its Member States, where the information relevant to the application of their arguments is not confidential within the meaning of Article 11 and the Commission is used in the investigation.', 'the interested parties that have expressed themselves may inform the Commission of its opinion on information.', 'that opinion is taken into account if it is based on sufficient evidence of prima facie.', 'this is a porcelain pistol produced in Germany.', 'not seen at the airport rays and costs more than you earn for a month.', "you would wonder how much I'll do for a month.", "I know all about you and the incident of Nakatomi in Los Angeles, just because TV says you're a single one, that doesn't mean it's like that.", ", look, now you're on my song, and the walls I build on it.", "you've got some lottery.", '. Well, well, well.', ', I will send to your fucking captain in Los Angeles fucked up!', 'now, get out of my office before I let you out of my airport!', 'what trigger the metal detectors before: lead in your ass or that shit you have in your brain?', 'it has any card on him? Does he have any card on his behalf?', 'this is not our problem. This is not our problem.', 'your car is prepared. Your car is prepared.', 'here, sign here.', '. Good night, everybody. Good night, everybody.', "Casey, I'll show you your room.", 'I can handle this, Victoria.', ". Well, if you're lost at night, I can handle it right next to.", '. Well, we probably should also pack it.', ". I... there... there... there's... up there.", 'ly in itself.', 'you, here on the couch, here on the couch, too.', ', I think I might get a little company tonight.', ". Well, it wouldn't be nice if I got what you have with Casey?", ', yeah, old good... ...Casey!', "that's what I'm! That's me!", '. Good night. Good night.', '. Good night. Good night.', ', in the case of both proceedings, the investigation period was actually overlapping in time.', ', however, only three months of the investigation period from the current proceeding.', ', in accordance with Article 6(1) of the basic Regulation, it should cover, in order to ensure representative results, for the period of six months, immediately preceding the initiation of the procedure.', 'in those circumstances, it was decided that data from the first three months of the investigated period would not be a seasonally functioning and unstable market with ammonium ammonium sufficiently representative.', 'should also be stressed that the use of information obtained under a specific procedure for purposes in another procedure and for another purpose where the party concerned has not shown willingness to cooperate in the second investigation would be contrary to the provisions of Article 19(6) of the basic Regulation.', 'you can search for individual accounts via useful information. To search records of accounts, open the book and then select a record line.', "you don't think that's what you're doing?", ', Lieutenant, your men are already dead.', 'phone on the corner of Wells and Lake.', 'you, Trinity.', 'you go to the white rabbit.', 'if they can find it with you...', 'that crackla IRS base?', ". They go for you and I don't know what they want to do.", 'what the hell do they want for me? What the hell do they want to do?', "if you don't want to find out, I'll tell you to disappear.", '. How? How? How? How? How? Is it?', 'I can lead you, but do exactly what I say to you.', 'the opposite of you is empty.', '. But what if-- - go! - go, go!', 'soon!!!!!!!!!!!!!', "you're the one that uses people.", 'you used me! You used me! You used me!', '... You... You... You...', "you're the one that uses people.", '. Well, well, well, well, well.', "you don't want to get the fuck out of me.", "how is your plan? What's your plan? What's your plan?", ". Don't move on.", 'you shoot me directly before my wife?', '. Stay there. Stay there.', 'the security is on.', 'r. Hold your mouth shut up!', 'Stevene? Stevene? Stevene?', "that's me, Cindy Hull.", 'Cindy? Cindy? Cindy?', "here it's here. Here it is.", '. Yes? Yes? Yes??', '"we" isn\'t "we" or "our".', ". So, and it's like this, and it's likewise.", '. Thank you. Thank you.', 'Lucy? Lucy? Lucy?', '. Yes, I know, yes, I know.', 'I know how Brainstorming looks like.', ", listen, I'm trying to do this exercise.", 'Markcele! Marcelle!', '. Yes? Yes? Yes??', ", Hey, he says he's gonna shoot them.", 'Nikito, if you start shooting, the Marines attack.', "then it's your job to make sure that I don't die over anything, right?", 'ators have it on the mask.', ', Nikito, please.', ', nothing has left me anymore.', 'if you die, so I will also die.', '. Well, well, well.', "right, we'll do it after you.", '. Thank you. Thank you. Thank you.', 'ators, sofa. I repeat, sofa. I repeat, couch.', '. Well, well, well.', '. Birkhoff opens the data channel.', 'that file was sent through him.', 'soon as the file arrives, the Marines go and you will be able to leave peacefully.', ', hey, hey, hey, hey, hey, hey, hey, hey, hey, hey, hey, hey, hey, hey, hey, hey, hey, hey, hey, hey, hey, hey, hey, hey, hey, hey, hey, hey, hey, hey.', "what's happening here? What's happening here? What's happening here?", '. Nothing, Mom.', ", we were just stupid, didn't we?", 'I saw what was happening. I saw what was done.', ', Stanley. So do it, Stanley.', 'the lesson. Give him a lesson.', 'you go back to him.', 'right, give him a lesson.', 'right, give him a lesson.', '. "We must go," VanHorn said, who knew he could collapse every moment.', 'as Bonnie managed, picked up VanHorn into the syringe of the content of one of the ampoules and hurried the needle into the thigh.', 'the second injection pushed into the forearm just above the missions.', 'he hoped that the injection would keep him conscious until he reached the emergency.', 'the allergic reaction after a moment caused the spread of blood pressure and blood pressure reduction.', 'vanHorn began to lap down the breath.', 'I must live, he said in the spirit.', 'then he collapsed on the seat on the seat.', 'Bonnie grabbed him behind her hair and turned his head to breathe better.', '. "Stay so," she said.', 'the right hand held VanHorn, and the left was driving a car that drove the tractor to the hospital.', ', first, he must bring the serum.', ', please, please! Please!', 'you can hold behind the castle!', 'you can hold behind the castle!', '. Good evening. Good evening.', ', exactly 19:30.', ', in my age, in my age?', 'I can be happy to appear. I can be happy to appear.', 'the nonsense.', '. Be it nice here, Elke.', '. Hey, so, hi, hi.', 'you found Simmons? Did you find Simmons?', '. Yeah, yeah, he found himself. Yeah, he found.', 'the commissions and bribements.', 'here you are your original specification.', "what is it? That's like...", "what that man had to do to survive... I can't imagine it.", 'God, bless our new leading race, whatever it is.', 'Amen. - Amen. - Amen. - Amen.', 'this is your real estate agent, Trudy.', "him, old Merl, serves the mail, it's our poster, because... you know... you know...", 'the poor little God bless her...', 'ly... Average...', 'I can take you a coat? I can take you a coat?', '... Lucy Hill, this is Ted Mitchell.', ", so it's a little party? So it's a little party?", '. Yes. Yes. Yes. Yes, yes, yes.', '... Well, do you live here nearby?', '. Yes. Yes. Yes. Yes, yes, yes.', 'I moved here more than ten years ago.', 'the fact that the battery was still shooting, suggested that they were still at the point of the fire—doubted in the edge of destruction.', ', however, Suther-land has already gone faster, and when Hornblower looked back, he saw that on board Pluta are preparing the position of the emergency main mast.', 'any sail which will be able to lift Pluto, will facilitate the extremely work of Sut-herland and will be able to work with the cash.', 'if you almost die at noon, so you are great ready for a date in six.', 'I know this. I know this. This is what I know.', ". But... But... But... ...but... ...but... ...there's...", 'my experience... the same risks that hold you together will end any long-term burden.', "the fact that we're going to take the next steps.", 'to health on health.', "you don't take me a swelling!", '. Yeah. Yeah. Yeah. Yeah. Yeah.', ", no, you're going to be great.", 'you go and learn your brother.', '. Well, well, well.', '. Hey. Hey. Hey. Hey.', "what's the forecast? What's the forecast?What's the forecast?", 'I have to wear that stupid thing a few weeks.', 'you know what gets you once legs into the grave?', 'this provision merely takes the commitment proposed by DSD in the context of administrative procedure (recitals 63 and 133 of the contested decision).', 'the DSD cannot therefore argue in the context of this procedure that other solutions than it itself proposed to the Commission is now a more appropriate solution for problems detected during the proceedings.', ', in addition, the adoption of a solution by the applicant, namely the capture of the Der Gr ⁇ ne Punkt logo rather than the mentioning notes close to that logo would impose packaging manufacturers for each Member State, which would not be economically rational.', ', as a result, it must be rejected by the complaint relating to disproportionate nature of Article 4(2) of the contested decision in so far as the marking of the explanatory notes on the packaging, although it could be covered by the Der Gr ⁇ ne Punkt logo.', "the old Tupun in the mass of Pébé Seli's lungs and screamed like some animal.", '"It\'s a book," he said here.', '. Oh, Michael, please, Michael.', 'I had the right to know it. I had the right to know it.', 'you said that you gave it to her.', 'I have to go. I have to go.', "you'll call out!", '. Well, well, well.', 'ly late," Ritter said disadvantagedly.', 'this was the better operation of his directorate after years, and the guy who came up with the idea, now fears doom.', "Admiral Cutter did not listen to Ritter's innovations so closely to offend.", 'the president promised surgical removal of people who killed Jacobs and the others.', 'what was more important, it did not even WRANGLER.', 'Chavevez was too far south than to hear explosion.', 'was split into the next processing site.', 'ly, the place was apparently found as a staffet.', ': [19] OJ L 414, 30.12.2006, p. 102.', "you're reading ideas, you don't see the future.", 'everything that paints... ...to fill out.', 'the sun is based at a new time.', 'I saw them on my own eyes. I saw them on my own eyes.', '. And when the fate gets... I am the name of Hiro Nakamura.', 'at Tuesday we will be in America on Tuesday.', "... you don't think it would be easier for all, if I... had a car own?", 'Mom and I wanted to surprise you for your birthday next month.', 'just... I can\'t stop thinking how many times I told you, "Hey", on your first day at school.', 'list %1!s! has been removed.', 'aborating users of the cooperating users of the cooperating users in the process of combining users', 'the survey does not contain questions.', 'investment costs: Investment costs:', '5,5 miles. 5.5 miles.', '( (2) In accordance with Article 95(3) of the Agreement, the Council of Ministers shall take any transitional measures necessary to amend the provisions until their entry into force.', '-collection collectors', 'list of lists of lists of lists of lists of products that are listed.', 'ly written comment written by hand written commentary', 'to convert the selection to the text, transfer the selection to text', 'to consider it to be considered to be considered as a whole.', 'ability of the file format option of the file format option, the file format option, as well as the file format, the file format is possible, as well as the file format.', 'the commentary on refusal to refuse the refusal of refusal to refuse the refusal to reject the refusal.', 'image compression Complete images of image files', 'to find and replace and replace the replace the replacement and replace the replacement of the replacement and replace it.', 'error options XML error options XML', 'right and bars and bars, righteous and bars', 'the beginning of the rightwear, the beginning of the rightwear, the beginning of the rightwear, the beginning of the rightwear, the beginning of the right to the righteousness', 'ared workspace Shared Workspace Area Shared Workspace Area Shared Workspace Area Shared Workspace Area Sorted Shared Workspace Area Shared Workspace Area', 'set the default symptoms of the default symptoms of symptoms such as the default symptoms of the symptoms of the default symptoms of symptom of the symptoms of the initial symptoms of symptoms.', '-conditional formatting provided for in the formatting provided for in the formatting', ': EN Official Journal of the European Union C 326/10 Judgment of the Court (First Chamber) of 7 September 2006 (reference for a preliminary ruling from Areios Pagos – Greece) — G. Agorastedis v Commission (G).', ': 08.06.', ', friend??', 'this monogamie really begins to poison me.', 'this is not possible. This is not possible.', ', Lassie. Well, Lassie.', 'you saw the record. You saw the record.', 'that is not impossible.', 'I know. I know. I know. I know.', "it's really shocking. It's really shocking.", ', but disappeared corpses can mean only:', ", maybe it's the best here, deep in the woods,", 'far from populated areas.', ', ashes, faded and dead.', "I think it's absolutely obvious what's happening here.", 'you two of them have organized a little fraud to make your piece not a complete loss of time and you have found two ovens that jumped on it.', 'this is not true. This is not true.', "if you'd sold your mother's own mother.", 'I love you, angel. I love you, angel.', ', when I think it, I will let you know.', "because I don't have them because I don't have them. Because I don't have them.", 'why should I believe you? And why should I believe you?', 'because I say it, because I say it. Because I say it.', 'what should it be good? What should it be?', "Lazarre probably won't be too enthusiastic.", 'Lazarre, that if it is not enough, then send someone to break my mouth.', "I won't miss out.", '.Hey, Bernie.', '. Hey, Tom. Hey, Tom.', 'how is it? How do you manage? How do you manage?', 'they come from the skull hunters.', '. What? What? What? What?', '. There are thousands of years here for thousands of years.', 'ppers of lebek?', '. They have a few villages around a few villages.', "they're walking in the fish.", ' ⁇   ⁇   ⁇   ⁇   ⁇   ⁇   ⁇  Do you say  ⁇   ⁇   ⁇   ⁇   ⁇   ⁇   ⁇   ⁇   ⁇   ⁇   ⁇   ⁇   ⁇   ⁇   ⁇   ⁇   ⁇   ⁇   ⁇   ⁇   ⁇   ⁇   ⁇   ⁇   ⁇   ⁇   ⁇   ⁇   ⁇   ⁇   ⁇   ⁇   ⁇   ⁇   ⁇   ⁇   ⁇   ⁇   ⁇   ⁇   ⁇   ⁇   ⁇   ⁇   ⁇   ⁇   ⁇   ⁇   ⁇   ⁇   ⁇   ⁇   ⁇   ⁇   ⁇   ⁇   ⁇   ⁇   ⁇   ⁇   ⁇   ⁇   ⁇   ⁇   ⁇   ⁇   ⁇   ⁇   ⁇   ⁇   ⁇   ⁇   ⁇   ⁇   ⁇   ⁇   ⁇   ⁇   ⁇   ⁇   ⁇   ⁇   ⁇   ⁇   ⁇   ⁇   ⁇   ⁇   ⁇   ⁇   ⁇   ⁇   ⁇   ⁇   ⁇   ⁇   ⁇   ⁇   ⁇   ⁇   ⁇   ⁇   ⁇   ⁇   ⁇   ⁇   ⁇   ⁇   ⁇   ⁇   ⁇   ⁇   ⁇   ⁇   ⁇   ⁇   ⁇   ⁇   ⁇   ⁇   ⁇   ⁇   ⁇   ⁇   ⁇   ⁇   ⁇   ⁇   ⁇   ⁇   ⁇   ⁇   ⁇   ⁇   ⁇   ⁇   ⁇   ⁇   ⁇   ⁇   ⁇  ', 'the lebek has not been farmed over a hundred years.', "that they don't care, it doesn't mean they don't remember how it is.", "the river's shoulder is going to be here with the shoulder of the river.", '. Maybe we can borrow the ship.', "now, we're going to sketches, not from them?", '. Yeah. Yeah. Yeah. Yeah. Yeah.', 'I am so hungry for Tic Tac sold my own grandmother.', "that's... that's... that's... that's...?", "now I'm not sure whether I want to know it at all.", ', I can talk to you? - Yes, of course, Dr. Sureshi.', "it's okay, Alice. It's okay.", 'three tangible lines.', "you don't care about them.", "I don't read you the idea if you think it is.", 'I had a dream of showing me the cards.', ': Sena? About this particular moment? A specific moment? Is this specific moment?', 'and everything that seems to you will meet?', 'about you. About you.', 'you kill all the things that are here.', 'I can assure you... that this is not going to happen.', 'you are a good man and you took care of us very kind.', ", but I tell you that it's going to get away from you.", 'if you go away, it will destroy our entire work.', ', we actually thought about you. We were really thinking about you.', 'before we saw this.', "this is the file of your brother's brother.", 'over twenty years old and three hard crimes have three hard crimes.', 'three times and a lot of time. Three times and a lot.', 'the boy goes to know for the rest of his life for stealing the car.', ", God, it's a deceased law.", ', hey, he still had the same chance as you.', 'black, huh?', ', uh... all I have to do to disappear this is falsely to accuse the potentially innocent man?', 'what are you? What are you? What are you? What are you?', "we're talking about the whitening guy who shot three blacks.", "you're telling me that it won't be fair enough for him?", ', you know, you know, what? You know, what? You know, what?', ". Maybe you're right, maybe you're right. Maybe you're right.", 'transport can be used for any transport device including air or maritime transport.', 'flight transport is not limited to the use of national carriers of Azerbaijan or Member States, and it is possible to use both regular and charter flights.', ', in the event of a return with the accompanying, this accomplice does not restrict only to the legitimate person of the Requesting State in respect of persons authorised by Azerbaijan or a Member State.', ', ‘It depends on him.’', 'the long embarrassment of silence.', '"Slanter, if you go, I\'ll show you a little how magic it works," said Jair finally.', 'ly, in the spinning dark eyes, he suddenly found interest in the spinning dark eyes.', ', are we ready for??? Ready??', "that's what I'm doing.", "you'll begin. You'll begin.", 'arost Scott is detained without the possibility of bail and investigation continues.', 'with noodles, with nodes of extra. ...the driver had beaten from the accident in which his son and his attempts.', 'how do you feel? How do you feel? how do you feel?', "I think that I would contact Daunte's family.", ". So it's called the guy who knocked me off.", 'who said it to you? Who said it to you?', 'the whole day they put it on the news.', "what we are when we can't forgive, right?", 'not only that those people have lost their love, but they also have to live with someone almost killed someone.', '. Well, two people, two people.', "I thought maybe I could say that I wouldn't be angry and it could relieve their pain.", 'was my guilt. It was my fault.', "this is... That's... That's...", ". If it's so... it's surprisingly surprised to me.", '... I... I... I... I... I...', 'all the time I was there, we worked every day together.', 'arrived on 16th May...', '16 May ... on the lightning 4-day visit of the country.', '. Aha. Aha. Oh.', 'and then he went back to mid-June.', 't you? Really? Really? Really?', 'that was what it was. So it was.', 'Jay Garner and Paul Hughes were not the only people of surprise to dissolve the army.', ': 00:56:05.22 - 00:56:07.822 That idea of dissolving the entire army has surprised me quite a lot.', '. Sure. Sure.', ', can I? Can I? I, uh, can I?', '. Surely, surely. Surely.', '-conscious.', 'how did you come to this? How did you come to it?', '. Sure. Sure.', '. Thanks to this, thanks. Thanks to it. Thanks to it, thanks.', 'number one, Reggie.', 'this, forget it!', 'you did this, Flashi!', ', no, but I had no, but I had.', "you'll be careful.", '. Hey. Hey. Hey. Hey.', ', okay?? Well?? Well?', 'it here, Parkere.', 'you, e.g.!!!!!!', 'your beer with us.', '"No foreign army has never purchased the American territory."', 'I mean, they come to the mitroch young on spies, you know.', 'I really think it is. I really think it.', '. OK. OK. OK.', "you're divorced with me? Are you divorced with me?", "this is... That's... That's...", "it's a breakthrough message? is it a breakthrough message?", 'why are you divorced with me? Why are you divorced with me?', "you're a great boy and you find the right girl, but I'm not me.", "you're ready for you? Are you ready for yourself?", '. Yeah. Yeah. Yeah. Yeah. Yeah.', "tomorrow at 13:00 a.m. We'll see Mulholland tomorrow at 13:00 a notice of Mulholland.", '- go, go, go, go, go, go, go, go, go, go, go, go, go, go, go, go, go, go, go, go, go, go, go, go, go, go, go, go, go, go, go, go, go, go on.', ". All Tancule all Tancule all Tanculejte d'Intown, all Tancule all Tancujte, all Tanculeys Tancule, all Tanculeys.", 'you love the rhythm Tancujte the rhythm Tanculate the rhythm of Tanculate the rhythm of Tanculate the rhythm.', ', and a trace of the great work of the great work of work, and a trace of great work, a trace of great work, the great work of the work of the work of the work of great work.', '. Are you hungry? Are you hungry?', 'if you give to them toast and jam, they will want a little to drink and then want to go to the toilet, then want to walk to the toilet.', ", so no toast and we'll be just entertaining ourselves, and we'll be talking about it.", '. Rachel, Rachel, Rachel, on the other hand, Rachel, on the other hand, Rachel, Rachel, on the other hand, Rachel, Rachel.', 'your true name? Your true name?', "I'm Rachel, I'm Rachel, I'm Rachel, I'm Rachel, I'm Rachel, I'm Rachel.", 'this is part of the training program?This is part of the training program?', 'ared at him.', 'some idea, hope, dream.', ', even the most important of us are not only bread.', 'in every one of us is some inner life - and he survives even after we become gossi."', 'me, you, Haddie and Nora.', 'my three exceptional children in this exceptional day.', '. Are you for? Are you for? Are you for?', "I'm sorry, it's Jen. It's Jen.", 'I have to go to a meeting of the student board.', ', yeah, yeah, yeah, yeah.', ", please, don't cry.", 'Mr. Pa. Pa, gold.', "if Dad's gone, can I eat it at TV?", ', yeah, go on, and go on.', '. Well, well, well.', ", it's not as it looks like.", "I know I'm going out, but it's stronger than me.", 'tly, I understand you, I understand you.', 'your secret is safe with me. Your secret is safe for me.', 'area district olast', 'type type type type', 'mystery My ⁇   ⁇   ⁇   ⁇  My ⁇   ⁇   ⁇   ⁇   ⁇   ⁇   ⁇   ⁇  My ⁇   ⁇   ⁇   ⁇   ⁇   ⁇ ', 'lávesnice Klávesnice, Klávesnice, Klávesnice, Klávesnice, Klávesnice, Klávesnice', 'to insert a deposit box, insert a deposit box.', 'to cancel cancel the cancellation of cancellation of cancellation of the cancellation of cancellation of cancellation of cancellation of cancellation in order to cancel the cancellation of cancellation.', 'image Figure Image Image Accomodation Picture', '. Video video', 'download %s video (%s, %s) download %s video (%s, %s)', 'arges of the preview of the preview of the preview of the preview of the preview of the preview of the prevailing vision of the overview of the prevailing vision of the overview of the prevailing nature of the market.', '(%.1f percent of %d) (%.1f percent of %d)', ': %d: %d', '-known non-confidentiality of the non-known non-confidentiality of the non-confidential area.', 'under 18', ': 18 to 255 to 25', ', never tell them anything, yes.', 'in the work!', 'I read the protocol on the Colombian affair.', 'you had a bulletproof vest.', 'this must not be infiltrated at infiltration.', 'was cold. I was cold.', "you didn't have worried about it?", 'here is a stink of how in the bread.', 'what are you playing? For what are you playing it?', ': Are you afraid of me? Are you worried about it?', "I'm saying there's a stink in both the bread.", 'the FORMA', 'the film-coated tablet (tableta).', 'yellow biconvex film-coated tablet with crocheted edges with ‘S10’ on the one hand and Boehringer Ingelheim logo on the other side (mean tablet ratio: 9.1 mm).', 'the biggest group of students who participated in the Erasmus programme, formed students of social science, trade and justice (26.6%), the second place belonged to the strongest group of previous year, i.e. the students of humanities and art (17.1%), and the third place occupied students of agriculture and veterinary (15.4%), whose number was even eight times higher than the previous year.', 'how many higher education students (bachelor and Magistrian fields) are involved in Erasmus countries?', 'how many of them spent in 2010-2011 part of the study or the entire study abroad?', 'before you can try this example, you must set the sample packages that are supplied together with IBM Cognos Business Intelligence.', 'other information see Administration Manual and Security IBM Cognos Business Intelligence.', 'you must also have an example report of the list  ⁇ Sample - Creation of a grouped list for sold units ⁇  on page 23.', ", Chip, I'm sure I have.", "I'll take care of him well.", '... I mean... he was... he was... huge!', 'I want to say at least eight... uh, no more than ten feet!', ', I can clarify this... little misunderstanding. When... when...', ', go away from me.!!!!!Go away from me!', ", I know it doesn't look good, but it's a repressive and friendly.", ". It's my friend. It's my friend. It's my friend. It's my friend.", "if I didn't know you, I'd say that you'd feel with the monster.", 'in the night of nights, they will go after them.', '.No!! No!! No!! No!!', "we're not safe until I have my head on my wall!", 'I say: We kill the Animals!', "until she's dead, we're not safe - We're coming to watch us at night at night, we're not going to watch us at night.", 'support for capacity building by the Commission, therefore, focuses mainly on public finances management.', 'between the need for improved public finances management in a country and the amounts granted to support capacity building, however, is not a clear link.', ', therefore, it is not clear whether the usual share of the funding of general budget support programmes allocated to capacity building, usually in order 5%, is sufficient to have significant impact.', 'that is not impossible.', 'impossible, it is not in our dictionary.', ', who said it? Who said it to him?', '. You. You. You. You.', '-inactivated influenza vaccine (a whole virion) contains a pandemic strain with a quantity of antigen* equivalent to that of an antigen.', ': A/Vietnam/1194/2004 (H5N1)*****', 'doses of 0.5 ml of 0.5 ml respectively.', ': "There are no further occurrence of the meeting meetings available.', "you'll see what's in you, Weathers.", 'in the bus.', 'Evansi.', 'you still want to be Mustang?', 'able that I want to do so.', ', but I do not meet physical assumptions, coach.', "Evans, to be Mustang, you don't need to be atlet.", ', look at me. Look at me.', 'enough if you have a heart. If you have heart.', ', and I know you have the heart. And I know you have the heart.', 'the manager would have thrown out the equipment manager.', "you're not interested in the interest?", ", you know, that's why, you know, yeah!", "that's why you're doing this. So, let's go. So let's go. So let's go.", 'this is the perfect size, but yes.', ', he thought Peterson would be a good soldier from Peterson.', "you ran together because Peterson knew I'd find out that you two killed Waters.", 'this is all, thank you, thank you.', "you'll bet on it your ass.", 'right... behave!', 'ladies and gentlemen: Ladies and gentlemen:', '. The Revolution! The Revolution!', '"We met here today to discuss the thing that we call life.', '"Electrizing word of life"', ', "I mean, forever and for a long time.', '. "It\'s something else. "It\'s something else.', '. "There you can always see the sun, you can always see the sun.', '. "I know that every Dr. Everything will give it to order. Every Dr. Everything will give it to order.', ', "Give him what you think about you, baby, baby, baby, baby.', '. "In this life, "In this life, "In this life, this life, "In this life, "In this life, "In this life, this life, "In this life, this life, the life of which is to say.', 'you want to erase my rock before you take it?', '. Jake.', ". There's nothing too much power.", "I'm a yellow feather.", 'we welcome the warrior with the pale face.', ", I think you've been mistaken to me.", ". She's... She's... She's... She's... She's... She's... She's... She's... She's... She's...", '. Sure. Sure.', 'I am a great warrior, pale face.', 'here you are strong here. Here you are strong.', '. Yeah, ruins, big ruins.', 'face to be stronger than other white warriors.', '. Thanks to this, thanks. Thanks to it. Thanks to it, thanks.', "it's nice of you. It's from you. It's very nice of you. It's from you.", 'the yellow fever knows, you killed 11 of his most brave.', ', in support of its claim, it submitted certain price offers to support its claim.', ', however, that claim had to be rejected, since the price offers cannot be taken into account, without proving that the transaction finally took place.', ', in any event, as stated in recital (40), the export prices maintained for the calculation of dumping were the prices charged by the exporting producer concerned.', 'rates were verified during the investigation at the premises of the company concerned in the company concerned.', ': Updated HTML works in Dreamweaver documents other than for other HTML documents.', "you'll do it!!!Oh, do it!", "you'll find out there!!", ', where are they separated? Where are they separated?', ', where are they? Where are they? Where are they?', ', where are they? Where are they? Where are they?', ". Let's find them. Let's find them. Let's find them. Let's find them. Let's find them.", 'you split, split up.', 'in the first place...', "you're okay? Are you okay? Are you all right?", '. It worked. It worked.', '. Yeah. Yeah. Yeah. Yeah. Yeah.', 'the book in order?', '. Yes. Yes. Yes. Yes, yes, yes.', 'this was done, Bridge.', 'me now, Amadeo, you must insert a peaceful force into every breath and decide that you will fight this illness and heal.', "you'll fold your weapons.", "that we don't have the plan.", 'we will not let you take King Arcon from us.', ': Good king Arkon is a fraud.', 'our king is wise. Our king is wise.', ". He's a researcher. He's a scientist. He's a scientist. He's a scientist. He's a scientist.", 'you can be your king, but there is no researcher.', 'can only interpret what is written on the walls of the temple nearby from there.', ', in those notes, and anyone who can read can do the same forecasts.', "this is a lie. It's a lie.", "why we don't go back to the village and let us explain it from King Arcon.", ', firstly, but you compile the weapons.', 'Jack? Jack? Jack?', 'Danieli? Daniel?', "they won't shoot... wouldn't they shoot... do they not?", "I'm sorry. I'm sorry.", 'I was helpless.', 'that heart was not sufficiently strong enough.', "you'll let me go.", "that's why I'm the one that's the one that I'm myself.", 'Daniel. Daniel. Daniel.', 'Danieli? Daniel?', '. Stop. Stop. Stop.', 'that pain stopped the pain.', '. How? How? How? How? How? Is it?', '... just... let me go. Just let me go.', '. No. No. No. no.', "I don't want to lose you again. I don't want to lose you again.", 'Daniel. Daniel. Daniel.', 'Daniel, come to me.', "is dead. It's dead.", '. Well, Dad, Dad. Well, daddy.', 'now, please raise this. Please note, please.', 'Samueli.', 'Dad. Dad. Dad, Dad, Dad.', 'I found him on the hill...', 'this! With this, this!!', "you're okay? Are you okay? Are you all right?", "Claire, I didn't do it.", ', you murderer! You murderer!', ", he's the one who's on.", 'you brought him here. You brought him here.', ". No, don't hurt them.", '. We are better than they are. We are better than they are.', 'you take him to the house of mirrors.', 'Claro!! Claro!', "you'll be careful!", 'in the bathroom is a free nasorosic!', 'ly, how dare you dare?', 'that I mean from the planet. I mean, this I think of the planet.', 'until the ratios change, people.', 'until the change is changed.', 'now, as you watched us naked...', 'you thought me at least a second...', 'for attractive?', ', there is a certain attractiveness.', "what's the word... gravity fields.", ', Ha Ha Ha Ha Ha Ha Ha Hah!', "you're really funny. You're really funny.", ", Hero, I know what you've been doing.", 'Mr.  ⁇ Igby, so at least in Paris, he was an Englishman, met him before Dupuy, and then he struck him in another salon.', 'ly, even fifteen years after the Duke of Bouquinquant had proved that the Englishman can have a le roman en test and be able to be foolish.', 'he told him that they had a beautiful and proud queen in France, and he created a dream and that dream sacrificed his life and even died for him.', ', for a long time he lived on the ship on which his beloved was built by the altar.', ', when it came to know that it was just from the mandate of Bouquinquant, sometimes before twelve years ago, the jigby was a pirate on the sea and fought against Spain, all Paris precious preciosis began to consider him a charming man.', 'in the Dupuy circles of England were not particularly popular, they considered them as a sort of figure like Robertus and Flutibus, Medicalinae Doctor, Eques Auratus and Oxford Harmiger, against which a number of pamphletes in which he had been criticized by overcultural nature.', "if it's normal day today, nothing special is happening today.", ". But... But... But... ...but... ...but... ...there's...", 'I forgot that it is extremely unfortunate day today.', "it sounds crazy... but I'll die.", "it's here. It's here. It's here.", 'if I knew it, I would have been before.', 'I would not come late. I would not come late.', "I wouldn't let the boys throw up.", 'that should have been the day today...', '. Hey! Hey! Hey!!!!!!', "you're blind or whatever?!", 'you, excuse me!', 'ly apologize immediately!', "I'm sorry! I'm sorry!", "who'd she fucked up with?", 'with no one. It is with anyone.', 'ten, nine, eight, eight...', 'the jaw crusader.', 'that name is speaking for everything.', "good morning, Reagan's middle.", 'the funeral will take place... tomorrow at two hours at the cemetery in the Cloverdale.', '... ...pan Murk, our advisor, will be available... ... those who suffer anxiety.', 'I feel with you all. I feel with you all.', '. Tragic tragic.', 'that beautiful and charming girl like Elizabeth Purro... ...made such fate.', "I don't know what I'm going to do.", "it's going to be okay. It's going to be okay.", 'the neighbor said she saw... ...that day, a girl with apprenticeships in 15:30.', 'I asked him what he thought of his eternal "stroms" and why he still grants them, and to my surprise he answered that I said that I had come to Pavlovs for the last time.', "out of this hole, and then I'll take care of the Great Eda.", "you'll let him live so long?", '. No, Cody. No, Cody.', "I'll take care of him. I'll take care of him.", '. No, Mum, Mum.', 'if he had done such thing, he must not pass it through it.', '. No, Mum, Mum.', 'I go after him not to negotiate your murder here.', "I'm saying that you don't do it.", 'now, Cody.', '. Mom! Mom! Mom! Mom!! Mummy!', 'what is it, Parkeree? What is it, Parkere?', '. At least, at least so far as possible.', ", but at night, you'll be... sweating horror in me.", "I'll take care of the Great Eda.", 'that he saw it? He saw it?', 'not entirely. Not entirely.', ', good, boy?', 'the door, please close the door, please.', 'Althea Jarry.', 'Jax Teller. Jax Teller.', 'Chibs. Chibs.', "I didn't know it was a family business.", "I know. - This isn't about us. - This isn't about us.", 'here we have legal and quiet business here.', 'I am rich! I am rich!', 'how did you come to this? How did you come to this?', 'I fought.', ', and he won, and won?', ". Yes, Madam. Yes, ma'am.", 'what do you get for winning?', '.Respect.Respect.', 'why do you have to fight cultivation to obtain respect?', 'and they made me a chef, and not only did it from me, and not only did it.', 'me after the other seafarers eat.', "two years and the Navy didn't let me shoot out of weapons.", 'you prefer to pay attention to yourself, Officer Miller.', ', you know, he taught me flying.', "he'll be there with me. He'll be with me.", 'me always forced me to be better and faster.', 'Downing and Gates.', 'we need to let them out there. We have to let them out there.', 'on Downing and Gates, we have a marching band...', 'your hands upstairs. Give your hands up.', 'your hands upstairs. Give your hands up.', "now there's no one else than Kan-Easy here, and now there's no one else than Kan-Easy, here's Kan-Easy, and now there's no one else but Kan-Easy,", '. AKAKA Kanye West.', ". Well, so, it's just that you know, you know, you know, you know, you know, you know, you know, you know, you know, you've got to know.", 'failure to impose due to insufficient access rights.', 'you must have the right to the administrator.', 'probably data loss occurred.', '(Chyba  ⁇  %1!lx!)', ', with the Principles of imposition, the principles of storage of the storage of storage facilities, the principles of storage of storage facilities, and the principles governing the storage of storage facilities.', 'the opening of the wireless network principles has not managed.', 'no domain controller was found.', 'the opening of the wireless network principles has not managed.', 'was not possible to communicate with Active Directory.', 'creation of wireless network storage principles has not managed.', "you probably don't have access rights for administration.", 'the opening of the wireless network principles has not managed due to insufficient access rights.', 'you need to be the administrator. You must be the administrator.', 'the opening of the wireless network principles has not managed.', 'the following error occurred: %1: %1', '. He had a map.', 'it sounds as if everything was okay?', "your master will kill just like you if you don't let us out.", 'the partner countries of the European Neighbourhood Policy of Eastern Europe and Southern Caucasus 2.2.1.', 'the current framework for relations with Eastern Europe countries and Southern Caucasus is a European Neighbourhood Policy.', ', although cooperation in the field of migration, visa issues, asylum policies, border management and other related economic and social issues indirectly mention the Partnership and Cooperation Agreement establishing a legal basis for the EC relationship with these countries, these topics are also included in all European Neighbourhood Policy Action Plan, which were negotiated with Eastern Partners.', 'some of these partner countries also have their own national action programmes in this context.', 'in the case of Ukraine there is a special action plan for justice, freedom and security, which corresponds to the part of this area in Action Plans negotiated with Armenia, Azerbaijan, Georgia and Moldova, and the Commission also cooperates with Ukraine on the basis of assessments of the outcome of the Acting Plan on Justice, Liberties and Security, which is the direct point.', 'issues are discussed in detail with Moldova and Ukraine in the relevant subcommittees and are also discussed at regular meetings of the EU-Ukraine Ministerial trips for Justice, Security and Justice, as well as the meetings of the Cooperation Committee and Cooperation Council.', 'access follows in the case of three countries of Southern Caucasus whose action plans were adopted in November 2006.', '. Dialogue and cooperation with individual countries progresses different rates, according to their capacity, size (which applies especially in Ukraine) and the situation.', ', although Belarus is a special case[7], technical cooperation on border policy issues, migration and organised crime is possible on the basis of contacts with Belarusian officials at working level and regional programmes within the framework of regional dialogue and regional programmes.', 'if the file is not automated and unstructured data, all documents from the institution file transmitted and all their copies shall be destroyed once the deadline for retention of the latest automated data in the file has expired.', 'the bike of the strip of his blade into Doona, that Perg could not count.', '. So the one who goes is going to risk not going back.', 'how long would we take us to get Jumper to you.', ', but if you need to do it? But if you need to do it?', '. We start working on the DHD.', "you're sure about it, Rodney?", '. We can show you this! We can show you this! We can show you!', "you're absolutely impossible! You're absolutely impossible!", ', are you ready to prepare for?', ', please wait, please! Please wait!', ". I'm next to me. I'm next to.", '. Carmen? Carmen? Carmen?', '. Well, well, well.', ', go on, go on, screaming!', ', thanks to you. Thank you.', 'your efforts are admirable, Mr Infield.', ', but this nonsense, although it does not affect my ability to work.', "you're sure, honourfulness?", 'because I see the exact veins on your neck.', 'the inflammation of fans, eaten as sulphuric acid, is old as yourself, so tell your client, whether he pulls his nerves out of the cheese and playing baseball.', 'this is your request for a judicial prohibition... ...removing.', "this is a code for your safety, if you can't say something in the case of official investigation.", "now we're approaching. Really? I'm really getting closer.", '. Someone? Well, yeah, yeah.', "it's fun. It's fun. It's fun. It's fun. It's fun.", 'the oils unfortunate, you do not have any idea, do you?', 'I have a wife and children. I have accounts. I have accounts. I have accounts. I have accounts.', ', and my mother, you have met.', 'Dean, all you just said is absolutely true.', ', Dean? Dean? Dean? Dean?', 'preparation for magic. - No!', '. Yes. Yes. Yes. Yes, yes, yes.', '. As Kevin is a prophet when Chuck is a prophet?', ', Kevin, as you see here, our relationship is now simplified by many.', 'I can do a lot, for a brave boy like you.', '"Demonic influence on the overall tapestry of the soul."', '. - Yeah! Do you have it?', 'you remember how I told you Weiss found the bomb in Harlem? - Yeah. - They found her in Chinatown.', "I didn't call her anymore. - How long is it?", 'where did it fall? Where did it fall? Where did it fall?', 'the machine. - This is not the time.', 'ly fucking!!', ", damn! - we're going! - we're going to go!!!!!!!!!!!!!!!!!!!!!!!!!!!!", "we're going! - Kurt!!!!! - Kurt!", 'quickly, fast, fast, quick, quick, quick, quick!!!!!!!!!!!!!!!!!!!!!!!!!!!!!!!!!!!', '! shit! damn it!! damn it!', ', go, go, shit!', ', okay? Well, okay?', ', look out!!!!! Observatory!', ', finally, he gets to you, but now they have a lot of work with this rescue operation.', "you've been singing, And Hard Rain's Gonna Fall.", 'it can even be based on your feelings about atomic rain.', ", no, it wasn't atomic rain, that's already thought someone else too.", 'this is not atomic rain. It is not atomic rain.', '. Continue.', "it's just a strong rain. It's just a strong rain.", 'the fight against doping Doping remains a serious threat to sport.', 'the use of doping substances in the case of non-professional athletes constitutes a serious threat to public health and requires preventive measures, including the establishment of centres for cleaning good physical condition.', 'the prevention and impacts in the field of doping fall within the competence of sports organisations and Member States.', 'the Commission supports the fight against doping and an important role of the World Antidoping Agency, National Antidoping Organisations, accredited laboratories, the Council of Europe and UNESCO.', 'also welcomes the fact that national anti-doping organisations are increasingly organised as independent authorities.', 'ing Member States to take and share national anti-doping action plans aimed at ensuring coordination between all relevant sectors.', 'the number of stakeholders require more active access by the EU in combating doping, whereby the adoption of the Antidoping Convention of the Council of Europe, where the competence in this Union enables it.', 'needs to be evaluated by the consequences of granting Union powers under Article 165 TFEU in respect of EU representation in the management structures of the World Antidoping Agency.', 'ing the need for anti-doping rules and procedures consistent with EU legislation as regards respect for fundamental rights and principles such as the respect for private and family life, protection of personal data and the right to a fair trial and the presumption of innocence.', 'ing the exercise of such rights and freedoms must be given by law and to comply with the nature of those rights and the principle of proportionality.', ". Yeah, yeah, I'm sorry.", ". I can't help you. I can't help you.", 'Steve, do you have a pen? Steve, do you have a pen?', ", yeah, look, remember that whatever it is, he's got the feelings.", "you're so sensitive?", "you're being here regularly? I am? I?", ', yeah? Yeah? Yeah? Yeah?', ', so who was working here two days ago?', ", I can't remember. I can't remember.", ', thanks to your help, thanks to your help.', '. And for the water for the water.', '. Did you have something? Have you got something?', 'the number.', '! Only women and children! Only women and children! Only women and children!', ', thank you. We have our best clothes and the deadman as a jentlmeni.', ', we would like to enjoy the brandy.', 'Captain, where am I going to go?', "here. Here's the way here.", '.No! you will turn us back!!! You will return us!', 'to go through the valley of the shadows of death, I will not be afraid.', "you couldn't go a little faster that valley?", 'Jack! Jack! Jack!', 'they had gone up... because of the belief of water, but... they returned back.', 'now, go on slowly on.', 'me. Did someone hear me? Did someone hear me?', 'Jack. Jack. Jack.', 'Gimli shouted, "Now!" said Gimli.', ', "Legolas!"', '"I didn\'t say that I would like to talk to you?" said the old man.', ', "Give away the bow, Master elfe!"', "Luk and the arrows fell from Legolas' hands, and his arms shone freely on his side.", ', "And you, Master of Dwarf, please don\'t touch the axis hip until I\'m upstairs.', 'you won\'t need such arguments."', 'Gimli jerked and then stood like a scattered and stared, while the old man jumped down the rough stairs upward like a cake.', 'as if all tiredness had left him.', 'how many were you? And how much was it for you?', "now, let's say that enough old enough to teach her something and young enough to bother me.", '. Fujuj. Fujuj.', 'I loved her. I loved her.', 'and then she grew me up...', ', and then she left.', ', but she returned, but she returned.', '. It\'s like "Lolithy".', ", you know, I'm not going anywhere without it. I'm not going anywhere.", "that's over there.", '. Thanks to this, thanks. Thanks to it. Thanks to it, thanks.', 'Nancy!Nancy!! Nancy!', 'you did what I told you? Did you do what I said to you?', ', where is it small? Where is it small? Where is it small?', ': 47 The appellants are limited to the fact that the form of assertion challenges the assessment of the facts.', 'that the Court of First Instance distorted the evidence submitted to it.', ', in any event, it cannot be argued that the Court of First Instance had to conclude that the objectives pursued by the Commission were different than claimed.', '48 It follows that the ground of appeal alleging misuse of powers must be rejected.', ': 49 As regards the ground of appeal alleging failure to state reasons of the judgment under appeal, it must be observed that Ramondin did not bring it in its appeal.', 'that plea is inadmissible under Article 42(2) and Article 118 of the Rules of Procedure of the Court of Justice.', "and he didn't stop talking yet. And he didn't stop talking yet.", 'this is not true. This is not true.', 'now it is necessary to be granted.', 'how could the Zadovsky ... confess the things that could stand him head?', "to save life. He knows he's just one choice: confession.", ", but I don't have anything to admit.", "and don't talk to him like this.", "it's not a comrade, but a traitor.", "you'll be able to go.", 'my side, my friends, comrades, judges.', '. I responded as well ... in the processes with Rajk.', 'what communist would he be afraid of? what communist would the Communist be?', 'how to understand that the party that is unjustifiable... ...can it require innocent to grant?', 'we do everything to reveal your betrayal against the side and the people.', 'ly he knew contacts on American spies.', 'the help of the aid.', 'that might not be true. It is perhaps not true.', 'you are Mr Sparrow?', "here. Here's the way here.", ". That was the road, wasn't it?", 'you might convince your daughter and her husband to give up.', "I fear not only of our men's security, but frankly also about their lives.", 'why did I tell you why did I have to tell you?', '. Yes. Yes. Yes. Yes, yes, yes.', "when you're ready, press the black button here.", "when you're ready, talk just a normal voice.", 'and press... ...this button and talk.', 'what you think is right.', "your dad's talking about your daddy.", "it's good that poor mother is dead and he doesn't see how you finished.", ', after that, we can worry about the correcting of her imbalances.', "you don't worry about the power of Prince Wu?", ', when Kuvira opened the purity of the Earth kingdom, she knew that her position was not stable.', 'she gave me her word that she will withdraw.', 'I would feel much better if Korra was here.', 'you have to help me return to form so that I can do the work of Avatara again.', "I get hard on my ass from all idiots across the Earth's kingdom.", 'the world needs me. The world needs me.', 'you can remember.', "the world doesn't need you a little bit.", ', but when I was Avatar, I stopped a couple of really evil people before carrying out really evil things.', ', when I was Chief of Police in the Republic City, I was hard to send all the criminals behind the bars.', ', but did he disappear for a crime?', 'if there is one thing I learned on the street is that the names are changing, but streets remain the same.', ", so, you're saying that everything I've achieved has been totally useless.", 'to reduce the deficit as soon as possible under 3 % of GDP, Cyprus is ready to adopt additional consolidation measures.', 'ably in the case of lower income or greater social expenditure needs due to adverse macroeconomic effects, the government is ready to take additional measures to maintain the objectives of the programme, including reducing discretionary expenditure, minimising the impact on the disadvantaged population groups.', ', during the programming period, the monetary revenue exceeds the programme forecasts, including any unexpected profits, shall be used to increase savings or debt reduction.', ', if it is, however, to achieve better results in such a way that improvements can be considered permanent, additional measures may be reduced in recent years.', "that doesn't forget it, too.", 'you slept well? Did you sleep well?', 'where is Pazu? Where is Pazu? Where is Pazu?', 'I want to see it! I want to see it!! I want to see it!', "you don't like the latest fashion?", ', not afraid of it.', 'has a harder head than I do.', "here's something I want to show you.", 'you go inside. Go inside. Go inside.', 'what is it... what is it...?? What is it...?', 'it has a terrible devastating force.', "it's a robot soldier. It's a robot soldier.", "if this guy didn't fall out of the sky, nobody would believe in Laput.", 'this was not produced anywhere on the ground surface.', ". It has the strength you can't imagine.", 'other links can be found on the same website.', '[4] Commission Staff Working Document [...].', '(5] SEC (2007) 1278 of 10 October 2007, Action 4.6., p.16.', '[6] Regulation (EC) No 1013/2006 of the European Parliament and of the Council of 14 June 2006 on the transport of waste, OJ L 190, 12.7.2006, p. 1 (the waste carriage arrangement).', ': PS October 2008 does not appear in October 2008.', 'ar saldo (% of GDP)', ", although he didn't want to cry again, he couldn't defend himself.", 'that tipping the press.', 'in the newspapers is an article about it.', 'if he had flying with others like United, TWA, Conano, Eastern...', 'this clowns love this.', '... James Bond... James Bond.', ', tell me Jil, why does it do it?', "that you've got a little overlooked.", ', where did you give a reason? Where did you give reason?', ', where is your courage? Where is your courage? Where is your courage?', "I'm trying to be a big one here. I'm trying to take a little bit of big.", "you know what I'm talking about.", ', when you behave, how can I rely on you?', "if you want to go with me, he'll have to be after my.", 'my situation, I answer for thousands of people.', 'a $100 million enterprise will pass for a year.', 'me if I have problems, they will also have the others.', 'that stupid license.', ", when I hang my flag here, you won't need a license.", "I don't know why, but the more I'm talking to you, the more I think you don't want to do with me.", ". No, I don't want to go to it. I don't want to go to it.", "I don't want to have anything to do with it, do you understand?", '[7] PriceWaterhouseCoopersAdvisory: Impact Assessment Studies concerning measures to reduce noise from rail transport aimed at existing car park.', 'ustrial report, December 2007.http://ec.europa.eu/transport/rail/studies/index_en.htm.', 'abilities of type K are made from organic composite material and have different braking properties compared to traditional lamps.', 'that we can break it up.', 'he said that the bank purchases navigational system for hundreds for 200 million dollars.', 'what are they going to do?', 'ly, so well, so well.', 'I heard the car coming, so I went to look at the window.', ', and as all of you all sat around you!', 'when I go down the street, people look at me and say, "This is Roy Hobbs. He is the best."', 'was 1 6 years before I got here.', "I don't know where the water takes, but...", 'we need to start asking. "What is it a loss?"', 'you sit on your back and watch out. Lehce is swinginging...', '. Movement. Move!!', 'MacBride gave him a quick and strong hatch to the inside corner.', 'you go down the yard, take a really good piece of wood - and make it together.', 'in response to the accusations of Max Mercy that Wonderboy is a non-regulatory bat, Commissioner Gates declared.', 'the Abel goes to the 2nd, Fowler seeks to defend him.', ', Bamp Bailey died on the wall on the right field when he caught the ball.', 'what is it in your head? What are you worried about it in your head?', 'this is incredible! This is incredible!', '. "Of course. "Of course.', 'you need to feel into action...', '. So we need a signal disturbance on the spot. So we need a signal disturbance.', ", as well as safe transmittees, let's talk.", "the only option is the commander, but there's every piece of computer, - When we say something about something, Theo will find out.", ', can you give me a drink? can you drink me a drink?', '. Thanks to this, thanks. Thanks to it. Thanks to it, thanks.', 'I know what Theo wants, and I know what Mark wants.', "for you, I'm not sure about you.", 'he killed his wife, almost killed his children.', 'how do you think you have a chance? What do you think you have a chance?', 'what is it for you to do? What is it for you to do?', '. Swimming in aquarium with two sharks.', "I think Kyle didn't want this for you for Kyle.", "and you think I'm going to cry and let you just because you mention Kyle?", 'I am better for you than any of the two of these two.', 'what will I have to do? What will I have to do?', ', next time, probably, or not.', 'Christ, Mr. Kriste, Lord.', '. No, no, no, no, no, no.', 'the house has enough fish.', 'you can taste.', 'it? It burns it? It burns?', '. Yeah. Yeah. Yeah. Yeah. Yeah.', ": Good, isn't it good, right?", 'you. Give yourself. Give yourselves.', ", no, I'm full! I'm full!", '. Give me also a few daddy.', ', we should also be able to make the stitches.', ', one more day and the worms will be in it.', '-hee, come here.', 'values or weight of pollutants in plants during the specified period not to be exceeded;', '6 — Total CHAPTER 6 0 — EXPENDITY PROGRAM ⁇  UNION CHAPTER 6 1 — REPLEMENTATION OF THE COMMITTEE CHAPTER 6 6 — OTHER STATEMENTS CHAPTER 6 2 — REPLEMENTS OF THE EUROPEAN COMMUNITMENT AND OF THE EUROPEAN COMMUNITMENTS CHAPTER 6 3 — EXPLANATES OF THE EUROPEAN COMMUNITMENT AND OF THE EUROPEAN COMMUNITMENTS CHAPTER 6 5 — FINANCAL OPERATIONS CHAPTER 6 6 6 — OTHER STATES CHAPTER 6 6 — OTHER STATED COMMENTS OF THE COMMENTS OF THE EUROPEAN COMMITMENTS OF THE EUROPEAN COMMITMENTS OF THE EUROPEAN COMMITMENTS OF THE EUROPEAN COMMITMENTS OF THE EUROPEAN COMMITMENTS OF THE EUROPEAN COMMUNITMENTS OF THE EUROPEAN COMMITMENTS OF THE EUROPEAN UNIONS OF THE EUROPEAN UNIONS OF THE EUROPEAN UNIONS OF THE EUROPEAN UNIONS OF THE EUROPEAN UNIONS OF THE EUROPEAN UNIONS OF THE EUROPEAN UNIONS OF THE EUROPEAN UNIONS OF THE EUROPEAN UNIONS OF THE EUROPEAN UNIONS OF THE EUROPEAN UNIONS OF THE EUROPEAN UNIONS OF THE EUROPEAN UNIONS OF THE EUROPEAN UNIONS OF THE EUROPEAN UNIONS OF THE EUROPEAN UNIONS OF THE EUROPEAN UNIONS OF THE EUROPEAN UNIONS', 'abilities arising from cooperation agreements between Switzerland and the European Atomic Energy Community, in particular from the Agreement of 14 September 1978.', ', yeah, he hung up.', "ing me all the secrets they don't even know the space itself.", 'I realized that yesterday he became a lot, long ago.', 'was a honor for me. It was a honor for me.', 'I doubt it. I doubt it. I doubt it.', 'what I know about what was between you and O.', "it's a great woman, but you know the rules.", 'among agents, there must be no close relationships between agents.', "I think you've been more than near a few times.", 'this is now my favorite miracle of human history.', "if it's not the case where K forget to give a pipe.", 'I almost forgot about it. I almost forgot.', 'that was a beard. It was a beard.', "that I'll decide what it's like.", 'looks like some kind of cake.', 'storage dimensions storage dimension', 'the systemic language of the systemic language of the systemic language of the systemic language of the systemic language of the systemic language of the systemic language of the systemic language of the systemic language of the systemic language of the systemic language', 'unit unit units system units system units, units and unit units, system of units, i.e. unit units, system units, units and unit units.', 'the follow-up dimensions of the monitored dimensions of the monitored dimension', 'unit class unit classes unit classes Units', 'configuration configuration technology variant configuration variants', 'ing the budget dimension of the budget dimension of the budget direction of the budget.', 'the rule of control of the budget of the budget of the budget of the budget, the rule of scrutiny of the budget is to be taken into account by the Budgetary Control rule.', 'duration of the budgetary cycle duration of the budgetary cycle of the budgetary cycle', 'able securities of the non-trade securities', 'the unmarkable cheque for the non-market cheque for the non-marketable cheque for the non-market cheque of the non-trade cheque.', 'the candidate for tenderers.', 'the application for the application of the application for the application of the application for a request for a preliminary ruling from the Court of First Instance, the application for registration of the European Parliament and of the European Parliament and of the European Parliament and of the European Union.', 'the basket of the login isolated.', ': employee member of staff member of the employee of the employee of the employee of the employee of the employee of the employee of the employee of the employee of the employee of the employee of the employee of the staff member of the European Union.', 'these children will come with us? Those children will come with us?', "I didn't get anyone to watch.", 'the parents will not return to the evening.', "you're crazy about them.", ", they're too good children.", "you don't want to leave them for someone?", "I know the girl who's gonna take care of them.", "you're crazy? Did you crazy?", ". I can't just just laugh at someone.", "you're sure, aunt?", "you're going to want? If you want to?", ', do you have something without fat there?', '.All this is all worthy.All is excellent.', ', unfortunately, we do not have a diet.', 'two wheels. Two wheels.', '. Wait a minute. Wait. Wait. Wait, wait.', ', when did Prya arrive? When did Prya arrive?', ', a few days ago.', "it is that Bernadette doesn't like to worry about my mother and my mother does not trust Bernadette...", ", it's a fake.", "you'll be able to take care of.", ", don't worry about it.", 'as your tertiary friend I am ready to hit and comfort you.', "that really isn't necessary. It really is not necessary.", '. No, no, no, no, no, no.', "I'll do tea while you'll be a narcistically evident of anything that bothers you.", '. Thanks to this, thanks. Thanks to it. Thanks to it, thanks.', 'from this here the terciary friends are.', 'who is it? Who is it? Who is it?', "you can't go inside, you can't get in.", "Marshall, it's me. Barney!", 'this was only the second biggest surprise of the day.', '. - Wow, this is great! - Wow, this is great!', 'he missed training.', "you don't need to be nice when I'm with Haley, okay?", ". Well, I'm not the one. I'm not. It's not me.", 'the team without you, man.', '. Whitey said Whitey.', "I'll try to avoid him. I'll try to avoid him.", ". So yeah, yeah, yeah, that's what's going on.", 'as usual, as usual, as usual.', 'I have hallucinations?', 'I saw you talk to Lucas?', ', no, he tried to talk to me.', 'you want to go to England? Do you want to go to England?', 'you coming with me? Do you go with me?', '. Do you mean it seriously? Do you mean it? Do you mean it seriously?', 'what is the result? What is the result?What is the result?', 'nine, five, one round of decisive.', 'for whom? For whom? For whom?', "you'll be able to make a decision! So decide!", 'the audience who were the whole struggle on his feet, still standing and calling the name of the one who seems to be a clear winner.', 'James J. Braddock! James J. Braddock!', '. Hey, Zivo. Hi, Zivo.', '. Well, Israel, Israelis are back.', "Amsterdam is included in today's negotiations?", 'now you have to be brave and learn the truth.', 'you can get him into a secure house!', ', look at me! Look at me!', "I can't believe that this happened again.", 'now, Leone, hold on.', 'able torn organs, torn cream and rapid blood loss of blood.', 'and she was with me during thirty strange convictions.', 'the exclusion of the meat concerned which is suitable for human consumption, from products to which export refunds can be granted, is neither in accordance with the Court’s case-law that the concept of satisfactory commercial quality depends on the possibility of placing the goods in question on the market.', 'that such exclusion would not be consistent with the Community interest because such meat would be indicated on the part of the Community market.', ', "What\'s smart?"', 'Clogston showed an analyzer that now displayed an imperfect chain of letters and digits in the cheer colors.', 'that was not clear how they could survive you in the veins that sparked your gloves.', 'they were abandoned."', ', "What?" "What?"', '"It\'s a standard trick that carries drugs or drug through enemy environment - for example through the stomach into blood.', ', but this time, the illness was transported.', '. There is no loss in transporter."', '"Aha. "Aha.', 'Doneste petrol!', 'what do you want to do? What do you want to do?', 'what do you want to do with the lamp? What do you want to do with the lamp?', 'from Gitte and Benta.', 'is our wedding gift. It is our wedding gift.', "you're totally crazy about it?", "you don't do this. You're not doing this.", '.  ⁇ alse.', 'what the hell are you doing here, Dr. Dr.?', "it's really sad, sir. It's really sad, Doctor.", '. But what I know is now. But what I know is already.', ", I'm a poor bastard.", 'that has been certified by the national regulatory authority as an undertaking meeting the requirements of this Chapter, the competent Member State shall be approved and designated for the transmission system operator.', 'the certification procedure referred to in Article 7b shall apply.', "why not? Why aren't you? Why aren't you? Why aren't you?", 'because of him? Because of him? Because of him?', ", dear child, I don't think he'll be back again.", '. I can promise you. I can promise you.', ', Doctor, I actually came to tell you something.', 'you remember the centurion that brought us here?', 'it seems that he also disappeared.', 'ly it was he who hired the man to kill me.', ', or rather kill Maxima, um... how is it going on? How is it going on?', '... Pettulian.', '. Ehm, what?', 'I have to remember the name. I must remember the name.', 'I must, I have a good night. I have a good night.', ", Doctor, if he wanted to kill you, why didn't he take care of it himself?", ', since the Council could not accept the Commission’s proposals before 1 January 1993, the Council decided to adopt a transitional system before 1 January 1993.', ', in the case of tariffs, Directive 92/77/EEC[2], which approximates the rates in question.', "you're right, Allison.", '. Thanks to this, thanks. Thanks to it. Thanks to it, thanks.', "to be clear, no, you're not prey.", 'Pizza is here. Pizza is here.', '. Thanks, thanks, sweetheart, gold.', 'you go tell your brother. Go tell your brother.', ". It's in the room... with a girl.", 'Tom has a girl in the room in the room?', 'with the locked doors.', 'here, Mom, what are you doing there?', 'now nothing, when you said Mom.', ', Tomy, gold, why do you have locked doors?', ', Dad? Dad? Dad?', 'you crying? Do you cry?', "you're still in heaven? Are you still in heaven?", ", so I'll do it. So I'll do it.", '. Yes. Yes. Yes. Yes, yes, yes.', "you'll help Van Waldenberg team.", "you'll be living here all the time of preparation.", "you'll skate I live like a couple.", "it's a perhan, okay?", "I'm a master of carpets. I'm a master of carpets.", 'what does it mean? What does it mean? What does it mean?', 'the clamp and keep up.', 'Palandy? Palandy?', 'I want my room. I want my room. I want my room.', 'I am sorry, but I hurry.', '. Hey! Hey! Hey!!', '. Modelka?? Modelka?', 'the cut!', 'Daniel, how does it look like it?', ', thank you, reverende.', ', wait until all of us arrive and start up.', 'that writer, right?', 'I love to recognize you very much.', 't you? Really? Really? Really?', 'you need to be very proud of your brother.', '. Yes, I am, I am.', "you'll do that, then, you'll say, right?", ', no, Daniel will talk to Daniel.', 'ly, excellent.', 'I wonder if everything is prepared.', '. You should talk to you. You should talk to you.', 'that everyone expects it.', ". I'd just likewise ruin it.", 'Thompson grinned like a monkey.', ', "I didn\'t do anything to this precious cargo!', 'the other, boy!', 'they\'ll go quietly behind them, tell them to leave it!"', "ly Tally stopped suddenly, and pulled his arms out of Fraser's closure.", 'the policeman was involved, and almost knocked off Brian.', 'Tally turned and locked up into the attached palm.', ', "Let\'s go with this funny, friend!"', 'his twisting was not a brick canyon.', '. "You harm privacy property!"', 'Tom was thrown on a man like a flash with a sharp fist of fists.', 'the invitation to this.', ". Behold you, I wouldn't do it.", 'the phone back to the phone.', "I'm a poker. That's why I don't know.", 'what did you do to him? What did you do to him?', 'just fainted.', ', you forced him to faint him.', ", yeah, but not that I'd set a staple on the faint.", 'you got a phase? You have a phase? You have a phaser?', '... no... no... no...', ', can we throw the guy back to the car?', "you're a fountain? You're a fountain?", 'for you, I am for you.', 'why does everybody think this? Why does everybody think this?', 'in overtime, perhaps.', "you've already had enough overtime.", 'you pay beer, Brody.', "you're the boss here.", "now, you'll be doing so far.", 'I have a more important thing to do. I have more important things to do.', 'and no overtime.', '. OK. OK. OK. OK. OK.', 'now, Miku. While, Miku.', 'no overtime!', 'no overtime!', '. Hey, Miku. Hey, Mike.', '. Oh. Oh. Oh.', '. Hey, Dan, Dane.', '... I... I... I... I... I...', 'fucking asshole, my shoes!', 'these shoes stood me 200 Euros.', "who's the girl lying downstairs? Who's the girl lying downstairs?", "Lavinia, Arnald's cousin.", 'the girl.', "you don't try to throw me into the water or kick your ass.", '. Milá ⁇ ek.', 'you, watch out, throw you into the water.', ", no, she can't swim!", '. Help her! Help her!', 'to do something!Do something!', "you're afraid of you? Were you afraid of you?", ', I?? I.M.?', '. No. No. No. no.', 'you kill Emily? - No. - No.', ", or so it's going to be the police.", 'the eye for the eye behind the eye.', 'you earned a place in the first row.', 'Daniel will find out how bad taste for women really has.', "you're doing for the last moment of a speech?", 'is a long delayed adjustment of my life.', 'I called to your lawyer and agreed to your shareholders.', 'I sent to her with divorce papers.', ', you were right, Conrad.', 'is time to stop it. It is time to terminate it.', "if poetic timing, don't you think?", "I'll see you at this party.", "you couldn't choose a better time, Georgei.", 'Grayson Global is on the way to the best quarter in history.', "you can't sleep together without at least trying to figure out what you mean for yourself.", ", yeah, we knew you'd say it.", ', because of this, and we are very excited by the complex lies.', ', no, no, no, no, no, no!', 'I know it\'s written "professor Mosby", but for you... I\'m Ted.', "you'll tell me. Let's just say.", ', yeah, "Ted" from you, do we have anything to learn from you?', 'if you are a professor where you have a hat and a whip?', ', Barney, it was terrible! I was in the classroom...', "where do you have condoms? I'm out of this pills.", ". I guess I don't think I'm going to do this.", 'the first error was that you left her question.', "the second error was that you didn't follow her.", 'if a memorial committee decision-- lady, you commit a break!', 'you ever read the Institute?', '. STENDAL, N ⁇ MECK ⁇  DEMOKRATICAL REPUBLICS The deployment of fuel to small warehouses reduced the number of raids at them almost zero.', ', however, the safety sensation of the safety was insisting about a month.', 'ions of tanks and munitions were of course serious, but both were sufficient.', 'it was different with the fuselage fuel.', "you're kidding? Are you kidding?", 'this is what you said to me to tell me.', 'you tell me what I should say, please.', '.Tell me 14.', "I'll give you 14. I'll give you 14.", 'for this, it offers me 14! For this to me!', 'now I was beginning to do in the box.', "now you don't take a star yet.", 'I should like to get married to women?', 'this guy is our last chance. This guy is our last chance.', 'what the hell is with you? What the hell is there with you?', 'you have to let something get out of this again.', ". Hey, he's right. Hey, he's right. Hey, he's right.", "if we don't get Cosima out, so the shop doesn't.", '. We go up to sixteen grand. We go to sixteen grand.', 'this. Take it. Take it.', '. No. No. No. no.', 'the girls on girls.', ", you see? So, and it's like this.", '. Well, well, well.', ". So, and it's like this, and it's likewise.", ". It's going to you. It's the point. It's done to you.", '. Thanks to this, thanks. Thanks to it. Thanks to it, thanks.', ". That's nothing's going on. It's nothing. It's nothing. It's not anything.", "you'll be here. Go on. Go on. Go on.", 'on the opera, yeah.', '. Kurva.', "... today's numbers.", 'ate the following numbers as a complex number.', '(b) require additional safeguards for diseases which are exotic in the Community.', 'Article 14 Before the date of transmission to the Member State of destination, equidae must remain without interruption within the territory or part of the territory of a third country or — in the case of authorisation — in part of the territory defined in Article 13(2)(a) for the period to be determined in the decisions adopted pursuant to Article 15.', 'the equidae must come from the holding which is under veterinary supervision.', 'traditional areas research morphogenetic interactions between primary sensory axony and target tissue.', '. Yeah. Yeah. Yeah, a great deal.', 'I hope that everyone will fall on the spot of the dead now.', 'in jeans, a lot of corks had intervened a panic in middle age and cut McVries empty tub that lost all usefulness and started a new career as souvenir.', 'the panic was closer, but the boy was faster and he had reached it by half a length of length.', ', "Thanks!" he clapped behind McVries, picking up and twisted tub into the air.', 'then he put himself back to his friends.', 'the panic led him into a glimpse of glance.', "it's your fault. - Our guilt?", 'I want a joint action, state and federal, and it will be a national court.', "here you're a bit of coke from me.", 'God. God. God. God. Oh, God.', 'did not know that John was an agent.', ', do you understand? Did you understand?', 'my client says Agent Dover - Omar - reached unjustly after the weapon.', 'I have witnesses who confirm that Agent Dover took a weapon against my client before at least three times, convinces that they have seen repeatedly as Agent Doverber takes cocaine, and that he behaved strangely and was paranoid.', 'in all respect, if it really was...', "how can I prove self-defense when I can't show what pressure that guy was, and see if he had a permit to shoot?", '. Well, well, well.', 'it and I try to sort out what secret information is secret and what we can publish.', 'if you change the accusations, I want to know where these things were shared.', 'what is Junior Brown compared to what I can prove as a federal judge?', "now you've put it in place.", '. Help me! Help me!!!', '. Please help me! Someone! Help me!', 'my pleasure. My pleasure.', 'I love the horrifying films.', 'you saw "Do you drag me to Hell"?', "I'm trying to avoid it. I'm trying to avoid it.", ", but it's a great movie. But it's a great movie.", 'Saturday, seven, at home with me at home.', "I'll cook you dinner and I'll make a kick of my famous popcorn from white chocolate.", 'and we look at it. We look at it.', '. Is it payable? Is it payable to pay?', 'this sounds great, Marcy, but, uh...', ", okay, it's nothing.", ', yeah, and one more thing...', ", my sticker on the wood... it's a shunt.", 'the national sides of all coins issued in 2002, can be found in OJ C 373, 28.12.2001, p. 1 . ( 2 ) , p.', 'the conclusions of the Economic and Financial Affairs Council of 10 February 2009 and the Commission Recommendation of 19 December 2008 on common guidelines for national parties and issuing euro coins intended for circulation ( OJ L 9, 14.1.2009, p. 52 ).', 'laguna and Vista are across the street from the editorials.', 'anyone throws the mushrooms, works for newspapers.', "Burton's stirring in an hour.", 'you know what is in the bet, Shawne?', 'my entire future with family.', 'Yeah and two unresolved murders and innocent man who is still in jail.', ', but your family too. But your family too.', ", man, we still don't know who is a killer.", 'it will take longer than an hour to come to it.', ", yeah, we're going to do the stupid airport.", ", Burton, maybe you can't for the disappointment in this case.", "... I can't help but I think he'd be better detective if Shawne didn't pull you down.", "I don't see what it would help you in the case.", "you're the media, he's not.", 'why do you need it for what do you need it? Because of what do you need it?', 'mechanisms for granting the aid referred to in paragraph 1, the conditions which may apply to it and the above shall be determined in accordance with the procedure referred to in Article 40(2).', 'the crocodile!', 'the crocodile!', "she's dying! She's dying! She's dying!", 'the crocodile!', '. Yes. Yes. Yes. Yes, yes, yes.', '. Yes. Yes. Yes. Yes, yes, yes.', 'I--I thought I was a cat.', ', yes, something like that, something like that.', 'tly, I was with cats.', '. Yes, I was a little tangible with them.', "you'll never be sure when you try to throw them off, is that right?", ', so maybe I was a sad cat. I was maybe a sad cat.', 'was a sad cat? I was a sad cat?', 'because they surprise me--', 'yes, yes, yes, yes, the cats admire me.', ', as with other antiagregancies, clopidogrel should be used with caution in patients with potential risk of increased bleeding after trauma, surgery or as a result of other pathological conditions and, where concomitant administration of clopidogrel and ASA, heparin, glycoprotein IIb/IIIa or non-steroidal anti-phlogic inhibitors (NSAID) including cox-2 inhibitors or selective serotonin reverse inhibitors (SRI).', 'patients should be closely monitored if any signs of bleeding including occult bleeding, especially during the first weeks of treatment and/or following invasive cardiological performance or surgery.', 'atic administration of clopidogrel with oral anticoagulants is not recommended as it may increase bleeding intensity (see section 4.5).', 'if the patient is to undergo the planned operation and the anti-aggregation effect is not temporarily desirable, clopidogrel should be discontinued seven days before the performance.', 'patients should inform doctors and dental physicians before planning any surgery or other pharmacotherapy.', 'clopidogrel prolongs bleeding time and should therefore be administered to patients with bleeding tendency (particular gastrointestinal and intraocular) carefully.', 'should be informed that if clopidogrel (somotive or in combination with ASA), the haemorrhage could take longer than usual and that any unusual bleeding (deference or duration) should inform your doctor.', 'thrombocytopenic purpura (TTP) Thrombotic thrombocytopenic purpura (TTP) was reported very rarely after the use of clopidogrel.', 'is characterised by thrombocytopenia and microangiopathic haemolytic anaemia associated either with neurological findings, renal dysfunction or fever.', 'the TTP is a potentially fatal condition requiring unprecedented treatment including plasmaapheresis.', 'received haemophilia Following the use of clopidogrel, haemophilia was reported.', 'cases where a unique incidence of prolongation of the active partial thromboplastin time (aPTT) with bleeding or without it is necessary to take into account the possibility acquired haemophilia.', 'patients with confirmed diagnosis acquired haemophilia should treat a specialised doctor and administering clopidogrel should be terminated.', 'recent stroke brazing due to the lack of data, clopidogrel may not be recommended during the first 7 days after acute ischemical stroke.', 'Cytochrome P450 2C19 (CYP2C19)', 'the question 50 (Liam Aylward):', 'ing the product labelling from the sheep meat.', 'passive smoking, passive smoking.', 'passive exot, passive exot.', 'here. They were pretty generous. They were pretty generous.', 'gladly, Zeli.', 'the life of blaza.', 'you can see. Well, you see, you see.', 'the hundred bucks.', 'the unopened vial of 2 years 2 years old.', ', after reconstitution and dilution of Chemical and physical stability before use, treatment was demonstrated for 8 hours at room temperature.', 'from microbiological point of view, if the opening/reconstitution/dilution does not exclude the risk of microbiological contamination, the product should be used immediately.', 'if it is not used immediately, the conditions of retention and the duration of applicability in the responsibility of the user.', 'services of maritime cabotage, which access is concluded for shipowners not registered in the Community, ‘the same services to which access is guaranteed to Community shipowners and in both cases correspond to the definition within the meaning of Regulation No 3577/92.', ". So, so, so. So. So.So. So.So.So.So.So.So.So, it's the most important thing you can do.", 'that guy shot my brother three wounds into the head.', 'and the guy lives like a fairy tale.', 'what should I do? What should I do? What should I do?', 'I should shake my hands or kill him?', 'that you will shoot him, you will not help him.', "I wouldn't help myself? I wouldn't help myself?", 'my 5 minutes in heaven?', 'how could it not be good? How could it be?', "Joe, I don't know. Joe, I'll be happy. Joe, I'll be happy.", 'all right? All right, all right?', '. Yes, yeah, okay. Yes, okay.', ', can Cathy go on and a little pushed you over?', ', yeah, yes, yes, yes, yes.', ': God! God! God!', "I'm sorry, but not invited to our party!", 'the cheese, and they will satisfy our little pet.', 'what you are capable of, now!', '. You! You!!!!!! You!!!!', 'inside, here!', '. Police! Police!', 'you all stand, damn it!', 'what does it smell so? What does it smell like?', "God's gods.", 'what the hell is it? What the hell is that?', ', go on, go on, go on!', 'out, you fucking son of a bitch!', '. Another body! Another body! Other body!', 'if it is not possible to obtain relative activity in the scope of the required values, the result must be considered as approximate, and this should be recorded in the analysis report.', 'if the line is not possible to consider parallel, the test is repeated.', 'if it does not even achieve the parallel, the outcome must be regarded as unsatisfactory.', ", no, I'm rather a little...", 'to have bad results in mathematics turned into "dyskalkulia".', 'lessness to feelings of other people (such as called unwantedness) means that the child suffers from the "reasonable behavior".', "it's easy for me, okay? It's easy for me, okay?", ", when did you do something that wasn't in your interest, but only for the well-being of your family?", 'that day when you were born.', 'I wanted to take you into the sea and let you flash the waves.', 'instead, I left you alive. I left you alive.', 'and he took you as his son. And he took you as his son.', 'because you are Lannister.', '. Sanso sanso.', "is empty. It's empty. It's empty.", 'to find a place to sleep.', 'the clock.', 'the clock.', 'Hodore, no.', ". Maybe we shouldn't stay here, maybe we shouldn't stay here.", ', would you like to be out there? Better be out there?', ", we don't have anything in town.", 'you had a lot of cracked ideas, Gito, but this is all overcoming.', 'just wait until they see how this is their enemy glass and steel with a little flowers and green.', 'I still think to send them a letter, brochure, would be more traditional access.', ', you see, you see, traditional.', "this is your problem, dear. That's your problem, dear.", 'if you want to pull it somewhere, you must learn to think beyond the convention.', 'this world is jungle, Hareshi.', "you'll believe me.", ". Let's go! Let's go!", 'you look forward to the philodendron!', ". There's no car here. There's no car here.", "my mom's not here. Mom is not here.", 'Jace two people? Two people?', "who's dead? Who's dead? Who's dead?", 'Mike, schooler from the listeners, and Charlie Gereeson.', "I would hate myself if I didn't let you go and get your dream.", ', even though it will mean that you move too.', 'now, and go now.', 'and tears again.', 'tightening my throat.', 'Max, you would be a wonderful Rosa Parks.', 'this is the thing they insist on.', ', but you forced him to move it. But you forced him to move away.', "you're good. You're good. You're good. You're a good one. You're a good one. You're good. You're a good one.", ", but I don't think so much about his cocoa balls.", 'in the past works...', 'my life to get Michelle.', 'to be vulnerable, we will take her family here.', 'me out of my position. - And who is now commanding here?', 'the Member State notified by the body shall withdraw that notification if it finds that the entity no longer fulfils the criteria set out in Annex V.', 'akly inform the Commission and the other Member States of the Commission and the other Member States.', 'Article 10 1.', 'the EC type-examination procedure for which an approved inspection body surveys and certifies that the OOP model fulfils the provisions of this Directive which apply to it.', 'what does Bailey want from me? What does Bailey want from me?', 'you came to ask me about this?', 'why did he send me an invitation? Why did he send me an invitation?', 'why should I know about your invitation? Why should I know about your invites?', ". I don't know anything. I don't know anything.", 'what do you want from me? What do you want from me?', 'why did you come here? Why did you come here? Why did you come here?', "I don't know anything. I don't know anything.", ". I don't know anything. I don't know anything.", ', who is the secretary of Bailey?', 'Jerry Bailey is a rich trader.', 'came to States as a hungry emigrant to do... full of money in San Francisco and Los Angeles.', 'where he lived for thirty years.', '. I know all this. I know everything.', "it's in the newspaper. It's in the newspaper.", '3 – Maps of probable supply interruptions – before the adoption of other national measures – in February at the end of the six-month interruption of Russian gas supply; cooperative and non-cooperative scenario presupposes the wave of extremely cold weather Copenhagen scenario || Non-operative scenario Source: ENTSO-G Exposure of hot gear against the risk of interrupting the supply of gas Zhruba half of primary energy in the EU is consumed on heating and water heating in households and tercia sectors and the process temperature in industry.', 'the diving and heat of water in buildings are particularly dependent on gas in Hungary, Italy, the Netherlands and the United Kingdom, as shown in Figure 4 below.', 'you say that you love me, fuck me!', 'I hate you! I hate you!', 'it! Tell me that I am your Lord. Tell me you love me.', 'I love you. I love you. I love you.', 'you love me and I love you too.', 'now go to school now. Now go to school.', '. Hey, what did you do there, boy?', 'I hate it. I hate him. I hate him.', '. Hey, give me a cigarette.', 'now I have only one. I have just one.', "your brother told me you'd be doing a nice deal.", '. Well, well, well.', '. Hey, Zoe. Hello, Zoe.', ", where's Dad? Where's Dad? Where's Dad? Where's daddy? Where's a daddy?", 'in the workplace.', 'if I survive this...', '! fucking boys!', 'the gate opened!', 'Kabir, just say it.', "it's okay, tell me. It's okay.", 'if I survive, go to London... and I say Natash, that...', 'what do you say to her? What are you going to say to her?', 'this, tell me!!Tell me!!!', ', Kabire! Well, Kabire!', ', Kabire! Well, Kabire!', 'this! Do it! Do it!', ', but I can\'t take you."', "if you wear the restlessness in your heart in your heart, if you wear uneasiness in your heartbeat, you don't want to wear the restlessness in your heart.", "you're alive, you're alive! You're alive! You're alive! You're alive! You're alive!", 'if you wear the flash of your dreams in the eyes of your dreams in the eyes of your dreams in the eyes of their dreams in the eyes of their dreams.', 'what the hell is the tongue? What the hell is that?', "I just thought you'd like to know that you came boxer and shouldn't talk to another manager.", 'to talk to another manager?', "you came here to tell me that Big Willie shouldn't talk to Mickey Mac?", ', neither word, with anyone.', "I'm trying to read here.", "if you think it's more important. If you think it's more important.", ', who is your new girl? Who is your new girl? Who is your new girl?', '. What? What? What? What?', 'Jesus Christ, hurry up.', 'you spend your time.', "I told you that I didn't bother girls.", 'I thought you could think about it.', "is a dozen coaches that train girls, you shouldn't have trouble finding someone.", ', when you bumped the statue, so you destroyed the waking.', 'you can arrange it and wake up these people?', ".No, sir, it's broken.", 'I set up a frequency.', ': Alekos, the sun is almost below.', 'why did we wake up so late? Why did we wake up so late?', 'our tests showed that your body does not contain any machines anymore.', ', but he will make you more sympathetic man.', 'the dog bump does not make him more sympathetic.', 'you want me to be more sympathetic?', 'this way, give me back my things.', 'then I will be more sympathetic.', ', however, until then, not until then.', 'how can you say not this face, Mitch?', 'I can say not very easily. I can say not very easily.', '.No, Powder.', "you'll get out of here.", "it's just a dog, man.", ', Powder.', ', damn it! Damn it!', 'maybe Mitch was right. Maybe Mitch was right.', 'you can take the dog away.', 'this consolidated text has only the informative value.', 'this Wratha... should be thrown as a feed of warriors grown in their councils of secret laboratories.', 'if I had been able to talk Devetaki into such measures...', "Maglore was so aware of many new ones while he understood Zindevar's impatience, secretary, and why she had tried to protect her mind from visitors.", "it was obvious that she was one of Devetak's informers about Wrath's illegal activity.", 'because Zindevar knew that he was managing one of the two spies networks in Turgosheim, nothing Maglora had surprised.', ', for that purpose, the Commission intends to submit a committee on the noise referred to in Article 13 of the Work Programme Directive, which contains certain of the elements below mentioned below.', 'if necessary, if necessary, the Commission will also consider whether it gives rise to judicial proceedings to supplement the active implementation of the activities described below.', 'completion of a harmonised framework for mapping Maps Despite improving the comparability of strategic noise mapping, the situation is far beyond ideal.', 'from the ongoing evaluation, it is still difficult to submit comparable data on the number of persons exposed to excessive noise levels.', 'problems, inter alia, with different data collection methods, quality and data availability methods used and the evaluation methods used.', 'this is the cause of different results in EU Member States.', 'ability level will ultimately lead a framework for harmonising methods(s) which will sufficiently reflect the sectoral specifications.', 'in 2008 the Commission began to work on the development of harmonised methods of assessment of noise exposure (according to Article 6(2)).', '"CNOSSOS-EU" project (CNOSSOS-EU Joint Research Centre shall ensure the technical basis for preparing the Commission Implementing Decision.', ', provided that technical work can be completed in 2011, the Commission is considering the possible revision of Annex II to the HRD Directive (which will issue an opinion in 2011).', 'the harmonised methodological framework could concentrate on strategic mapping and need to carefully balise the needs of harmonisation of adequacy and sectoral specifications such as data requirements.', 'in the framework of this Decision, the Commission intends to propose a joint Commission/European Environment/Member States work programme aimed at implementing the CNOSSOS-EU project for 2012-2015 to be operational for the third cycle of reporting in 2017.', 'the development of implementing guidelines The number of aspects of the Directive was not detailed or left space for different interpretations and implementation.', 'the number of Member States proposed that these questions are addressed through specific actions to help implement and comply with EU level, such as the development of documents with instructions, exchange of information on best practices or organising specific workshops and training courses.', 'this action could focus on these issues: mapping methods and best practices, preferential values for noise maps, relationships between dose and response, calculation of repeated exposure, the creation of action plans and tolerable or target values.', 'the costs incurred by Anton Pieter Roodhuijzen under this procedure.', 'Jaeger Tiili Azizi Meij Vilaras This announced at the public meeting in Luxembourg on 5 October 2009.', '. Language of the case: French.', "my mom's okay. Mom is okay.", ". Well, it's good. It's good. It's a good one. It's good.", 'the principles and classification module for use when sending signed messages.', 'principle module: Module of principles:', 'classification:', 'ar classification mark:', 'and never wanted to have anything with me.', "I didn't kill him. I didn't kill him.", "you don't care that he's dead, but you don't care that they murdered him.", 'in your type of business is a big thing in your type.', 'in my type of business? In my type of business?', 'we own a few cleaning plants.', ", no, I don't talk about it.", "I'm talking about drug trafficking.", 'the trade in drugs?', 'Huff was killed in the territory of Low-Rider.', '...Low-Riders?', '... I... I... I...I... I... I...I... I...I... I...I... I...I... I... I...I... I... I...I... I...I...', 'you remember them. You remember them.', '. They killed your husband.', ", yeah, what's going on, buddy?", "you've heard about my broken Maserati?", ', no, seriously??', '. Yeah. Yeah. Yeah. Yeah. Yeah.', 'you think I could get a lift? Do you think I could get a lift?', ", Alex, but I don't have a finger, okay?", 'was already happening. It was already done.', ". There's no finger in the fingers.", 'this must be a terrible balance.', "you don't mind when I'm going to do it?", 'ly, certainly, in the event of a decision.', 'Violet. Violet.', '. Hey. Hey. Hey. Hey.', ', hi, all the best!', ", I'm glad to hear you.", '. Oh, no, no, no.', '. Please, please. Please.', ", no, it's not a stage where I belong.", "this is where I'm doing, with people like you, looking for entertainment in the non-functioning.", 'Mark Twain said that the incomplete is a prisoner, freedom if not her only defender.', "we're here to shake it, and we'll do it too.", 'how many of you think that education system works?', ', "I\'ve learned to read."', "you realize that 40% of American maturants think Johank of Ark was Noem's wife?", ', Tom Dobbs gave up residence by President of the United States.', ", OK, he wasn't really elected, but if he didn't tell anyone shortly, Tom Dobbs returned to his political show.", 'was more famous than ever before.', 'everyone will write how honest you are direct.', 'I just hope that your honor does not support your incomplete.', ': Use of waste in bio-gas stations: inclusion in the scope of Regulation No 1774/2002 Answer from the Commission (26 August 2011)', ': E-006645/11 (EL) Michael Tremopoulos (Verts/ALE) to the Commission (7 July 2011)', ': Further infringement of religious liberties on Cyprus Answer from the Commission (31 August 2011)', 'here Frankie... this boy?', 'this boy had a million-hour boy.', "I thought you'd be playing for Red Sox.", ". Yeah, yeah, yeah, I'm too.", 'he kept saying that he hurts the elbow.', 'why do you know why? And you know why?', ", you know what Tony's coach said to Tony?", ', no, I will tell him that.', 'you left him throwing so much balls, until he pulled the links in his hand.', ', no, it was weak!', ', and you, either be honest.', 'you took care of him as a baby.', 'Frank, you know how alcohol is on you.', 'me here.', "that's fine. It's okay. It's okay. It's okay.", 'how are you, George? How are you, George?', '. Would you go to dinner for dinner?', ". No, I don't have, no, I don't have.", 'with someone, but we can eat ourselves.', ', when? When? When? When? When? When?', '. Anytime.', 'tomorrow, it would be possible tomorrow.', ', Tiplo Due? Tiplo Due?', "we'll meet there. We'll meet there.", 'soon, in 18.00.', '. Well, okay, okay.', '. Well, well, well.', '. Well, okay, okay.', 'I agreed a date.', '. Hey. Hey. Hey. Hey.', 'Francois and Katherine Coberg seeks to heal his marriage - and your detectives come here with persistent signs of faith and spying.', 'this is irresponsible. It is irresponsible.', 'the newspaper is made of those unrepresented yelling.', 'I remind you that it is also small children.', 'four and two - a little young to read the newspaper.', 'this is your elite unit? This is your elite unit?', "the guy who'd sold a heart attack?", 'right, you know your, Mr. Duroy. Goodbye.', ', England has Windsor, we have Coberg.', 'I hope you have more in the supply that just the jokes.', '. Katherine and Francois Coberg are designed to bring precious divorce due to children.', ". Coberg's lever would throw a lever.", '. Video Katherine, playing with three men, it should be enough.', 'and Bernard Lang finished dead.', ', what is it? What is it? What is it???What is it?', "what's happening? What's happening? What's happening?", "it's just stupidity. It's just so stupid.", ', on a date?', 'as we have detected, there is nothing more than a bare mechanism, does only what was programmed for.', 'these programs, of course, may have a degree of flexibility, but we do not have the opportunity to verify it in any way.', 'ly we certainly don\'t have the option to contact his managing authority, a half thousand light years from us."', 'Poole listened and silent, he had nothing to contribute to this debate, after the truth, he had done entirely outside him.', 'if he did not do so, and if it was perhaps a flaw, nobody would suffer from it.', "if it's not just an idea - no, humanity would live in peace, whether it's waiting for any irreversible end.", 'thoughts were still shaking his head as his attention suddenly turned out by familiar compositions.', 'one of the members of the conjunction, a quiet fellow with so long and complicated name that Poole was not able to remember him, let alone say, in the middle of the discussion, the mere two words were slaughtered.', ', ‘Trojsk ⁇  horse!’', 'Article 28 The Charter ensures the right to collective bargaining.', 'that right ‘in accordance with Union law’.', 'if EU law precludes provisions in a collective agreement, the national court must not apply that specific provisions in so far as it is necessary to remedy the illegality.', 'if the Court therefore ruled that EU law precludes the application of the principle of ‘important work’ for the benefit of the child, the specific provisions set out in a proportionate reduction of that contribution for employees in part-time work (in the present case of Article 22(4) of the collective agreement in the banking sector) should not apply.', ', consequently, the allowance to be paid to the child in full in accordance with Article 22(1) of that contract.', ', but she was hidden instead.', ', and in the meantime, the family hired Barkov to find it and silent, - for good time.', '. Well, Catherine, listen.', 'now, try to find Andreu, okay?', 'we are almost in Kailue. We are almost in Kailue.', '. Yeah, yeah, yeah, yeah, clearly.', '. What? What? What? What?? What?? What?', ", yeah, come on. So, let's see.", 'this came from the forest.', 'you will secure the area.', 'you can get a man on the spot.', ', okay, you heard him.', 'there, there, there, there, there, there, there.', 'Danny! Danny!!Danny!', '. Well, well, well, well, well.', ', happy and cheerful, Dr.', '. Good night. Good night.', 'in the heart of Trenton, the crane was set up.', "that doesn't matter. I don't care.", "that's my grandfather. This is my grandfather.", ", no, it's just a book he wrote.", "you'll open it up and open it.", 'like a serious thing, do you give us this?', 'I wanted to congratulate you.', 'I understand that it is what adults do.', 'how did you know it? How did you know it?', 'now I know it for a while.', 'that you decided to stay together is not a spoiler.', 'wise, if I have no misleading information.', ', when you leave a message on the Svazu of Vienna\'s crew, I\'m sure he\'ll get to me in time."', '"I wrote everything I remember how you wanted it."', '. "General," I read.', '"Be Zennor, or Zennar."', '"I never saw it written.', 'I just heard it when he spoke with some officer and thought they were no one heard them."', ', "What is Mortstertoro?"', '"The great military base, perhaps the biggest one.', ', but what we saw was impressive.', 'the great limousine, the same battalions and stars came for Garth and dared him away.', 'a lot of saluting - and they always saluted the first.', 'I\'m sorry, I know that the power isn\'t."', ', "It\'s a lot and so far enough."', 'I translated the paper and hiding it.', ', "What\'s going on?"', 'this time your daughter will pay for his mistake.', ', dear, sorry.', 'I was doing what I could. I did.', 'the chalam turned his head at each murmured sound.', 'his nose and his hands trembled.', '. Wait a minute. Wait. Wait. Wait, wait.', 'out of his chest, the silent grunting came out of his chest.', '"Maybe cooooione, perhaps tanned, perhaps, paddle, perhaps..."', "again, as if Jack's problems were the most fun thing he'd ever heard of.", '"But I don\'t know what happens when - "', ', "No one knows what happens when something happens, is it?" he interrupted the black guy who could and didn\'t have to be Speedy Parker.', "I didn't say a word about shooting. Just if you hold it.", ', and I have a problem with spending 10 camps... to get a nigger from jail... but I did it anyway.', 'the only thing I want for you is to get into the suitcase... hold this fucking shotgun and then open, aiming with her on the balding face.', "this way you're going to be niggers normal? -Something you're gonna tell you about.", ', when we have the fucking Korean behind us... we go to Roscoe restaurants and salaries I.', 'their amazing speciality, dried meat in a sauce with onion... with red beans and rejoicing, a little vegetable.', 'what the hell is it with you, damn it?', '. Hello. Hello, cat. Hi, cat.', ", wait, wait, I'll give it to you.", "Louis, cat. It's Ordell. It's Ordell.", 'you want to see where? Nevim.', ', whereabout, man.', '. Thanks to this, thanks. Thanks to it. Thanks to it, thanks.', ', please? please?? Please, please?', ", I don't want to be the old password.", 'the changes in it. They changed him.', 'not without passwords.', 'these are the rules.', "what you want. Maybe it's not so drunk to remember it.", ". Please, I don't want any problems. I don't want any problems.", 'why would it do it? Why would it do it? Why would it do it?', "this is your plan? That's your plan?", "I don't want to spend with you for a moment on these Christmas.", 'if I ever see you with him again...', 'Adame! Adame!', '. Detektive.', "you're back. You're back. You're back. You're back.", ', two years ago, two years ago, ago, two years ago, ago, p.m.', "I know what you're doing here. I know what you're doing here.", 'I know about all the disgusted experiments of Rossum.', 'that occurred to me. This occurred to me.', "you're a little superdetective.", '. People will find out this. People will find it.', '... people... will they discover it?', "Caroline, don't be naive.", 'we both know that you can disappear from the surface of the earth, and nobody will notice that you are gone.', 'you knew that Rossum was the biggest world supplier of MRI instruments?', 'I congratulate. I congratulate congratulations.', "who's interested in him? Who's interested in him?", 'also we do great progress in Parkinson research and alzheimera.', 'we develop the latest atomic microscopy.', 'we have a clinical laboratory in every capital city in the world.', ', in conjunction with the precautionary principle, I would like to point out that the application of the right to be heard and the right to a fair trial and the principle of contradictory proceedings is determined by the nature of the procedure and their scope does not depend on the necessary degree of prudential.', '‘Special’ problem 97.', 'the parties submitting the appeal essentially argue that the Court of First Instance did not properly assess the evidence submitted to the Commission’s conclusion that the existence of a specific problem for Horn Austria was not demonstrated.', 'I smiled, too tight anxiety to really enjoy me.', 'Jacob said, "It\'s a lot of trouble," I told Jacob.', ', "Only one part of the stupid wolves that don\'t matter if anything happens to them."', 'Jacob laughed his cough bark.', 'Edward sighed.', '"Jasper wants to help.', 'you\'ll get out of the interpreter?"', '. "Well, I\'ll advise myself."', 'Edward looked at me for a moment, his expression was hard to understand, then turned his back and went to the place where Jasper waited.', 'the earth was cold and uncomfortable.', 'Jacob made a step forward, then looked back at me, and in his throat, the silent deeds of deeds had been heard.', ', he did another half-crotch.', '"Go there without me," I said.', ', "I don\'t want to watch."', '(c) official orders adversely affecting the day of completion, other than arising from failure to comply with the obligations of the contractor;', '(e) any suspension of the work which is not due to failure to comply with the obligations of a broker;', '(f) higher power;', '(g) any other cause referred to in these general conditions which are not due to failure to comply with the obligations of a broker.', 'the fever of sudden worsening of your overall condition of pain in the throat or burning at the urination of severe stomach pain, fever and, where appropriate, diarrhoea (neutropenic colitis) may be signs of intestinal inflammation (neutropenic colitis)', 'lungs (relevant) with symptoms such as: breath difficulties cough fever fever', ' ⁇   ⁇   ⁇  If you suffer from pulmonary disorders or have suffered in the past due to treatment with other or treatment of oxulation, you have a higher risk of developing severe pulmonary problems (interstitial lung disease).', 'among other side effects include:', 'disorders Very common  ⁇ ', 'ual feeling of weakness and tiredness.', 'this may be a decrease in the number of red blood cells (anomy).', 'that you are quite good with him?"', 'also the following definitions apply:', 'the legal framework established by the Member State in accordance with this Directive, which guarantees the rights of ensuring networks or providing electronic communications services and providing specific obligations for this area which may apply to all or to certain types of networks and electronic communications services.’', 'the following subparagraph is added in Article 3(2):', 'abilities providing cross-border electronic communications services to businesses in more Member States are not required to submit more than one notification for each Member State concerned.’', 'Article 5 shall be replaced by the following:', 'Article 5 Right to use radio frequencies and numbers 1.', 'Member States shall facilitate the use of radio frequencies within the general authorisation.', ', where necessary, Member States may grant individual rights to use in order to: prevent harmful interference; ensure the technical quality of the service; ensure efficient use of spectrum or meet other objectives of general interest set by Member States in accordance with Community law.', ", I've got enough! I've got enough!", "I'm not going to move with it. I'm not going to move with it.", "you'll call your reinforcements when you want.", 'now, calm down.', 'this will be just a moment.', 'you idiots! You idiots!', 'Michelle? With Michelle?', "you'll show him, quickly.", "I didn't work it.", "you'll get it. Give it to her.", "it's in a big contract. It's in a big contract.", 'was it so heavy? Was it so hard?', '. Where are you going? Where are you going?', "you've got my sweater on you.", "I'm going to bring it back to you? I'm going to return it to you?", '3 Common provisions Article 32 Scripture 1.', 'he laughed when he returned inside.', 'in ten minutes, he cleaned up and dressed up into the t-shirts and rings.', 'he took the place at the highest bridge and watched Rosen as he prepared his ship to discharge.', "ly, Chirurg really did on Kelly's impression, especially by treating ropes.", '"Let the ventilators run a little longer than you get the engines," Kelly said when Rosen started.', '"It\'s a diesel."', '. "First it\'s her, right?', ', secondly, it is a good custom.', 'the next ship you need to drive may be on petrol.', "you're excluding you. Besides you.", '.Torstene... give your couch.', ". Well, you'd have it, Russell.", 'you want to move it.', "I tried. With the date of the ride, I didn't move.", 'tens of teams come here from around the world.', 'that you prefer to help me find a killer Lieutenant Seabrook.', ". No, it's not possible. It's not possible. It's not possible. It's not possible.", 'this is definitely yellow light.This is definitely yellow light.', '. Test Cytology persists 72 hours, but...', 'Dr. House won his results in ten minutes.', '. Tony! Tony!!!', 'what are you doing here? What are you doing here? What are you doing here?', ', Oh, well, I was nearby, and I thought you had something here, uh, I would leave you.', 'you found it. You found it. You found it.', 'I also want Vikings!', 'I have purple-gold blood.', "if you tell me you're feeling something to a woman that's not your wife, I'll pull you out and kick your ass.", ', secondly, and secondly, not.', "I can't wait to see him. I should have repaired it. I should have corrected it.", 'Essie nodded.', ', Essie Tregowan?"', 'and reached out his arm.', ", though Essia's eyes had not been much deserving, she saw each orange hair shining in the afternoon sun.", 'bite into the lips.', 'ly, then she put her hand in his palm.', ', when they found her, she was still warm, even though his body had left his life and only half of the bowls were empty.', 'my man... my man...', 'ing in the walls of weapons.', 'I can show you it. I can show you it. I can show you this. I can show you this.', 'I never broke into employment... ...but desperate situation calls for desperate acts...', 'the posters are so neopar...', 'I\'m saying they should have this "Signant from the Gulf" on the urban payout tape.', ', give him an office, business car... ...and all the ammunition, which needs.', ', which is more than what you can say... ...for all those people on the radar.', '. Hey, Debro, Debro.', '. Maybe we could do it... ...repeat it.', 'what about the real dates?', 'that sounds good, what about Saturday?', '. Well, well, well.', 'now, every god has chosen one of the human race that has enjoyed him.', ', while the people who had no gods had gone away from them and said, "Go for UL, whether he is your god."', 'and UL silently silent.', 'after a long and bitterness filled generation, those who had no gods, the wild rusts of the West, vainly calling for their request.', 'then there was a fair and honest man named Gorim.', 'ed the crowds and thus spoke to them:', 'our children and old people die. Our children and old men die.', "it'll be better if only one of us will die.", 'why stay here on the plain and rest.', 'now I look for God named UL to worship it and find your place in this world."', 'for Gorim UL for twenty years, but over-forward.', 'the summer passed, his hair grayed, but he was still looking for further.', ', the girl straight out of NYU-- (NY University) brought chilli and caused all food poisoning.', '. You know how people... people vomiting all the days.', '... Adam has a few ideas to increase the volume of funds.', ', indeed?? does it really actually???', ', yes, I... I...', 'I heard that you were fighting a little bit.', "now, the moment's mole is currently in place.", ", yeah, but it's a impression.", ', and you know how the impression becomes reality in large inspirers.', 'Adam did for me a piece of work when I first ran out, and I thought it might do the same now here.', 'I mean, if you can handle the agreement you two.', "I'm just here to help... and not you've been flying your way.", 'this is the Republican money.', ". You don't know this. You don't know this. You don't know it.", '. I know this. I know this. I know it.', 'we won!! We won!', 'you owe me 2,000 piasters.', "that's why I'm the one that's the one that I'm myself.", '. OK. OK. OK.', 'was horrible, real monster.', 'ly, damn it.', 'in the asshole, excuse me.', ', they go after you. They will go after you.', ', you know, do you know, do you know, do you know ? ??', 'what did you do? What did you do?', 'Paulo said Blomkovist contacted him to join you.', 'what do you have together? What do you have together?', 'I have to go. I have to go.', 'I have to finish something. I have to finish something.', 'was some lady here. She was a lady here.', 'Blonde, but she left.', 'it from the salary, 50 weekly.', "what's happening? What's happening? What's happening?", 'we got a better offer? We got a better offer?', "I don't know how to tell you, but wait until I sit down.", '. Well, as regards the story that belongs to them, there is no one there.', "why not? Why aren't you? Why aren't you? Why aren't you?", "I mean, it's not if it concerns me.", 'you want to look at them? Do you want to look at them?', ', what do you do from a negativ? What do you want to do with a strong enlargement?', '6 On this basis and mandate from the Commission, the European Committee has drawn up the standardisation of the European harmonised standard EN 71-3 , Safety of toys’', '(hereinafter referred to as "EN 71-3 ⁇ ), which derives the limit values of bioavailability from the “business values” for toys materials and describes the procedure to identify them.', 'the limit values of migration indicates the maximum permissible quantity of chemicals that can migrate, which can therefore move from the product into the external environment, such as penetrate into the skin or juice.', 'that every curve is approaching an endless line."', 'Daniel took a stick from Leibnize from Leibnise and went into the dirt curve.', 'ly, "I don\'t want to deny his knowledge, but this extended his understanding because it gave him the way to calculate every point in which the dot touches the lines."', 'out beside the curve of the line so that they touch in one point slightly.', 'the curve of black carriage, four horses driven forward by the carbohydrangled around a mass of ruins.', "Daniel and Leibniz backed into the gap to let them pass; the wheel of the coach slipped the water from the cabin, turned Leibniz's pictographs and Daniel's curves in the net of strange channels and then drained them away.", '"When some of our work would have been longer than this," said Daniel sadly.', 'Leibniz laughed, and then, without speaking, another hundred yards had gone along.', '"I thought Newton was only an alchemy," Leibniz said.', '"Time from time, Oldenburg, Comstock or I will force him to write on paper something of his extradition on mathematics."', '"Maybe some pressure would also be," Leibniz admitted.', '"When you return, Huygens will take care of him."', 'Leibniz shuddered as if Huygens sat on his neck and he needed to get rid of him.', ', "I\'m going to lead me well.', ', but if he can ask me only questions that have already resolved by some English, it means that mathematics do not know more than I do."', '. So, about seven and a half, eight.', "of the body's prophecy suggests that the body was not moved.", 'why are you standing on it? -Sorry.', ', for the purposes of granting refunds in the case of export of air, the following specific provisions shall apply:', 'the competent authorities may confirm the T5 control copy or national document demonstrating that the product has abandoned the customs territory of the Community only after the transmission document which states the final destination outside the customs territory of the Community.', '(b) (b) (b)', 'if, after complying with the formalities referred to in point (a), that products remained, except for the case of higher power, during transhipment at one or more airports within the Community customs territory of more than 28 days, they shall be considered for the purposes of Article 47 per day or days exceeding the period of 28 days, days which were exceeded in Article 7.', 'if the period of 60 days provided for in Article 7(1), the period of 28 days laid down in this letter shall be equal to the amount to which the refund is reduced or part of the security which falls, the amount corresponding to the higher of those two exceeds.', '(c) (c) (c)', 'the compliance with the provisions of this paragraph is subject to appropriate random checks carried out by the paying agency.', '(d) (d)', 'duration 28 days specified in point (b) shall not apply where the products concerned have left the definitive customs territory of the Community within the original period of 60 days.', ': Article 11 1. Article 11 1.', 'if the product is released within one of the simplified transit arrangements of the Community for transport of goods by rail or wholesale containers pursuant to Articles 412 to 442a of Regulation (EEC) No 2454/93 in order to be transported to railway station of destination or supplied by the beneficiaries outside the customs territory of the Community, the refund is not subject to the submission of the T5.', 'not used after the expiry of the period prescribed for the vial after EXP.', "you need to take a piece from Don's cake.", "what's left of you, you can take home.", "I'm not going anywhere out of here.", "me 10 minutes and I'll be ready for the second round.", "we paid TV on today's day.", "you like a box, don't you?", "you'll take me.", 'it should be included in this recognition of Ricky?', 'that I would wait to wait for this.', 'the first impression is very important.', ', and Ricky would whisper in this process later.', '. OK. OK. OK.', ', so, tell me about those pairs.', "I'm not saying they're administrative, I say they're looking for.", 'here they are Lavender.', 'IMPLEMENTATION INTERESTED PARTIES AND TAM JE ODPS.', ', some of the pains disappeared, even though he was still pounding in his head.', ', the only one he desired was sleep.', ', "Is there any hours in order?"', 'I fear that, yes, Sibilo."', '"I\'ll jump out and wait for him there.', 'I\'ll prepare him a book," Lady Sibyl said.', '"It will not allow anything to keep it, you know."', '. "I understand, I understand," she nodded.', "if the situation in the bottom of the valley can be very much in this year -' the man began, but the woman immediately hurled him as he had stopped.", 'was six minutes later than six minutes.', "was a very weak watery voice, and came from the Elani's trousers.", ', after a moment he needed to find out where he had his head and where his trousers, moved his hands, and after a brief effort he pulled the iPaco out of his pocket.', 'in all agreements listed in Annex I, references to air carriers or airlines of a Member State which is party to that Agreement shall be regarded as references to air carriers or airlines designated by the Member State concerned.', 'Article 2 Determination, authorisation and repealing 1.', 'ations 3 and 4 of this Article shall prefer before the relevant provisions of Articles referred to in points (a) and (b) of Annex II concerning the identification of air carriers concerned by the Member State concerned, their authorisation and authorisation granted by Nepal and refusal, cancellation, temporary withdrawal or restriction of authorisations or authorisations granted to the air carrier.', 'was a good man. It was a good man. He was a good man.', ', then, but then his wife got sick.', "just didn't last it anymore.", ', and then he was never the same anymore.', 'when the dry summer came and all the others hunger, he swore that he would do anything to keep us alive.', ". - I'm going back for Addy.", '. Wait, Mack.', "Garnett, don't try to stop me.", ", nobody's trying to stop you.", "we're going to go there, we'll all go there.", 'just we need a plan just to need a plan.', "you don't understand it! You don't understand it!", '. They are worse than the Duchess! They are worse than the Toaster!', 'all of you will kill you all!', 'to tell your mother that I will never forgive her that she cheated me.', ', and we owe me 20 clicks.', 'ly, sir.', ', General Richter, Sir.', 'you would accept the invitation that you are fighting with them to avoid fighting with them, and would you not come to us for dinner?', "Rallo, I don't think it's good...", 'your fatty mouth shut up here!', 'that you know, yes, I would be honoured, dinner with such little patriot like you.', 'I bought the wine from some vandra at the airport.', 'you have here, Red Baron.', ', yeah, I can hear it. I hear it.', 'this autopilot is really great.', 'the car landing.', 'the car landing.', 'Beetle Bailey lazy, how does Beetle Bailey look like?', 'I visited Vatican several times during my stay in Rome.', 'the artistic collections are, as you can imagine, a completely impressive and my wife is doing so intensely.', 'I took her there about five times.', 'the nuns around the city are sneaks and priests.', 'I admit that I have never been interested in security measures, but nothing has happened to me in the eyes when we bring ordinary procedures - measures against theft and vandalism and so similar.', ", then there are museum patrols, but they're supposed to worry about mainly to show people where the toilet is.", ". I can't do this. I can't do this.", ". I can't change anything at all.", ", boy, what's going to be?", '. No. No. No. no.', "what's going on? What's happening? What's happening?", 'Henry, correct it.', 'you write everything as it was.', ", without an ink, it can't write anything without a ink.", '. It has blood. It has blood.', ". Yes, when there was darkness in her, but here you're not a spacer here.", ', owing to him, because of him.', ", but it doesn't mean that there's no other one here.", 'here. - No! - No!', "thanks to the Regina of the heroic sacrifice, Isaac's malicious works were made.", ', Henry?? Henry?', 'Nancy Callahan, eleven years old.', 'it and cut it into ignition.', ", and you've been going to show up to the moment Roark will be back in his paper of Senator.", 'the deep breath, Hartigane.', 'and start thinking.', 'it pulls you on sixty and you have a sick heart.', 'ly, sir.', "it's a cat, it can't be approved to piss.", 'not in my kitchen!', '. But yeah, yeah, yeah, yeah. But yeah, yeah, yeah.', 'just get rid of it, baby.', 'ly it smells.', 'from the cats from that cats.', "that babe thinks we're dying in the house we'll die hungry in the house.", '. What? What? What? What?? What?? What?', ', do you really? Really?', '. Yeah. Yeah. Yeah. Yeah. Yeah.', 'good food and so.', 'it had its moments...', 'I woke up with a letter on a broken-coloured to my dick.', 'you get together, our client expects us.', 'Dia invited Dia to banquet and then attempted to pick up human meat.', 'Zeus ruined the place of his lightning. And then punished Lycaona and his sons by turning them into the wolves.', 'what is less known is that Lycaon sought the druids to help him turn back to the man.', 'why druids? Why the druids? Why do the druids?', 'ly, it was believed that the druids were able to transform.', 'Lycaon and his sons again made people, but they learned how to turn from one form into the other.', 'the druids had become important researchers of the packs.', 'to help us maintain a link with people.', ', but they are the secret of even in the pack.', 'sometimes Alfa knows who their emisar is.', 'for the Alf pack.', 'our educational advisor?', 'I shared a few serious intimate things with her.', ', and did she give you a good advice?', "now, damn it, we just can't offer it.", ', uh, would you excuse me for a moment?', 'I need to talk to my sister.', "you'll excuse me.", "to tell me that he doesn't talk about what I think he's talking about.", "what do you think he's talking about?", 'about masturbating the impotent bull.', 'what do you think, doctor?', ", I just got a message, uh, that some sheep fell into the lake, and it's shrinking fast.", "just it's smaller and smaller. It's just smaller and smaller.", 'you go and look there.', '. Yes, sir. Yes, sir.', 'you want to find someone or get on your ass.', 'I guess how much the sheep might diminish.', ', um, how do you start here?', 'the Silhn?', "you're a counselor, right?", "now I'm still trained.", "what new can you learn what you didn't learn in the last 300 years?", 'how unjustly, how to learn to build on your head.', ', and so, likewise.', 'why do you actually stand on your head? Why do you actually stand on your head?', 'Emony did it. Emony did it.', 'that gymnastka?', 'tly, she had slowly released her.', ', and you? And do you? And you?', 'me from the truth, it hurts me of the head.', "why can't Julian do Julian on Garak?", 'Julian is not a advisor nor an assistant adviser.', "ly, and it certainly doesn't seem unjust to worry about his head.", 'this is a good note. It is a good note.', "I don't know what the hell you're talking about, brother.", 'I need the names of those bastards, right now!', 'Marlone, wait, wait!', 'Marlone, stop!', "Marlone, it's a cop! It's a cop!", "Marlone, it's a cop! It's a cop!", '. Hey! Hey! Hey!!!!!!', 'this black ass, pick up the black ass.', ", J- Dube, so you're a young woman?", ', Lopezi, what are you doing here in hell, man?', 'why do you look around my informator without knowing about it?', ", I know J- Dub is your informant, but it's Lord too, and we've got time.", "we need the names of those shooters and I'm ready to do things you don't.", 'like what? As what? As what?', ", I'm too hard. I'm also a tough guy.", '(b) 5 % of the number of producers concerned, in the case of Article 11(3)(b).', 'is considered to be terminated at the time when the appropriate control report is available.', 'each customer must be checked at least once in five years.', 'Article 13 Approval of the customer 1.', ', in order to enable the customers to operate within the territory of a Member State, that Member State must be authorised by that Member State.', 'if the debt of a taxable person is not established in Portugal or another Member State of the Union with which the person has special relationships as defined in Article 58(4), with the necessary adjustments, excessive, are not for the purposes of determining the taxable interest gains relating to the part considered excessive deductible.', 'when someone needed me, so I sent him a vision, helped him.', 'I was like a human television. I was a human television.', "you're a holy patron of TV?", "tly, it's been employed by me.", ', do you know, do you know, do you know?', 'here you can do what you like.', 'just here you have to make efforts here down here.', "you didn't find out about Saint Maureen?", ', long here she was not here.', "that doesn't tell me anything.", "then, there's an infinite up there.", 'ly damned infinite.', '. Listen, Dad, Tat.', 'what is it? Likewise what is it?', 'what do you do with all the boxes? What are you doing with all the boxes?', 'maintenance, use, treatment and disposal of Topotecan Hospira, treatment and disposal of Topotecan Hospira', 'ention Before opening: Keep in the refrigerator (2 ⁇ C-8 ⁇ C).', 'to protect against frost.', 'ate the vial in the carton to protect from light.', 'the topotecan Hospira 4 mg/4 ml concentrate should be diluted prior to administration of a patient to a final concentration of 25-50 micrograms/ml.', 'sodium chloride 9 mg/ml (0.9%) solution for injection or glucose 50 mg/ml (5 %).', 'therapy should be visually inspected prior to the use of particulate matter and colour change (frazen).', '. Topotecan Hospira is yellow to yellow-green solution.', 'the number of patients neutrophils  ⁇  1,5 x 109/l, platelet count  ⁇  100 x 109/l and haemoglobin  ⁇  9g/dl (for transfusion if necessary).', 'should be counted with neutropenia and thrombocytopenia.', 'dose: Ovarial carcinoma and malcellaneous lung cancer Start dose: 1.5 mg/ m2 body surface/day, administered intravenous infusion for 30 minutes five consecutive days with interval 3 weeks until the beginning of the next cycle.', 'it had to be hard for you.', ', yes, but it would be, certainly, yes.', 'now, and now this.', 'my frustration, Mrs Appleby.', "you'll be home if we needed you?", ', did they need? Did they need a need for them?', 'ly, yes, such is the law.', 'the legal representative of your husband was aware of your husband.', 'is coming from London in the morning.', 'your husband was rich, right? Your man was a rich man, right?', ', probably, yes, probably, yes.', "now it's all yours. And now everything is yours.", 'I mean, but it should be Penny.', '. Yes. Yes. Yes. Yes, yes, yes.', 'you ask a representative to join me?', ', in the context of the present case-law, the fact that 3F in the application for annulment of the contested decision has challenged the justification of the contested decision, that the criterion of active legitimacy under the Plaumann judgment must be used.', 'we had two things to do: nobody knew where we were and where we were going.', '... - Listen, boy.', ", of course, I want you to ride if you're worried about this.", 'I always wanted to travel, but I had no opportunity.', "the eastern coast we don't need anymore.", "that's the guy. I'm crazy. I'm crazy.", 'just... Just as he looked, when...', '. What? What? What? What?? What?? What?', '. I warn you. I warn you.', ", don't worry about it.", "I don't want to talk about it. I don't want to talk about it.", 'you understand? - Yeah. - Yeah.', 'you understand? - Yeah. - Yeah.', 'right, Louise. Well, Louise.', 'what do you want to do? What do we do? What are we going to do? What do we do? What do we do? What do we do? What do we do? What do we do? What do we do? What do we do?', '," Sasha said, "Sasha," she said.', 'Orson sprang briefly.', ', Chapter 34 The nights we packed the dead monkeys into the sheets.', 'as I packed the dead body Carl Scorsoa, I almost waited for a moment to sit down and get on me.', 'he should have brought you back from here.', 'Rabbit wants you more than me.', ', Olek had not yet called him.', ', therefore, we still have time.So we still have time.', 'what do we have time for? What do we have time for?', "because it's suicide, because it's suicide.", ', my children. Gordon.', "that's true. This is true. This is true.", 'before you arrived, we were safe.', 'how many mother carries a gun in a cable?', ', and has a false number on the car?', 'you knew that this day once comes.', 'you knew it from the moment you settled here, and every day you lied to your family, not me.', ". Carrie Hopewell couldn't exist unfinished.", "what you'd like to do is want to do.", 'the furniture, the back of the yard of the cemetery and... ... the spider on lamps.', '. Well, well, well, well, well.', ", Lance, why don't we have a naked generator and... ... where is the cellar?", 'somewhere there must be a door... somewhere... ...here there... ... here.', 'somewhere in the rooms.', "we're not in the network until tomorrow.", 'this great way.', 'you want to go home, Wando? Do you want to go home, Wando?', ". Don't forget, Whitaker saw something... ... something totally decoded him.", 'Wanda, will you help me with this?', 'I think I heard something, some sounds, some sounds.', ", go, it's an old place.", ', no, it was something else.', '. It was like... ... shining or something.', 'creation of a legal and fiscal environment which is favourable to businesses In order to benefit from all opportunities offered by the Single Market, including freedom of establishment, the rules on which the Single Market is based, simple, adapted and must meet the challenges faced by businesses in daily activities.', 'measures proposed in this section shall, inter alia, by reducing administrative and regulatory burden, with positive impacts on growth and job creation[17].', 'initiatives will be adopted in this context to ensure interconnection of trade directors and mutual recognition of electronic identification and authentication in the European Union.', 'also issues are fiscal.', 'taxes on corporate taxation or VAT should limit administrative burden on businesses and facilitate cross-border activities.', 'also deserves particular attention to the defence sector and security, since they stimulate development and growth throughout the economy as a result of their top technology, innovation and know-how.', ': Commission will adopt initiatives to improve coordination of national fiscal policies, in particular the proposal for a directive to create a common consolidated basis for corporate taxation (SKZS) in 2011.', 'between 27 existing national taxation systems in the EU, there are considerable differences in the EU, creating significant fiscal barriers to cross-border activities of companies or even preventing this activity.', 'that fragmentation leads to a significant market distortion and the cost of placing in accordance with the rules.', 'this concerns, in particular, SMEs, which often meet the necessary means to overcome these deficiencies, and it can deter it from developing the single market.', 'the introduction of a common consolidated corporate tax base is to address the problem of fiscal provisions restricting growth.', 'groups of companies should be governed in fiscal matters only by a single set of rules and should act only with one fiscal administration throughout the EU (‘single contact point’).', 'should be consolidated at group level and losses should be deducted from profits irrespective of the borders.', 'abilities of double taxation or double exemptions due to differences or incompatibility between national fiscal rules would be excluded in relations between groups.', 'measures at national level would only be reproduced by the current situation, since companies would still be confronted with the so-called fiscal systems, as many as those companies operate.', 'that Article 2(1) of Regulation No 1515/2001 provides that, if the dispute resolution authority adopts a report on an inappropriate measure, the Council may, if it considers appropriate, cancel or amend the measure at issue or take other appropriate specific measures to take account of the legal interpretations formulated.', 'under recital 5 of that Regulation, the EU institutions may consider appropriate to annul or amend the measures adopted pursuant to the basic Regulation, including those not subject to dispute resolution proceedings under the memorandum to the Agreement on the rules and procedures governing disputes, or take other specific measures taking into account the legal interpretation contained in the report adopted by the dispute resolution authority.', ', secondly, as the applicant correctly states, the provisions of EU law must be interpreted as far as possible in light of international law, in particular where the objective of these provisions is to implement an international agreement concluded by the Community, such as the basic Regulation adopted to meet international obligations arising from the anti-dumping Agreement (see recital 3 of the basic Regulation).', '13 – Courses supplemented by the author of the Opinion.', '14 – In its judgment of 19 July 2012, ebookers.com Deutschland (C ⁇ 112/11), the Court stated that the optional surcharge ‘related services which are only supplemented by the air service itself and are not required for the carriage of passengers or freight, so the customer decides to either accept them or refuse’ (paragraph 14).', '15 – Item 19 of that observations.', 'prudential principle provides for Community legislators primarily wider but not restricted discretion.', ', in the exercise of this extended power, there is insufficient burden on the legislature to ensure that the alleged risk is not only hypothetical.', 'Roic said apologologically: "I tried to stop her, my lord, but she insisted that I had to come here."', 'we fell into the eye. We fell into the eye.', '. Was the sexual activity of a lot of living?', 'that was really something. It was really something.', 'this is enough for me to do so.', 'the people can get dead when sex?', 'almost never again.', ", so it's my fault? So it's my fault?", ', we used a condom. We used condom.', ', so many questions, so many questions.', 'if you could answer any of them, you would not be fascinating.', "I understand you're pretty crazy, aren't you?", ', your wife is the one who gets you out of this.', 'your wife and your wife and I.', ', even though, sincerely, MRI was more useful than four hours holding hands.', 'I mean, I think. I think.', 'if you had a wife, you would know why it depends on it.', "you're a good guy. You're a good guy.", 'ly talks to you.', ". Wait, something's going on.", "what's happening to me? What's happening to me?", 'why should he seizure? Why should he seizure?', 'why do you still defend yourself with this guy? Why do you still defend yourself?', 'you thought I was dead. You thought I was dead.', 'the applicant stated that the new types of product appeared on the market, such as the skimmed plate consisting only of wood leaves, each of which has a thickness of not more than 6 mm, at least with one external layer from the wood bintangor, red carium, cedondong or some other species, uncovered from other materials.', 'these products should be included in the scope of the measure, since they have the same physical and chemical characteristics and definitive uses as a product covered by existing measures.', 'the product concerned and the new product types should therefore be regarded as a single product.', 'I realized that, rather than risking this condition, it would be better to play security and at all the wise will disappear from there.', 'I got a lot of experience as it goes here, and next time I will have a far better chance.', "... Well, so well... ...that's how well...", 'the sky overhead brightened, colors and shadows lost something of their uniqueity.', 'the flames around me began to throw me out.', '. Well, well, well.', 'clouds appeared on the sky.', 'ly, excellent.', 'the envelope began to form a light disk.', "that's great.", 'ing the clouds of the sky again lit the sun.', 'I looked up and admired enough that I was still persecuted.', 'wise, it could have been an incorrect estimate of the essential characteristics of their shadow section.', 'is never good to assume that you took care of everything when you push you time.', ", so... so... so... so... so... ...there's...", 'TG/63/6 of 24.3.1999 Rheum rhabarum L.', 'TG/62/6 of 24.3.1999 Scorzonera hispanica L.', 'Hadi mord Spanish or black root TG/11/6/3 of 21.10.1988 The text of these general principles is available on the International Union website for the protection of new plant variety (www.upov.int).', 'Jesus Christ. What the fuck is happening?', 'this is a misunderstanding. It is a misunderstanding.', "you'll keep your mouth shut up?", 'I tell you something. NTL owes us 300 litres.', 'what you say, because, otherwise we throw it out of the window.', "you'll take him out. Well, take him out.", ', man, slow, slow!', "this! It's high! It's high! It's high! It's high! It's high!", ". Well, so, it's just that you know, you know, you know, you know, you know, you know, you know, you know, you know, you've got to know.", "you'll be on all bands. Please!", '. Pomoc!', "it's a lot of noise, birds are repressed...", "you don't think about me drowning.", 'if you want to fish birds, you have to grab them from both sides.', 'that man should know how to be silent.', 'who the hell is it? Who the hell is that?', "what's the hand? What's the hand? What's the hand?", 'I can do it with her well.', 'the shooting!', ', when do you finally learn to believe me, Father?', "that didn't like Irving at all.", '"I\'ll meet him, but I have one condition.', 'that at that meeting you will be you."', 'his face spread in a smile from his ear to his ear.', '"You are a true friend, Blake."', 'should also be updated regarding two subjects listed in Annex II to Regulation (EU) No 36/2012.', 'Regulation (EU) No 36/2012 should therefore be amended accordingly, HAS ADOPTED THIS REGULATION: Article 1 Annex II to Regulation (EU) No 36/2012 is amended in accordance with the Annex to this Regulation.', 'Article 2 This Regulation shall enter into force on the day of its publication in the Official Journal of the European Union .', 'this Regulation is binding throughout the scope and directly applicable in all Member States.', 'in Brussels on 26 September 2014, Brussels, 26 September 2014.', "Pentola sent Kyl's denent of Dr.Dana.", 'and she wants me to come to L.A. and went out in her talk-show.', 'I never talked to me. Even though I wish the right opposite.', "it doesn't make any sense, because they looked at him through their fingers.", 'Lord God, give yourself a room with this room.', 'is not surprising that your mother drinks.', "you're finished? We should go. We should go.", 'I think you should like to pull your trousers.', 'points 26 to 32 shall apply under points under Annex X to Commission Regulation (EC) No 809/2004.', '( 5 ) Subsection under Annex XI to Commission Regulation (EC) No 809/2004, except for changes in point 11.1 (Historical financial data).', 'EN Official Journal of the European Union L 150/66 COMMISSION IMPLEMENTING REGULATION (EU) No 487/2012 of 7 June 2012 on the registration of the name in the register of protected designations of origin and protected geographical indications (Tomate La Ca ⁇ ada (PGI))', 'in the light of the Treaty on the Functioning of the European Union, Having regard to Council Regulation (EC) No 510/2006 of 20 March 2006 on the protection of geographical indications and designations of origin for agricultural products and foodstuffs ( 1 ) , and in particular the first subparagraph of Article 7(4) thereof, Whereas:', 'the application for registration of the name ‘Tomate La Ca ⁇ ada’ submitted by Spain was published in accordance with the first subparagraph of Article 6(2) of Regulation (EC) No 510/2006 in the Official Journal of the European Union ( 2 ) .', 'since no objection under Article 7 of Regulation (EC) No 510/2006, the name entered in the register, HAS ADOPTED THIS REGULATION:', 'Article 1 Name set out in the Annex to this Regulation shall be entered in the register.', 'Article 2 This Regulation shall enter into force on the 20th day following its publication in the Official Journal of the European Union .', 'this Regulation is binding throughout the scope and directly applicable in all Member States.', 'in Brussels on 7 June 2012.', 'my phone can be called for death. My phone can be called for death.', 'Michigan University wants to arrange a debate with us.', 'wise, South methodist, as well as Georgian, where is Mr Lowe?', ', and when do a row come to me? When do a row comes to me?', 'before you think, James, before you think, before you think.', ', when? When? When? When? When? When?', ". When you're ready, when you're prepared.", 'you see how good is our son?', 'how it is for his mother to live alone for his mother.', "nobody's going to visit her...", ', so the dead woman gave you a cassette in the room?', ', of course, that is not, of course, that it is not.', 'I mean, by requiring assistance.', 'someone who would publish it.', 'someone dedicated to the case.', 'someone who could trust. Someone who could trust.', 'what this is behind the hole.', "this guy's crazy guy's crazy.", 'dusty is a stubborn fanatic, which has already slashed to many cases.', ". You know what, the original plan was supposed to be published that cassette after Gale's conviction.", '. You know how, after a year or so something.', 'it would get him out, and he would have returned his dignity.', '. So Dusty Wright is sitting on that cassette, and waiting.', "and he's the only one who knows about it.", ', so old Dusty begins to think that one wrong execution is more useful than rescue for the last moment.', ', therefore, a Member State itself cannot control its internal tax system, in particular as regards direct taxes, without information from other Member States.', 'to eliminate adverse effects of this phenomena is inevitable to develop new administrative cooperation between Member States tax administrations.', 'abilities are needed to establish the same rules, obligations and rights for all Member States.', "Diagoras returned in the first Diagoras' sword into his mouth and wiped the red cloak.", '. "Their strength," he said.', 'Certak nodded beside him.', 'ly, "You have undervalued it.', 'they look like they could run over us."', ', "We\'ll have to give up, right?" he whispered for their backs of Orases and blinked him in his eyes.', '"It doesn\'t seem likely to me," Certak said.', ', "I admit that it is a pleasant idea."', 'the creep of the rider on the black nail and cried to a number of Drenayers.', 'Dlnar and Druss walked out of the line and waited.', 'he pulled the burden tightly before the two men, and leaned against a sad pipe.', '"Drusse?" he said.', ', "Is it you?"', 'ly, Druss studied the bald features and silver blurred dark hair matched into two long cocks.', 'in Skelna, Bodasen," he said, a fighter with a collar.', 'if you are given Inflectra during pregnancy, your child may have a higher risk of infection.', 'is important that you should tell your doctor and other physicians about the use of Inflectra before the child is given any vaccine (see section of the vaccination section).', 'management of transport and operating machines It is unlikely that Inflectra would affect your ability to manage transport funds, use of machines or machines.', 'if you feel dizziness after administration of Inflectra, do not drive or use any apparatus or machines.', 'sodium Inflectra contains sodium This product contains less than 1 mmol (23 mg) sodium in one dose, i.e. essentially ‘free sodium’.', 'Gareth, I know that I was known as a notoric cord, and that nobody believed me in the court or the word but Charlie Burke had existed-- it was not just a fertilization of my fantasy.', "I'm sorry. I'm sorry.", '. They brought us to Park Royal prison, which is an old Victorian fortress for the most dangerous criminals into the wing with the maximum security.', 'the place of birthplace.', ': Belfast. Belfast.', ". So you're Brit. So you're British. So you're British. So you're British. So you're British.", 'this is your home to the end of your life.', ". So, here, here, here's.", 'rator, Barker gave us blue uniforms with yellow stripes.', ', we were categories A-- the highest security, together with violators and murderers.', "my dad said we would fight for an appeal but I didn't want to hear about the right or hear.", ". Let's go to me. Let's go to me.", ', so come on, Gerry.', '. Hey, Ronnie, Ronnie.', 'Irsky hnus.', 'you think what others would do if they knew that you stole my chip and killed two of my people.', 'the future of my company is in the hands of a stolen product.', 'you swore that Vergis did not come to it.', 'the MCP? on MCP?', 'that he knows about it. He knows about it.', "I'm here to buy Caprician Buchans.", "it's your dream. It's your dream. It's your dream.", 'my dream is to destroy your dream.', 'in New Cap City. Welcome to New Cap City.', 'what is the objective of this game? What is the objective of this game?', 'this is mystery. This is mystery.', 'I thought my daughter was gone forever.', 'Tamara sent me to Tamara.', "in V-Word, and he can't get away.", 'my daughter is dead. My daughter is dead.', 'is very large. It is very large. It is very large.', ", what's the model? What's the model ??", 'in order to avoid cases in support of protection based on humanitarian grounds for which [Directive 2004/83] should never apply, the Presidency therefore proposes to restrict the scope of the provisions of point (b) of the formulation that, in the country of origin, a real threat of torture or inhuman or degrading treatment or punishment.’', ', in Elgafaji, ( 27 ) , the Court stated that Article 15(b) of Directive 2004/83 ‘certainly corresponds to [...] Article 3 of the ECHR’ ( 28 ) but the European Union legislature restricted its scope to the treatment of the applicant in the country of origin’.', 'the international protection system and in particular the protection status of the subsidiary protection is indeed own and specific protection mechanism ( 30 ) which differs from obligations imposed by the Contracting States Article 3 of the ECHR.', 'you can stop them! Stop them!', 'myung-hoon! Myung-hoon!', 'myung-hoon! Myung-hoon!', 'Hye-in! Hye-in!', 'Hye-in! Hye-in!', "I'm here! I'm here! I'm here!", 'Hye-in! Hye-in!', 'myung-hoon! Myung-hoon!', 'Hye-in! Hye-in!', "I'm here! I'm here! I'm here!", 'out of the car! out of the car!', 'myung-hoon! Myung-hoon!', 'Li Myung-hoon!', "you're surrounded by. You're surrounded.", 'the gun out of the gun.', 'from 50 after the birth of Christ.', 'I thought it was that I thought.', "I'm somehow patented.", 'recently, they hit me in the head.', 'who are you? Who are you? Who are you?', '. "Oh, I said, "Oh, I said.', 'though I looked like Julia, I spoke my own voice.', '. "Oh, I\'m not sure."', '. "You don\'t like it, do you like it?', "I'm enjoying it. I'm enjoying it.", ', "Don\'t worry about it, I say to you."', '"Jack, there is no fun with you anymore."', "I reached for Julian's picture on my face, tried to pull it like a mask.", 'my fingers, but I felt only my own skin under my fingers.', "as I scrambled into my face, the scratch appeared on Julian's face in the mirror.", 'I raised my hand and touched my hair.', 'ed the concrete floor on the concrete floor.', 'I said, "Save it out of me." I broke out.', '. "Save it down."', "I heard the hiss and Julia's skin was gone, flown into the air and then went down to Julia.", 'the thigh artery, losing too many blood.', ', no, my hand... burns!', ". This is poison poison. It's poison.", 'you need to decide if you let it transform it.', '... no... no... no...', '.No!! No!! No!! No!!', 'now, still bleeding.', "you'll give me your tape.", ", Carlisle, what's the next option?", 'it over my hand.', 'Carliste! Carliste!', "you'll be sure you'll be able to do so.", 'you need to try the poison to suck.', "you'll find the will... stop.", "you'll be able to pick up.", 'I dive more deeply.', 'what was it? What was it? What was it?', 'what is there at the temperature below? What is the temperature below?', 'the robotic arms and removal of samples.', 'what was it? What was it? What was it?', ', and hell, and hell, and hell.', 'the restart the power supply.', "right, let's take a few tests.", ', an abnormal increase in the flow rate of stream flow rate occurred.', 'this is not a remote control fault?', "you don't want to go to hell!", ', can you turn the video?', 'something struck into the probes?', 'it seems that it was directly below the probes.', 'to me the last data we got.', 'that you should be. You should be.', "it's a big day. It's a big day. It's a big day.", 'you got my gift? Did you get my gift?', 'what? What? What? What? What? What? What? What? What?? What? What? What? What? What? What? What?? What? What?? What? What??', '. Kos ⁇  Kos ⁇ . Kos ⁇ .', ', you should have it already.', ', did he get me some basket?', 'came, he was heavy.', 'me in my back, so I let him go to the ground because of health.', 'probably there probably still lies there.', 'my dissolving staff compares me that he came.', "I'm going to find him. I'm going to find him. I'm going to find him. I'm going to find him.", 'I prepared him myself. I prepared him myself.', 'the bond of $25 dollars.', 'this is a long-term investment.This is a long-term investment.', ', fireman, right.', '. Wait here. Wait here.', 'the cigar, sir?', "I can't wait to wait. I can't wait for myself.", 'how do you like it? How do you like it? How do you like it?', "is so good. It's so good. It's so good. It's so good.", "you're going to get married?", '. No. No. No. no.', 'I apologize for the RePet.', ', Dad? Dad? Dad?', ', Oliver died?', "it's RePet? It's RePet? It's RePet?", 'why do you think it? Why do you think it? Why do you think it?', 'you closed it outside.', '. Yes? Yes? Yes??', ". No, no, it's not nice.", ". It's inexpensive. It's inexpensive.", 'how is it called? how is it called? how is it?', 'I forgot it.', '. No. No. No. no.', "I mean, I mean, you're married.", ". You know what it's like. You know what it's like.", 'then, what... did they... have gone out?', "now I don't know why I'm here.", 'you could convince them yourself to agree?', ', but it was not my style.', 'I expected you to understand my feelings against the wrong use of force.', ', I know, Charles. I know, Charles.', ', when do you stop teaching me at last?', "I'll stop when you start listening to me.", 'Bobbie. Bobbie. Bobbie. Bobbie.', "I'm happy and I'm healthy because I understand what is important in life.", '. Yes. Yes. Yes. Yes, yes, yes.', 'your new book. Your new book.', 'this has the right of law. This has the right.', 'what is important, my new cookies.', 'my husband and my family and make perfect home.', 'It is a lesson every girl needs to learn.', 'ly you. In particular, especially you.', "I'm your friend, Joanna.", "I'm going to help you. I'm going to help you.", 'you need me. You need me. You need me.', 'lunomide is effective in animal models of arthritis and other autoimmune diseases and transplantation, especially / immunosuppressive properties, acts as antiproliferative agents and is characterised by anti-inflammatory properties.', 'in animal models of autoimmune diseases, leflunomide has the best protection effect if administered at the early stage of disease progression.', 'in vivo is rapidly and almost completely metabolised to A771726 which is active in vitro and is expected to be responsible for therapeutic effect.', ': Mechanism of action mechanism for the effect of the mechanism of the effect of the mechanism of the effect of the mechanism of the effect of the mechanism of action.', 'the active metabolite of leflunomide A771726 inhibits in man enzyme dihydroorotate dehydrogenase (DHODH) and exhibits antiproliferative activity.', ': Clinical efficacy and safety of clinical efficacy and safety of clinical efficacy and safety.', ': Revmatoid arthritis', 'efficacy of Repso in treatment with rheumatoid arthritis was monitored in 4 controlled studies (one in phase II and three at phase III).', 'in the context of the proposal - Justification and objectives of the proposal The proposal responds to a sharp decline facing the European economy as a result of the financial crisis and the deficiencies in the security of energy supply in the Community underlying the gas crisis.', 'The European Economic Recovery Plan (COM(2008) 800) approved by the European Council of 11 to 12 December 2008.', 'ly with proposals for broadband technologies and rural development, in particular, responds to the request of the European Council on the elaboration of a detailed and objective list of measures.', '- General context The financial crisis has started to reflect in the real economy in autumn of 2008.', 'in the area of natural gas, relating to the lack of gas supply produced in Russia to the Community, it appeared in December 2008.', 'how the economic crisis and the crisis in the area of natural gas, which highlighted the lack of energy interconnection in Europe, constitute structural problems for European economy and the prosperity of European citizens.', 'needs to be drawn up by a comprehensive recovery plan currently introduced; this proposal for a financial stimulus for key components of the energy sector represents the basic element of the plan.', '– The applicable provisions relating to the proposal Part of the Trans-European Network Programme aimed at energy infrastructure will aim to stimulate the construction of cross-border gas and electricity systems; the same objective also has three sub-programs within this proposal.', "that's true. This is true. This is true.", '. Yeah. Yeah. Yeah. Yeah. Yeah.', ", and it's for this reason.", 'this great reason.', "what's going on here? What's happening here?", 'you pack me up? Do you pack me?', '. No. No. No. no.', 'I am Zoe Hartová.', ". Harley's daughter, Harley's daughter.", '. Yeah! Yeah! Yeah! Yeah!!', 'recently I moved to Alabama and talked together about the future and family, so I thought it was time.', 'and you thought the best way to come here and pretend that you are a manager of a magician?', 'I was afraid of myself. I was afraid.', 'I should tell you who I am, just as I came here.', "I'm sorry about it. I'm sorry.", '. No. No. No. no.', 'why is the problem of finding a body? Why is the problem of finding a body?', 'the flow is divided into a dozen filtering channels.', 'was the brakes around the contract when it was built.', '. Many people wanted to engage in this.', 'nobody knows where the river ends!', 'I am an engineer in the Department of maintenance.', 'I want the body to find. I want the body to find.', 'the broken neck, the bullet in the chest and a lot of blood that would fill the van.', 'I want this body. I want the body. I want the body.', 'is gone, forever... Anno.', '... you killed him.', 'always comes back to...', "always. It's always always time.", 'o? Hello??', 'no later than six months after the data and information originating in the first assessment carried out pursuant to Article 8 and from the monitoring programmes provided under Article 11 shall be provided to the European Environment Agency for the purpose of carrying out its tasks.', 'Article 20 Commission reports 1.', 'the Commission shall publish the first evaluation report on the implementation of this Directive within two years of receipt of all the measures programmes, however, no later than 2019.', 'the other reports then the Commission published every six years.', 'the report referred to in the European Parliament and the Council.', 'this would therefore be appropriate for the Council to adopt principles, priorities and conditions applicable to each European partnership.', ", but I've been a hundred years older than you.", ". Oh, I've been a lot of whore, yes.", ', and I was forced to enjoy...', 'here! ... on a lot larger beds.', ". But never, for all my life, I wasn't used for a big bed like Golders Green had.", "who's a fucking Golders Green? Who's a fucking Golders Green?", 'Golders Green. Golders Green.', 'his true name no one knew.', 'that nobody knew anything about him, except that he lived somewhere in Golders Green.', 'Jesus Christ!', 'was very discreet, you know.', 'was orthodox Jewish Jew.', ', so, it was yours... Kluk, sir?', ': expenditure related to buildings 2 0 2 2 Cleaning and maintenance Appropriations 2010 Appropriations 2009 Outturn 2008 Remarks This appropriation is intended to cover: cleaning and maintenance expenditure, lifts, central heating, air conditioning, electrical installations and related adjustments, purchase of maintenance, washing, washing, white, dry cleaning, as well as all supplies needed for maintenance.', 'what is it? What is it? What is it?', '. Please, please, please, please, please, please, be the one that you have.', 'documents to identify Lien Mah.', 'the fake birth certificate.', 'the false passport.', 'the death certificate.', 'ing the confirmation of balzamination.', 'everything that is necessary to convince the Ministry of Interior that Lien Mah was a Chinese nationality and died during the stay in the United States, and the documents needed to return home.', ', who would send the wrong body of Chinese to China?', 'I would say that some clever smuggler.', ", so if Lien Mah's design, so whose body is over the ocean?", '"Marjorie Linová, 24 years, was imposed for rest on Monday afternoon."', ', not less than 10 hours later, her body stolen during a disgraceful" stealing of graves.', 'you think the smuggler abuses the body of Marjorie Lin?', 'picture from a false passport Mah, with a photo Marjorie Lin from the documents.', 'that the tank is kept.', "it's a presumption? - No, it's a presumption.", 'you said that the guy who was hanging, maybe he was working for Gina Fisher.', "Gino didn't do this. Gino didn't do this.", 'how do you know? How do you know it?', "because it's too smart to kill a policeman, and this isn't his style. - Is it a presumption?", ", no, it's a preoccupation.", 'the Driving and Technical Card, please.', 'you can. You can. You can. You can.', 'Arthur Gallery. Arthur Gallery.', 'I prefer Artha. - Well, I prefer Artha. - Well.', 'I crossed the speed and you watched me.', ", Crawford took off first to the hospital's staff and soon at the unit of intensive care in Jefferson hospital.", '. CHAPTER 73 KRENDLER SI NEMOHL ADOPTED more perfect publicity.', 'in the event of celebrations of the nineteenth anniversary of the existence of the FBI was organised for journalists a visit to the new seat management of the crisis management.', 'takers were fully used by rare chances to enter J buildings.', 'Edgar Hoover Building and the intelligence of C-SPAN appeared a long record from the speech of former President Bushe, director of the department, everything alive.', 'the CNN selected short cuts from the speeches and the rest appeared in the evening news.', ', when the honor guests finished their speeches, the right moment for Krendler.', "all items are awarded to millions, but in fact, it's just cages.", ". So the Federal receives Russian money for nothing? It's a perfect system until one of the outdoors knows about it.", "if your fraudulent thinks he's just going to go and take money together, he should be careful.", 'who are you going to meet with? Who are you going to meet with?', 'this is nothing to do with you.', '. Carter, I was thinking.', ". I can't just kill someone just like that.", ", when I was involved with the Federal, I didn't mean...", ", no, you didn't think about it.", 'you just watched the other place.', "now I can't do it anymore. I can't do it anymore.", ", I'm not on your side. I'm not on your side.", ", but I don't let it happen here to be murder.", ', do you really? Really?', ', yeah, you got a new job. You got a new job.', '"Bruenor will wonder!"', 'Wulfgar breathed for a moment, he he hesitated, and he had to laugh at himself when he reminded his dwarf beginners in the dwarves.', 'I would like to open a new file. I would like to open a new file.', 'in encyclopedia is 25 passwords.', "you'll tell them, go to the table.", 'I have spaghetti here. I have spaghetti.', '. Well, come on. So, come on.', "you're going to taste.", 'there is a lot of unhealthy things there.', "I thought about it and I don't want you to go to my lecture.", "you'd be nervous about me.", "I'm afraid of getting too much. I'm afraid of getting too much.", '. What? What? What? What?', "I said I didn't want you on my lecture.", "I'm sorry. I'm sorry.", 'thirty minutes is nothing for someone who races 24 heures du Mans.', ', please stop! Please stop!', '2 minutes of booking. Two minutes.', 'I convinced you? I convinced you?', ': God! God! God!', '. I take it as a yes.', "you're all right? Are you all right?", 'now we need to get back. Now we have to get back.', "Russ knew about Walt's supply from his supply of fish.", 'the dog bitten him as he took her.', "I don't think about it, Detective.", "you're sure he didn't slip and fell on a knife?", 'Mike watched us out the window when we were here before.', ', no, no, no, please, please, please!- Hey!- Hey!', 'this is not true. This is not true.', 'I tried to work with the team since the beginning.', 'nobody listening, course*a.', 'that you like it. I think you like it.', 'he was so cracky, and now he\'s like, "I\'m a gangsta."', ', I was talking to you about Mustanga.', 'you still have it, you still have it, right?', 'what are we doing here today? What are we talking about today?', '. We have here... we have here...', 'the smelling Ellie.', 'the smelling Ellie.', "we'll try to lure someone to help us buried on the garden.", "we thought it would be fun to hire a guy to come and kick the hole in the garden, think it's for tree or something, and then tell him:", '"No, it\'s for my wife, and you could take the body out of the house, throw him into the hole and hatch him?"', 'was a catastrophe at the funeral institute buried his wife.', 'I was hoping to give you some money to help me buried it on her favorite spot.', "I can't do it, I can't do it, no.", 'I can give you more than $60 dollars.', "I don't think it's legal, and I don't want to get into trouble.", "we tried to do it in Columbus, and people didn't want to have anything to do with it.", ", no, I can't do it. I can't do it.", 'you can help me get her out to bury her.', '"Frodo!" "Frodo!', 'Sam and tears almost blinded him.', ', "That\'s Sam, I came!"', 'raised his master and pressed him to himself.', 'Frodo opened his eyes.', ', "Is there anything?" he whispered.', ', "But the other dreams were terrible."', '. "It doesn\'t seem to you, sir," Sam said.', ', ‘It is true.', ", I'm the one who's the one that's the one I'm in. I'm myself.", 'I came here."I came here."', '"I can\'t believe it," said Frodo, holding him firmly.', ', "He was here with a whip, and suddenly he turned into Sam!', ', after its formal establishment, the Agency is entitled to adopt monthly backup payments to its operating costs referred to in Article 6(4).', ': OJ L 310, 9.11.2006, p. 15.', ': EN EN', "it's like the eastern part of our apartment was under the promise of the celibate.", '. Oh, stainlessness.', "you ever get rid of Ellie's sweater?", 'I hope that I do not hope that it is not.', "it's my happy sweater. It's my happy sweater.", ', hey, hey, you think, uh, you think Ellie is okay?', ', should I call the hospital again?', "I'm gonna do coffee. Do someone want to do a coffee?", "I'll go to bed. I'll go to bed. I'll go to bed.", "I'm beginning to get too accustomed to lying and the silence around the spy thing.", 'I begin to feel that it is my real life.', ', everything was expected to have been expected.', 'this is an important crisis of spy.', 'I have a little worried about our cover.', 'gave me some extra task, he said it was super secret.', 'should be noted that, contrary to the view of the Greek Government, Article 6(1) of Directive 83/183.', ', what about it? What about it?', '"Where the sea begins...', ', "I don\'t know it...', '. "I\'m going to be deeper...', ". Yes, it's wonderful.", 'my love! My love is my love!', "this can't continue this forever.", 'before four days ago, they command me... ...to bring speakers so... ...to make the sounds inside, and find out whether they are still alive... ...that were our instructions.', ', but I pointed to their insomnity. But I pointed out their insomnia.', 'inhumanity?', 'what? What, what do you think? In what?', "that's true. This is true. This is true.", 'yesterday we sent a section... ...guests with the command to enter.', 'until the evening they returned to the casaires.', '21 By letter of 24 March 2003, the Commission reiterated its initial application relating to the imports of material intended exclusively for military purposes, preceding 1 January 2003, and for the period following that date, Regulation No 150/2003.', '22 The Kingdom of Denmark remained in its reply of 7 May 2003 in its Opinion.', ', by letter of 17 October 2003, the Commission reiterated the Kingdom of Denmark to implement the calculations necessary for the determination of the amount of own resources not paid by the Community due to the exemption of the import exclusively military equipment from customs duties in respect of the budgetary period 1998 to 2002, the Commission has provided those own resources and paid interest payments owing to the delay under Article 11 of Regulation No 1150/2000.', "you too. And I'm really glad you're doing so well that you've allowed you to leave the attendance.", ', so your backup plan is dinner on the Thanksgiving side of Liama?', 'our parents are from themselves. Mum and her boyfriend are in Paris, and his dad and his girlfriend have the weird trees-reception in the desert.', 'the operation is nothing to do?', 'this young boy, in a disguise for older woman, makes fun of the conjunction of the Church and the State.', 'this is the beginning of a free press in America.', "and it wasn't easy, the church was too powerful at the time.", 'twelve, sir.', '. Thank you, sir. Thank you, sir.', 'if you talk to the third person, call Mr Stevens older to distinguish us.', "I'm sure Mr Stevens is good at his work, but I assure you that I am good in my own.", '"they are" and not the hood "je" .', 'this is the definition of our quarterly Gentleman gentleman:', 'was an English Commander in lndia.', ', I\'m sorry, sir," she whispered not to frighten the ladies:', '. "I\'m sorry.', 'in lndia everyone is accustomed to lndia.', 'if the chamberlord comes back to pour tea, he says, like nothing:', '"The chef is served at the usual hour, sir.', 'this is the ideal, which we should head.', "Stevense's elder plate, whether it doesn't cool it.", ', therefore, both parties have paraffed an agreement in the form of an exchange of letters on the provisional application of the Protocol which was paraffed and form an annex to the new Fisheries Partnership Agreement since 1 July 2007.', '(5) In the interests of the Community, the Agreement shall be approved in the form of an exchange of letters.', "I'm up to my neck.", 'you will be happy to turn, gentlemen.', "I'm sure that's why I'm sure I know this. I know it's for sure.", "you don't worry, it's enough for me to write down a debt letter.", '. Good night. Good night.', 'with the old mare that could tear my grandmother and who thinks I was born in the cave.', "I didn't break anyone's clothes.", "you don't be so strict.", "I'm a fish pulled out of water and I really felt it today.", 'Lord Gillingham tried to warn me, but I did not listen to him.', 'you know the gentleman well? - No. - No.', 'like that, like so...', "what's happening? What's happening? What's happening?", "you knew that Lady Rose found Mr. Crawley's gramophone?", ': [1] The International Day of Roma was established in 1971 at the First Roma Congress.', '(2] OJ L 180, 19.7.2000, p. 22.', ': Jistina Return of sugar benefits is repaired under EU own resources.', "that Member States may deduct 75% of the actual redeployed excess benefits by subscribing to the EU's own resources.", 'this way you get out of here.', "what's happening here? What's happening here? What's happening here?", "you'll give me cigarette.", "you can't smoke so much.", 'this will do you well. - Thank you. - Thank you.', 'the eggs of the eggs saw one eggs split up... ...and then it was done again.', 'slowly, cells begin to specialize and form different parts of the body of the unsuccessful frogs.', "and it's not just a gun that grows like this.", 'what is true about the gaskets is also true for us.', 'this is an extraordinary idea that each of the bilion cells that form my body originally comes from only one cell.', 'Microscop revealed two basic rules of life -', 'every living creature on this planet is created from cells... ..and cells arise from other cells.', 'the cell, means understanding the life.', "it wasn't so easy, because even with the best microscope all you could see was the core in a transparent cough.", 'if biologists wanted to do another step, they had to find a way to make invisible visible.', 'will need help and get it from two very different worlds, theoretical physics and the world of fashion.', 'the first synthetic colouring scene in 1850, by creating a series of new colours.', 'the fashion led to demand.', 'liness and art was also revived again.', 'color was produced in the industrial scale of German chemists.', 'not so fast. Not so fast.', ', "Oh, war.', 'what are the reports?"What are the reports?"', 'the Archifer shook his head:', 'I smiled at him.', ', "And you believe that \'bestie wild, whose time is to come, he\'d come to Betlé, would be born\'?\'"', 'the Archifter smiled.', ', "Yes, sir, I believe."', ". New York, we've been flying!", "I can't believe they moved me into the first class.", '. Husty!', ', just that you can fly with people is unfair.', '. Ou yeah.', ". Axman, it's giving it at 8 in the morning.", '.No!! No!! No!! No!!', '. No. No. No. no.', 'Luciane. Luciane. Luciane.', ', look at me, Sonia.', ', look at me. Look at me.', 'now look at me! Take a look at me!', 'I love you. I love you.', "I'm also you, too.", ", when this ends, you're not here anymore, right?", ', goodbye, love.', '. No. No. No. no.', "you'll be able to free the others.", 'now! quickly!!! Quickly!!! Fastly!!', ', behind me, behind me.', "you're right, you're absolutely right.", 'these people who stop on the highway so they can play machines. Or like that:', 'if you are Alec Guinness and you were half a year in Japanese prison in a box, (cash on the film) you need to pull your legs, but not 50 km drive.', 'it is with people that stop to eat.', "why? I can't imagine the route so long that you need to pick up energy.", '. Well, if you went from Cairo to Chart ⁇ m... - Yes, but not in Britain.', "if you're going from Lester to Birmingham, you don't need food.", "I'm glad you mentioned it because I want to say that it's one place I don't understand why people stop there.", 'Little Chef (UK motorist), because they take raw materials there and then they are ruined.', 'I stopped once very soon at Little Chef once and asked: "I can get the omelet?" And the waitress told me:', "I'm sorry, sir, they haven't brought us a powder yet.", "it's not a good sign, isn't that right?!", 'once in Little Chef fell a couple of plates in Little Chef, and turned back.', 'these are from old squash balls!', "this we heard that they were planning to close half their bisters and we're not surprised. We've stopped at one of the still open ones.", ': 0151 Portuguese special edition Chapter 13 Volume 1 S.', ': 0151 Council Directive of 20 December 1968 amending Council Directive on the approximation of the laws of the Member States relating to colours authorised for use in foods intended for human consumption (68/419/EEC)', '. Yes, it is a betazoid method.', "when you're nervous, stimulate the nervous pressure point, this way.", 'there is nerve nodes, directly behind the necklace.', 'this is the part of the brain that creates endorphins.', 'this sounds simple. It sounds simple.', 'here. Here. Here.', ', you know, I feel better now.', "I think I'm not afraid of it. I think I'm not afraid of it.", ', we talked about the rising of fear.', 'this is the best way to do it. This is the best way to do it.', "probably it's probably that's what it's like.", "I'm going to move there. I'm going to move there.", ", I'm going to do it! I'll handle it!", '. There are no signs of life. There are no signs of life.', '. It is not anyone who is not.', "because it's a big step, because it's a big step.", ", I'm not trying to say it's the same... I thought about sleeping with you... and God, I'd never even think of killing you.", '. Well, well, well.', '. Well, well, well.', 'now, at least go to the bush.', '. Yes. Yes. Yes. Yes, yes, yes.', ", and don't take back too wide, or so.", "I'm sure you won't be.", "sometimes someone tells some minority... and it's like it's going to fall into the empty place in your heart.", 'your hair. Your hair is yours.', '. Yes. Yes. Yes. Yes, yes, yes.', ", I think it's so. I think it's the case.", '. Hey. Hey. Hey. Hey.', "I'll see you tomorrow.", ': Harris: It seems more interested in misleading attention and handling.', 'thanks to Getty Museum, it is quite clear that he plays with perspective.', '. Dr. Zucker: And that was realised.', 'Dr. Harris: Deformuje perspective.', 'from recent research shows that, in fact, a male observer whose discovery we see is left, outside our supervision.', 'Dr. Zucker: Actually, we look at the right and combinations of these two perspectives will burn these two figures together, but only in a dissuasive way that is strangely prepared.', 'Dr. Harris : Somehow says that this mirror is not a thing that captures the truth, it is a metaphora.', 'these paintings are mirrors of visual world.', 'here, shows the mirror and says, "No, mirrors are false, they are only built in a way like everything else that depends on the angle of view".', ', damn it! Damn it!', "Marty's voice sounded strictly.", '. "Okay, Jone.', 'your rage seizures have no time on your rage.', "I don't want to have holes in the walls if I don't do it alone.", 'me. Tell me what you came to.', ', maybe I can help you."', 'support covers a part of the actually paid interest of loans or financial lease (excluding operational leasing).', 'the amount of aid is not exceeding 4 % of the annual loan or actual rates if the credit rate is below 4 %.', 'the amount of aid is calculated in accordance with the requirements of Article 19 of Regulation (EC) No 1857/2006.', ': Date of implementation: Date of implementation:', 'duration of the aid scheme or the granting of individual aid:', 'until 30 December 2013 Objective of aid:', 'to promote the development of rational and effective agricultural production by reducing production costs and introducing modern production technologies.', 'support is granted in accordance with Article 4 of Commission Regulation (EC) No 1857/2006 of 15 December 2006 on the application of Articles 87 and 88 of the Treaty on State aid for SMEs active in the production of agricultural products and amending Regulation (EC) No 70/2001.', ': The aid is intended for small and medium-sized enterprises active in the primary production of agricultural products.', 'name and address of the granting authority:', ': Zemkop ⁇ bas Ministerija R ⁇ ga, 2.2.2009.', 'support shall not be granted retroactively to the activities already made by the beneficiary.', 'the maximum amount of aid granted to the individual undertaking shall not exceed EUR 281 120 LVT (400 000) or EUR 351 400 LVT (EUR 500 000) if the undertaking is located in a disadvantaged area.', 'support will be granted only to businesses not businesses in difficulty.', ", no, we won't sell you.", ', but I have a job. But I have a job.', 't you? Really? Really? Really?', '. Yes, for food stores in storage.', 'the owner is in the care house.', ', so, her son needs help.', 'the trade is indeed at least his problems, from what I have heard.', ', but I just helped around the trade, certainly.', 'on a full-time basis.', '. But. But. But. But. But. But. But. But. But. But. But. But. But. But. But. But.', 'what about us? What about us?', "you'll have to go with me, Junior.", 'maybe you can take home by bus Phillip?', 'Phillip! Phillip!', ', we all have to contribute. We all have to contribute. We all have to do with our contribution.', ', according to my uncle, you have to start a curse..', "you tried to kill the wolf, and you didn't succeed.", 'thanks, Liso. Thanks, Liso.', 'you can keep Caroline on the doorway, please..', 'is your daughter, Liz.', 'you got it! You got it!!!', "just watching... I'm just looking at it. I'm just looking for...", '... Mmmmm...', '. Oh,no..this is not good, this is not good that this is not good.', ', but yes, yes, it is..', 'Jeslti on Katherine comes to this...', 'what Katherine... What Katherine...', ' ⁇   ⁇   ⁇   ⁇   ⁇   ⁇   ⁇   ⁇   ⁇   ⁇   ⁇   ⁇   ⁇   ⁇   ⁇   ⁇   ⁇   ⁇   ⁇   ⁇   ⁇   ⁇   ⁇   ⁇   ⁇   ⁇   ⁇   ⁇   ⁇   ⁇   ⁇   ⁇   ⁇   ⁇   ⁇   ⁇   ⁇   ⁇   ⁇   ⁇   ⁇   ⁇   ⁇   ⁇   ⁇   ⁇   ⁇   ⁇   ⁇   ⁇ ...  ⁇   ⁇   ⁇   ⁇   ⁇   ⁇   ⁇   ⁇   ⁇   ⁇   ⁇   ⁇   ⁇   ⁇   ⁇   ⁇   ⁇   ⁇   ⁇   ⁇   ⁇   ⁇   ⁇   ⁇   ⁇   ⁇   ⁇   ⁇   ⁇   ⁇   ⁇   ⁇   ⁇   ⁇   ⁇   ⁇   ⁇   ⁇   ⁇   ⁇   ⁇   ⁇   ⁇   ⁇   ⁇   ⁇   ⁇   ⁇   ⁇   ⁇   ⁇   ⁇   ⁇   ⁇   ⁇   ⁇   ⁇   ⁇   ⁇   ⁇   ⁇   ⁇   ⁇   ⁇   ⁇   ⁇   ⁇   ⁇   ⁇   ⁇   ⁇   ⁇   ⁇   ⁇   ⁇   ⁇   ⁇   ⁇   ⁇   ⁇   ⁇   ⁇   ⁇   ⁇   ⁇   ⁇   ⁇   ⁇   ⁇   ⁇   ⁇   ⁇   ⁇   ⁇   ⁇   ⁇   ⁇   ⁇   ⁇  ', 'why do you stay here? Why do you stay here? Why do you stay here?', '. Yeah. Yeah. Yeah. Yeah. Yeah.', ', yeah. I should be able to handle this.', '. Well, well, well.', ", yeah, we're going to find a packet.", 'Sammy? Sammy? Sammy?', "you're okay? Are you going to be okay?", ', yeah, yeah, yeah, fine.', 'and then I threw them on them and both shot them.', 'you managed well, sheriff.', 'here are the ingredients here. Here are the components.', 'death was a number of gunshot injuries.', ', of course, I took the fingerprints for you.', ', can we look at the body? We can look at the body?', 'their body was sent to the funeral institute on the feedingstuffs as stated as the wishes in their will.', 'that must be some record. This must be some record.', 'the bottle energetically shake for at least 5 seconds (Picture D).', ', and here, too.', 'taxi! Taxi! Taxi!', 'in previous parts of Drop Dead Diva... - Hello.', '. Hey. Hey. Hey. Hey.', "you don't tell Grayson? Do you tell Grayson?", 'as we look at pizza after aquaaerobic. Yeah.', "Stacy, I say it to him. - Lord, I will tell him. - God's sake.", 'I want to tell you something important. I want to tell you something important.', '. - No. - What? - What? - What?', 'Jane! Jane! Jane!!John!', ', please, Graysone.', "I'm sorry. I'm sorry.", 'Jane! Jane! Jane!!John!', 'Jane, I know that you are Deb in fact.', 'my boys die because of square meters.', '.', 'abilities LEGISLATIVE RESOLUTION Adopted ( P7_TA(2013)0543 ) 7.26.', 'ing the criteria determining the collection paper ceases to be waste within the meaning of Article 6(1) of Directive 2008/98/EC on waste (vote)', 'ators, east.', 'this neural interface is damaged.', 'because he got a direct intervention when one of your bullets scrambled on the bottom of the funeral.', 'I can take you a new and install it.', ', no, until I investigate her injury.', 'how long? How long has it been? How long?', 'two broken vertebrates and stabbed lungs - at least an hour.', ', and he? And he?', "this time you'd be more useful when you fix the torn muscles.", 'the last crew member you treated with the internal bleeding.', 'your crew is a fragile.', '. They fall too easily.', 'what do you expect? What are you waiting for?', 'in the last three weeks, you shoot, fight, burning and jump.', ', their body was not formed on something like that.', 'the son of Glorie.', 'the huge fan of Rush.', ", lady, you're starting to frighten me.", 'how can you know this? How can you know this? How can you know this?', 'because you have a Rush trick, demente.', 'because we know absolutely everything about each of you.', 'not even move!!!', "you'll give your staff from the table.", ', good day, Mr Lucasi.', "you'll be silenced!!Please!", '. Yes. Yes. Yes. Yes, yes, yes.', 'I hear his brother. I hear his brother.', '. Yes. Yes. Yes. Yes, yes, yes.', 'the silence.', "I wouldn't say that the gap was in my safety, but - how did you get here?", 'Ollie said, "Well, here\'s murder," Ollie said.', ', "What do you mean how much it hurts?"', ', "Because I could..."', '42 By notifying Article 2 of the Decision on the compatibility which provides for non-binding criteria for the choice of procedural conditions to be respected, pursuant to the appellant in paragraph 55 of the judgment under appeal, the Court of First Instance wrongly stated that the regulatory procedure can be used only for measures with general scope.', '– Arguments of the Commission 43 The Commission takes the view that the reference to the 30th recital in the preamble to Regulation No 3319/94 is not relevant for the purposes of interpreting the second subparagraph of Article 1(3) of this Regulation, which imposes specific duty, where two objective conditions are fulfilled, namely the implementation of indirect invoicing and imports of the product of ZAP.', ': 44 As regards Article 2 of the Decision on the compatibility, the Commission contests the CMF’s assertion that the regulatory procedure can only be used for measures with general scope.', 'the findings of the Court 45 Both of the part of the appeals examined and, therefore, the ground of appeal itself, do not have a separate existence.', '47 As the Advocate General observes in paragraph 41 of its Opinion, both parts of the appeal are more specifically raised within the fourth, respective third ground of appeal, which is challenged by the Court of First Instance’s own legal analysis.', '48 That part of the ground of appeal is therefore consistent with the fourth, respecting the third ground of appeal.', '49 Consequently, it is not necessary to examine them independently.', ', on the ground of appeal, alleging distortion of the factual framework Arguments of the parties – Arguments of the appellants 50 CMF argues that, in paragraphs 14 to 28 of the judgment under appeal, the Court of First Instance adopted a completely fictional legal structure of the competent national authorities regarding the existence of indirect invoicing.', '51 This performance is incomplete and erroneous and thus leads to distortion of the facts.', 'the two were grown over the metre of eighty high-wenty-five-footed twenty-four-faced old-fashioned twenty-five-foot-foot-foot-foot-foot-two-foot-two-foot-foot-foot-foot-faced-faced-faced-faced-faced-faced-faced.', 'it reached out to catch them as the opponent could not grab them as his hair.', 'as they took off the gross shirt, it turned out that both had the same steel rope of muscles and the back long-healed traces of nine-occupied cat.', 'the Westerners looked absolutely equivalent and everyone understood how much it was.', 'the Admiral and the general individually approved their selection and claw them on the heart that they must win.', 'the honour of the entire cultivation and the navy, and the large crowds of their officers.', 'the winner awaits a sweet future.', 'arged will not have any future.', 'Henry Hardy Hibbs crossed the only rope and built into the center of the ring where the cross was drawn up by the square.', '. "Your Excellence, Majesty, the weighted loyalty and the estate," he began.', ', "Be up to the same end between, in this corner, boccman Jem Grum from the Royal Navy..."', 'from the crowd of seafarers on the east side, while from the thick ranks of English and Indian soldiers on the western side, the mixtures and dirty slaughterhouses came along.', '. Longstaff, Archivevod, Admiral and general settled on the honorary places on the north side of the ring surrounded by the honorary guard.', 'behind the archivevo, two pounding personal guards, armed and alarming.', 'Stan, Brock, Cooper, Tillman, Robb, Gorth, and all the Tai-pans had seats on the southern side and behind them to see better, smaller traders, navy officers and footwear.', "now we're still in the roof and so on.", 'what if there were some worthy people coming?', ", we're on the way too. We're also on the road.", 'I know. I know. I know. I know.', ", when you're still in the roof, does it mean that you're still afraid of getting scared?", 'now, first of all, you must be afraid to be in the roof at all.', '. Stop! Stop!', "you'll be done tonight with this plan at Kamen?", 'then go to Angel field.', ': Combajner:', ': Angel? Angel?', "that, man, don't want me!", 'and go on!', '. Well, good. Well, well, good.', "Zore and don't get rid of it.", ', and me, and the muk!', "how many times you've always left with us.", '. At the summer he returned.', "now they're flying.", '. Hyy ⁇ ! Hyy ⁇ !!', 'I liked your book.', '. Well, thank you, thank you.', 'the use of millions - remuneration5.1 Rewards in OK Plus forms bonus tickets on lines operated by Czech Airlines, alian partners and other partner air companies, upgrade for miles to the class Business lines OK operated by Czech Airlines or other remuneration.', ', as a remuneration, other services provided by Czech Airlines or non-air partner OK Plus.', '. 5.2 Remuneration can be obtained for miles per Member of OK Plus account.', 'the number of miles needed to obtain remuneration is set out in mile tables available on www.okplus.cz .', 'the Czech Airlines reserves the right at any time to change the number of necessary miles to obtain individual remuneration.', '. 5.3 Remuneration may use the account owner or the person designated by the account owner.', ': 5.4 In the case of donated bonus tickets or other remuneration, these remuneration must be issued directly by the owner of the account, on the basis of the verification of the valid PIN, or identity on the basis of a civil licence or passport in Czech Airlines.', '5.5 Bonus ticket is valid for 12 months from the date of exposure.', 'the Czech Airlines reserves the right to limit the number of passengers with a bonus ticket on certain lines.', 'the bonus tickets are not built at all.', "more information can be obtained in the Czech Airlines' sales office.", '. 5.6 Bonus Flights on the lines of Czech Airlines of transport class Economy can be paid to the Business Class.', 'more information can be obtained in the sale office of Czech Airlines or at the airport before departure.', '. 5.7 In the course of one trip to the return bonus ticket, one of the so-called Open-Jaw, i.e. airport arriving in the target destination routes may not be consistent with the airport in return on the same zone.', 'the bonus air ticket is allowed one so-called Stopover i.e. the possibility of interrupting the journey.', 'the sepil was not so mad as it seemed to be his blurred hair and bunning, fragmented speech.', "the only thing he'd been mad was the water from which he had a real fear.", 'ly, he kept his head to see how the car flew over and out of the sea.', '. ‘Of course not.’', ', "He wants," said Sepl, pointing his chin at Krahujce.', ': Gray, Barrister, – for the European Commission C. Gheorghia and D. Martin, acting as Agents, after hearing the Opinion of Advocate General at the hearing on 19 June 2014, gives the following Judgment 1 The reference for a preliminary ruling concerns the interpretation of the second subparagraph of Article 22(2) of Council Regulation (EEC) No 1408/71 of 14 June 1971 on the application of social security schemes for employed persons, self-employed persons and their family members of the Community, amended and updated Council Regulation (EC) No 118/97 of 2 December 1996 (OJ 1997 L 28, p.', '2 This application was made in the context of the proceedings between E.', 'I thank you for a beautiful gift, Walter.', 'o? Hello??', 'the TV, when the door opens, you barely knock on them, it means you find a stolen place and mystery.', 'of documents ( 17 ) Exchange of documents ( 17 ) Exchange of documents ( 17 ) Text as amended by documents ( 17 )', 'B. B.B. B.', "I don't know what's going on, but it's definitely yours's fault.", "this way you don't talk to me!", ", okay, I'll take it.", 'this will be enough. It will be enough to do so.', 'Solo, get out. Soolo, get out.', 'here I am, Jabbo. Here I am, Jabbo.', "you didn't think I'd run away?", 'you disappointed me Hane, my boy.', "you didn't pay me... and you broke the poor Greed.", ", Hane, I can't do exceptions.", "that's not the way it's done.", 'me sometimes stop, Jabbo.', 'in that regard, it is sufficient that the common component is not negligible.', ', however, it must be noted that the Court stated, first, that the overall impression that triggered by the mark applied for is dominated by the element ‘creationes kennya’ to which the consumer concerned focuses on a broad degree of attention and, in particular, in paragraph 44 of the judgment under appeal, that the element ‘creationes kennya’ in relation to the element ‘creational cennya’ is negligible.', '58 By virtue of the correct analysis, the Court of First Instance excluded any similarity between the marks conflicting marks and paragraphs 53 to 57 of the judgment under appeal, it was right to conclude that, despite the good name of the earlier marks and the identity of the goods covered by the marks, there is no likelihood of confusion between those marks.', '59 Consequently, the third part of the first plea must be declared unfounded.', '60 In those circumstances, the first ground of appeal must be rejected.', 'to the second ground of appeal Arguments of the parties 61 By its second ground of appeal, the appellant complains that it infringed Article 8(5) of Regulation No 40/94, when it did not examine the good name of the earlier marks within that provision.', ', in paragraph 15 of the judgment under appeal, the Court of First Instance found that, in paragraph 15 of the judgment under appeal, alleging infringement of Article 8(1)(b) of Regulation No 40/94, whereas the action was also expressly based on infringement of Article 8(5) of that regulation.', '63 The Court committed an error of law in finding that, since the marks were not similar, it is not necessary to examine the good name of the earlier marks.', ': The fact that the earlier mark cK Calvin Klein is generally known, it should be taken into account in the appellant for determining whether it is more extensive protection.', ': the good name of the earlier mark must be assessed when assessing the similarity between conflicting marks and not after the similarity has been demonstrated.', ', in that regard, the appellant maintains that if the famous trade mark of cK was protected only if the third parties of the ‘cK’ were used in the same way of graphic creation, it would mean that the CK trade mark with a good name would be granted a level of protection which is virtually lower than the level of protection which would have been used if it was not generally known.', ': The fact that the trade mark of cK, as well as other distinct graphic formation of those letters are famous, confers protection against the use of the letters ‘CC’ in the fashion sector, since the latter identify Calvin Klein in that sector, so that their use of a third person produces confusion through association.', '65 OHIM contends that, in the judgment under appeal, the Court of First Instance held the right to the question of the good name of the earlier mark.', 'since the mark at issue cannot be regarded as similar, Article 8(5) of Regulation No 40/94 does not apply.', '66 Zafra Marroquinero claims that, in the judgment under appeal, the reference is made to the good name of the earlier marks.', 't! State!! Sort! State!', "someone's gonna eat it forever.", ', look behind the corner and try not to cry.', "that's why I'm the one that's the one that I'm myself.", "I'm behind you, I'm always gonna find you.", 'people who fear me never go near me.', 'the yellow eyes of September like neon light.', 'the yellow eyes, the lights in the night city of the night.', 'you will always be polished in the streets.', ', look into the shadows and see my shape.', "I'm behind you, I'm always gonna find you.", "I'm behind you, I'm always gonna find you.", ', when I meet you, what if I eat you?', "I'm a tiger, tiger, tiger, tiger, tiger, tiger, tiger, tiger, tiger, tiger, tiger!", '. Thanks! Thanks! Thanks! Thanks!!', 'just love to know, you know, do you understand?', 'like, I saw my whole life stretched directly before me.', '. Perfect. Perfect.', ', and then the bitch was all out of me.', '... just... just... just... just... just...', ', do you understand? Did you understand?', "it's like... it's like...", ', of course, that you know, you know.', 'you and Jenna, you are like one person.', "now you'll have a baby right now?", '. Yeah. Yeah. Yeah. Yeah. Yeah.', 'how is it passionate? How is it passionate?', 'a lot of passionate.', 'I envy you, dude.', "I'll end up in the cheese.", 'in accordance with Article 124(1) and Article 125(1) of the Rules of Procedure, the President shall consult the European Economic and Social Committee and the Committee of the Regions.', '(COM(2011)0452 - C7-0417/2011 - 2011/0202(COD))', ", however, he didn't say anything, but he didn't say anything.", 'was a long silence.', 'the face was again pale.', 'was able to calm her.', '"I insist on my profile," she said.', '. "Drah is exactly like you.', ', maybe you worked with him."', 'Reacher looked up at her.', '. "Your personal situation is sorry for me."', '. "You\'ll have no sense to me.', 'I have to catch the guy."', '"In that case, good luck."', "she leaned over to Blake's coffee and then walked to Reacher.", '. "I thank you," he said.', ', "Do you help us?" she asked.', 'Francis Gibson. Francis Gibson.', 'what about him? What about him? What about him?', ", we know that he's going in this too.", 'is a former member of the CIA.', ", yes, we've asked him about it.", ', a few times.', "now cries beside the room along with his daughter's daughter.", 'ten seconds.', 'if you kidnapped those kids to make use of their parents... Use us.', '. We can help you. We can help you. We can help you.', 'five seconds.', ': Orange CO239GH.', 'where did you hear the password? Where did you hear that password?', 'how many times do you mean? Do you mean how many times do you mean?', 'heard broadcasting from two different places.', ". No, it's not that it's not sensitive to pain.", 'now! You must go on. Pacific.', 'I realize that Harry had already paid enough to it.', "if the engine doesn't turn, he doesn't like it, he doesn't like it.", "if you turn off, and the hand tuck shows 9,000 rpm, then it's bad.", "then it's clear that kiksne, is it my fault?", ". There's nothing I could do with a race car.", 'this is the only thing I can do!', "it is clear. It doesn't need to appreciate your work. It must know what the car will last and what not anymore!", 'you want me to manage and drive and drive?', "I shouldn't talk to the fucking son of a bitch.", "I shouldn't talk to the fucking son of a bitch.", '. Do you think he can drive? Do you think he can drive?', '. Yeah, yeah, he can. Yeah, he can.', ".  ⁇  It's what I'm talking about!", "it's theft of the car, and we're trying to grab a perpetrator.", '.  ⁇  Where is he? Where is he? Where is he? Where is he? Where is he? Where is he?', ', I have to wait for a moment before I dress up on the party.', "now, I'll see you at the next time.", "you don't know why you've come here.", "it's because I wanted it. It's because I wanted it.", 'why? Why, why? Why? Why?', 'the Count Alucard...', 'I called you to warn you. I called you to warn you.', 'the great house raises angel of death.', 'I see a house in the ruins.', 'and wild wine, broken windows flying bats.', ', but I want to know what is with the Count.', 'me, Queen Zimbo?', 'Alucard.', "you have to stop him before it's late.", 'him before Dark Oaks comes death.', 'in the case of pelagic fishing vessels, this period shall be fixed for fifteen days.', 'immediately after the end of each authorised transhipment, the master shall transmit the original of the Annex to the shipbook of the fishing authority for a copy of the Ministry.', 'within fifteen working days, the copy of the national authorities of the Member State and the Commission shall be transmitted to copies of the national authorities of the Member State and the Commission within the period of 15 working days shall be transmitted to the Commission by delegation within the period of 15 working days.', 'abilities of one of the provisions referred to in paragraphs 2.1, 2.2 and 2.3 resulted in an automatic suspension of fishing licence until the shipowner fulfils its obligations.', ": Jesus - Let's go to this.", ', oo, yes. Oh, God.', 'Ann and I go out and I wanted to thank you for everything today and I will see you tomorrow.', ', Mr. ehm, Ron Swanson sent me to give you this document.', ', "All that could be concerned, dear Christ, dear Christ, the dear Christians,', '"In the park department, there was an emergency situation in the park department, the emergency situation occurred.', '"and April seems to be the only man who can help.', '"I can\'t kill in the details, because it\'s super-called.', ', "I\'m sorry to release April back to us, and it always happens.', '"God bless America. with love, Bert Macklin, FBI."', '. What? What? What? What?? What?? What?', "it's always the same. It's always the same.", 'for you to be careful and boys.', 'that, so do you prove it, okay?', 'right, good, trust me.', '. Inspector Cifuentes.', 'Julie Julie, Julie, Julie.', 'my husband, Oscar. My husband, Oscar.', 'I love to recognize you. I love to meet you.', 'Two murders in the town where nothing happened, and at both you were.', 'you do it hard enough to believe in the accident.', ', there was something there.', ', what? What? What?? Something about something?', '... it was... it was...', 'Fabian, whispered it into his ears.', ', but then it turned around.', 'the Peralta turned away from the back and straightened his back.', '"Yes," said Anna calmly, "that had to be very embarrassed.', ', but our information about Strasser is reliable.', 'Datelene filming genre images and now during our conversation.', '"Datelne, 60 minutes, 20/20 - the publicist shows I know.', 'if you had such an unconscious assurance that Josef Strasser lives in Argentina, would you have found him long ago?"', "his lizard's eyes lay on her.", "that Stasser's nazi past wasn't interested in Starser's nazi past, but what he was involved when he broke up with F ⁇ hrer and went to the service of secret architects of the pawning era.", ', "Where should I begin with the search?"', '. "It can\'t respond to this!', "if we knew that we had a war criminal here, we'll pick him up.", 'I made a small trip to your "natural" university.', 'you made a little 240 mile drive.', 'just after the phone. Just after the phone.', 'I was thinking that I had done exploration.', "it's a real picture, right?", ", yeah, it's humiliating.", 'was a girl there. She was a girl there.', ". It's evil. It's evil. It's evil. It's worse. It's evil. It's worse. It's evil. It's evil.", "not only that she didn't see you, she didn't even believe it was possible.", 'you know, people hate people who have theory about people.', 'you want me to pull up? Do you pull up? Do you drag yourself? Do you want me to get rid of? Do you want me to pull off? Do you want me to pull off? Do you want to pull up? Do you pull a shot?', ", I don't have anything.", 'Jesus. Jesus, Jesus, Jesus.', ': Scientific institutions Documents referred to in Articles 4, 5, 8 and 9 shall not be required in the case of non-commercial borrowings, donations or exchanges between scientists and scientific institutions registered by the executive authorities of the States in which they operate, gambling specimens and other museum specimens preserved, dried or gathered in preservative medium and live plant materials, which are labelled in accordance with the procedure referred to in Article 18(2).', ': Degras Other including invert sugar:', 'Chemically pure maltosis of Cukrovinky (including white chocolates) not containing cocoao:', 'Nissard Lucien Nissard.', ', and he did not just break into the DSR.', 'as soon as the name was, I started a series of tracks in the mobile network in Prague.', 'Nisard had telephone calls from the same place, in the same time when Dixon saw Irina.', ', of course, his follow-up will last for a moment.', "check Blackwell's list.", ", wait, Blackwell's list?", "Sloane doesn't have it. Sloane doesn't have it.", 'he handed him to Langley.', ', or not??? or are you not?', 'how do you hold? How do you hold? How do you hold?', "I'm trying to stay concentrated.", "again by opening Bishop's component?", 'probably killed my mother. He probably killed my mother.', "if she's alive, the CIA missed something.", 'if she finds someone who will include a great love I gave her to her.', "it's good. It's good. It's good! It's good! It's good! It's good!", "now I'll take care of it right away.", ". BUM! And it's back here again.", '. Oh, my God. Cos did this...', "this is okay. It's okay. It's okay.", 'I swear that I still want to be crazy about you.', "now you've been colored now, but you've colored.", "blood donors here is Bruce Nolan... just from the first 'Buffalan day of blood donation'.", 'this is why you all come here because the life you will save may be my.', 'here with Kowolsky, who, for this moment, had a special cessation.', 'thanks to my mom, Bo, finger, nose.', "I've given the blood of 2 times this week for this week.", 'for those who have not heard it, I want to know you with the future "pain exclusive":', 'for Eyewitness reports, Bruce Nolan. All members of the blood donors want to tell you:', 'the overall increase in administrative expenditure by EU institutions in accordance with the approach applied by Member States for their national administrations;', 'the corresponding amount of the administrative budget of each institution, taking into account their specificities and their actual and justified needs;', 'to implement a targeted reduction within certain budgetary lines for all authorities in view of the implementation of the budget in 2009 and real needs;', 'to take part of the appropriations related to Croatia’s accession, based on accession in 2012;', 'failure to increase by 1.85 % in respect of the adjustment of the 2009 salaries, which some authorities included in their estimates until the Court has adopted the relevant decision;', 'to increase standard flat-rate reduction of salaries expenditure in most organs with regard to the current rate of unavoidability of their sites;', 'not to take any new jobs required by the authorities, except for the European Council, which is a new authority;', 'to accept the required conversion, transfer, movements to higher classes and places transfers.', 'new house is very nice. New house is very nice.', ". Let's go... Let's go...", ". Come Cotti what you're doing here.", ", everybody's waiting for everybody.", ". But Mom's mother is there. But Mom is there.", '. She also comes with us. She also comes with us.', 'right Keep the harmonium otherwise this will be ruined.', ', listen, what are you doing? Listen, what are you doing?', "... I'm sorry... I'm sorry...", '. Come to all children. Come to all children.', "you, come on, let's go on, go on, let's go on.", '... kids... kids...', 'this is your new home. This is your new home.', 'just two steps back there is our kitchen.', 'me!Please give me a message!', '. Roderick! Roderick! Roderick!', 'you believe in God? Do you believe in God?', 'what, do you believe? Well, do you believe?', '. However, it is true that it is not possible to do so.', 'you want to meet him? And you want to meet him?', '. No, no, no, no, no, yet.', ', in this case, you answer me to our questions.', 'how did you get here? How did you get here? How did you get here?', 'that I will not tell you that. I will not tell you that.', "you don't tell us this, so you don't tell us?", 'you are an Erika Strange, or perhaps not?', ', or perhaps not? or perhaps not?', 'Erica of Great? Erica Erika Great?', 'quickly, I need to push! I need to push!', 'I think it was good. I think it took place.', ", here's Mom.", 'that rash that you described us does not seem to be on the lung.', 'you should have it checked out.', 'bitten me with a spider.', ". Hey, here's A.J.J. here's A.J.", '. Never. Never. Never. ever.', 'it absolutely seriously and do not make an illusion.', "cops would be too interested in how you're involved in this.", ', when you have money, leave me a message on the pager.', "I'm sure they break the gate and get inside.", 'if they do it, we use this!', 'tomorrow we will protect you, your Highness.', 'I am a free man. I am a free man.', 'to kill me.', ', never appreciated who you are.', 'in the mountains covered by javors sing white birds in the mountains.', 'where white birds sing, my home is my home.', 'you love my dead father.', 'the Koreans and Hani are very similar.', "we're like brothers. We're like brothers.", 'this has been a long time ago. This has been a long time.', 'everyone has to die! Everybody has to die!', 'before the western service, we will be released back to the premium.', '. Wait! Wait!!!', 'Mr O. lives together with Mrs S. and her two children.', 'from the order for reference that, on 1 January 2010, Mr O. entered into service contracts for the period of one year in which the daily eight-hour working hours and an hourly remuneration of 7.50 euro was agreed.', ', however, he did not interpret any document that would prove that, on the basis of that contract, he actually worked.', '22 By decision of 21 January 2009, Maahanmuttovirasto dismissed Mr O. on residence permits submitted to him, with the reasoning that Mr O. has insufficient income.', ', in the present case, it considered that there was no reason to derogate from the conditions relating to the acquisition funds, as provided for in Article 39(1) of the Law on foreigners in the event of particularly serious circumstances or where the best interests of the child.', '23 By judgment of 27 August 2009, Helsingin hallinto-oikeus (lawful court in Helsinki) dismissed an action for annulment brought by Mr O. against that rejection decision.', '24 Ms S. and Mr O. brought an appeal to Korkein hallinto-oikeus (the Supreme Administrative Court).', 'Case C-357/11 25 Ms L., Algerian national, legally residing in Finland since 2003.', ', in that country, the authorisation for permanent residence on the basis of its marriage with the Finnish national.', "now I'm not here at the moment.", "here Ben Stone, here's Ben Stone.", "what's going on? What's going on?", ". Allison begins to birth, and you're not here.", ', and where are you? And where are you? Where are you?', 'in San Francisco, you fucking bastard bastard!', 'Luca, returned to this dirt to save me.', ', at least somebody in this family wondering if I die or not.', 'how did he get here? How did he get here?', ', the prick was ten years below the drum.', 'how did he get here? How did he get here?', "he's a media!He's a media!", 'what, what, me, I?', "what I don't understand is how you can risk my life, just to prove something to me.", "you don't play this theater.", "I wouldn't sacrifice you.", ". Wait, we can't get back to the media?", "if it's so smart, so let you explain it.", 'I showed you that. I showed you.', "you're a wizard.", "that's how you've got to say it to me normally.", "before you say, you should know that my ex-wife thinks that all my girls are thieves, so it's okay.", ". Not that's not it, it's not.", 'I really wanted your family to love me.', "this is so nice. It's so nice.", '. You know what? You know what? You know, what, you know, what?', 'I think somebody just stole my heart. I think somebody just stole my heart.', 'ly soon enough?', "now I'm going. I'm going to go.", 'he broke up with me. He broke up with me.', ', who, who? Who? Who? Who, who?', '. Ryan. Ryan. Ryan.', 'was to break up with his wife.', ", I know what you're going through everything and I'm really glad you've come, but we have to dress you into the clothes. Good gold?", 'get your clothes off.', 'this is one of the two last things he said to me.', 'in order to ensure coherence with the provisions for access to the market in sugar covered by the Economic Partnership Agreements, it should apply, from 1 October 2009, without a comprehensive approach for sugar and tariff quotas for products subheading 17011110 open under the specific scheme for the least developed countries, be extended until 30 September 2009, with a relatively increase in volume.', 'wise, the importer of products of heading 1701 undertakes to buy such products for the price not less than the minimum price.', 'Don Giovanni will accept all responsibility, otherwise he would be covered by a hypocriter.', 'wise, we also wrote the OOADP, whatever it is.', 'organization in the protection of American Prales, sir.', "you're the faint, right?", "just that there's nothing funny in this city in this town.", "you don't worry, you'll definitely go through it.", ', in a few billion, we can save one of the environmentally important areas on Earth.', 'if you have a few billion somewhere, go ahead because Congress does not approve it.', "that's why you'll have to do so. But, you know, you know, you know, you know, you'll have to do so.", "we really don't hide behind the OOADP?... how brightest it is possible. It's so?", 'that is more than they can say Chinese.', "I'm all ten for the planet's rescue, but the border is that if we don't have our company, we should at least prevent China from being there.", 'this is an independent country, Russelle.', 'this way you can find some sort of way.', '. Thank you, Laura.', 'ly and right," he said, "the general who was seeking a marvelous settlement, "yes like something special.', "you didn't understand myself, young men, that Lizaveta Prokofjevna remained with you only because of your illness - if you really die - torture from sympathy, because of your regrettable words, veggled, and that, therefore, on her name, primacy and seriousness, no dirt...", 'Lizaveto Prokofyevno!" he ended the general of the red, "if you want to go, say goodbye to our dear prince and..."', '"I thank you for teaching, General," Ippolit interrupted him with a serious, thoughtful look at him.', 'sleep, sleep, sleep, sleep, sleep!', '. Nothing else you know!', 'what are you behind your father? What are you a father? What are you for? What are you behind your father?', '. Nothing good will learn from you.', "I'll go for him. I'll go to him.", 'in his base will miss him in the base.', ". In the base, perhaps someone's servant will end up.", "you're Marshall Lee Huntington? How can I help you? How can I help you?", ", but I don't think you should lead this conversation without Mr Huntington's presence.", "Marshall's teacher. And it's not a very suitable time.", "now we'll find out what they want.", "about Lord Myron I've heard enough. It's Byron.", '. Lord Byron, Lord Byron.', ', when you are using Marshall or Lee?', 'friends call me Marshall, but Lee family. - Why?', '... Well... Well... Well, uh...', 'this is because of the dead girl in the hotel?', "they won't know what fires.", "now, we'll beat this year's red?", "I can't stand him, Mimsy.", "Jimmy's out of this, I have a husk.", 'ak, Mimsy.', '. Sorach, Chief.', '. Listen to me. Listen to me.', "it's clear? It's clear? Is it clear?", 'last three years ago, the team of blue defeated the red team.', 'financial framework 2014-2020 *** – Interinstitutional budgetary discipline agreement, cooperation in budgetary matters and sound financial management (debate)', 'ustrialisation for 2014: Common text (debate)', "The Presidency's declaration of Transport (Article 216 of the Rules of Procedure)", 'vote Multiannual Financial Framework 2014-20 *** (vote) *** (vote)', 'the Interinstitutional budgetary discipline agreement, cooperation in budgetary matters and sound financial management (vote) (vote)', "I'm going to do it to you? I'm going to discover it to you?", 'if you want, if you want to. If you want. If you want to. If you want to. If you want to.', 'how do you say to him? How do you call it? How do you tell him?', 'Robert. Robert. Robert.', ', dear Robert...', ', wait for whom did you issue it?', 'Elisabeth Derouled.', 'you, Derouled!??', "that you're not ashamed of you!", "me, dear Robert, I'm sorry for the barrier...", ", but maybe we'll ever meet again.", 'ly rest yourselves.', 'Elizabeth. Elizabeth.', "you'll have to say, and you'll need to know.", 'in this forest for years the human leg has not entered into this forest for years.', 'like you, brown eyes.', 'was it nice? Was it nice?', '. Beautiful.', ', but who are you? But who are you? But who are you?', "you're probably a lot worried about the girl that you went to the forest behind her.", ', too.', 'the next one.', '. Yes. Yes. Yes. Yes, yes, yes.', 'now, please go on, please, please.', 'now, sit down.', ", you know, what's going on? Do you know what this can do?", '. No. No. No. no.', "you'll show you what you really want in life.", "you'll take it. Take it.", 'should be laid down in implementing rules on this system.', 'abilities may be completed before payment and annual premiums provided for in Article 92 of Regulation (EU) No 1306/2013 or after receiving them.', 'ably in cases where such checks cannot be completed before the receipt of such payments and annual premiums, the amount to be paid by the beneficiary as a result of administrative sanctions should be enforceable in accordance with this Regulation or initial.', 'rules should be laid down in the Member States responsible for the control system of conditional obligations.', 'requirements should be laid down in the minimum level of controls to verify the obligations relating to conditionality.', 'abilities should be fixed at least 1 % of the total number of beneficiaries pursuant to Article 92 of Regulation (EU) No 1306/2013, which fall within the scope of the competent control authorities and who must be selected on the basis of the relevant risk analysis.', 'for the purpose of calculating the control sample, in the specific case of persons under Articles 28 and 29 of Regulation (EU) No 1305/2013 Member States should be provided flexibility in determining whether the group should be assessed as a whole or any member of the group individually.', 'Member States should be able to choose whether it meets the minimum level of controls at each competent control authority, at the level of payment agency or at the level of the act or the set of acts or standards.', 'if the specific legislation applicable to acts or standards lays down minimum control rates, Member States should comply with these levels.', 'should however be allowed to apply a uniform level of controls on the spot control on conditionality.', 'if Member States choose this option, all cases of non-compliance identified during the verification on the spot under sectoral legislation should be reported and subsequently monitored under conditionality.', 'in order to simplify the obligations relating to the conditionality in relation to Council Directive 96/22/EC ( 10 ) , the application of the specific level of sampling from monitoring plans should be regarded as fulfilling the minimum level set out in this Regulation.', 'abilities for Member States should be provided flexibility to achieve a minimum control rate by using results from other controls on site or replacement by beneficiaries.', 'in order to prevent the weakening of the control system, in particular as regards the selection of sampling for the spot on conditionality, it should not take account of the subsequent checks carried out in relation to the de minimis rule pursuant to Article 97(3) of Regulation (EU) No 1306/2013.', 'arisation of a significant degree of non-compliance in relation to conditionality should result in an increase in the number of controls on the spot in order to achieve an acceptable level of security as regards the accuracy of the aid applications concerned.', "you don't have the band on.", 'Mom, sing... ...that song about rabbit.', 'I want to be home with my dad.', 'the rabbit will catch a rabbit when the rabbit catchs a rabbit.', 'when the rabbit catchs the rabbit catches the rabbit, when the rabbit catchs a rabbit catches a rabbit rabbit catches the rabbit rabbit.', '- I hate the song!', '. When the rabbit... ...I like a rabbit rabbit... ...when the rabbit likes rabbit rabbit rabbit.', ', and she then started to walk--', '"I can\'t imagine a month without it."', '. - Mom, I want to go.', '. Vincente... ...take thinking.', 'maybe if we waited...', 'if you see Ben... pick him up and call me, okay?', 'if it takes five hours, we consider it...', '. Should someone of the family... ...the child take a child?', 'very nice, but no fire.', '.No. No one.', 'what do we do now? What are we going to do now?', 'we should keep the decorum.', 'Mio. Mio.', 'you chose me. You chose me.', 'not personally. No, not personally.', 'you chose me and I agreed.', '. And the gentleman does not take his word back.', 'we need to go to church and say "yo" and tomorrow we will be a man and woman tomorrow.', 'and you will become a wonderful Queen Genovie.', '. Thank you for thanking you.', "I'm going to see today.", "'s Getting Vádá is today, Maurici.", 'your strength, we have a great delay.', 'on, take the bones for happiness.', 'what do you want? What do you want? What do you want?', 'I want some meat on it. I want some meat on it.', 'the two of them were particularly satisfactory.', 'I felt as if I had really put it to Queen Victoria and Prince Albert.', 'that was Queen Victoria and Prince Albert.', "you don't be a lab, Baldrick.", 'what would the Queen be doing here? What would the Queen do here?', 'came to visit you for remuneration and for being the most suitable man of England, give you 50,000 liber and title Baron Blacknázmije.', 'o? Hello??', 'Joy! Joy! Joy!', '. Hammer bastard!', 'all men are gambling! All men are gambling!', ". No, he's not, he's not.", 'just we need a little time to... reassess it.', 'and smell coffee!', "it's gone through through the way!", 'he was born as a devil, and he died as a devil.', ', Mom? Are you all right? Are you okay? Are you okay? Are you okay? Is there anything about it?', "just I know it's a sadness that brought you here.", "I shouldn't say it, but... I'm so glad you're here.", 'I missed you so much. I missed you so much.', "you didn't visit me.", 'what happened is just sexy, hmm?', ', JB Bernstein, JB Bernstein.', 'why do you give me this? Why are you going to take me in this way?', 'you know, you know, you know, you want to be there.', 'this great way.', '. Well, well, well.', 'bothema.', '. Maybe we have one. Maybe. Maybe we have one. Maybe.', ', and I have enough. And I have enough.', "I don't know what else to do, JB.", ', yes, I do, yes, yes, I do.e. I do.', ". Let's go. Come on. Let's go.", '. Continue with the phone.', 'we need only one. We need only one.', '. The next one will follow. Next will follow.', '. No. No. No. no.', 'Rodney slowed us in the competition.', 'analysis of basic factors and the fact that the reference value is respected with a wide range, confirms the positive outcome of price stability criteria.', 'in addition to Lithuania fulfils this criterion yet Bulgaria, Czech Republic, Croatia, Hungary, Poland and Sweden.', 'abilities – public debt and deficit level Na Lithuania is currently not covered by Council Decision on the existence of excessive deficit (under Article 126(6) of the Treaty).', "the general government deficit of GDP fell from 5.5% in 2011 to 2.1% in 2013 and the Commission's economic forecast of spring 2014 is expected to remain at 2.1% in 2014 at 2.1% in 2014.", 'the total public debt at the end of 2013 amounted to 39.4% of GDP – that is significantly less than lays down the Maastricht Limits.', 'this criterion also meet Bulgaria, Hungary, Romania and Sweden.', 'this criterion will also meet if the Council decides to repeal the excessive deficit procedure as proposed by the Commission.', 'in the two Member States (Croatia and Poland) are currently covered by the excessive deficit procedure and therefore do not meet this criterion.', 'ability of exchange rate In the exchange rate mechanism II (ERM II) is a exchange rate of a Member State which is not a member of the euro area, is linked to the euro and can only fluctuate within specified limits (standard fluctuations zone  ⁇ 15 % from Central course).', 'is a member of ERM II from 28 June 2004.', ', during the two-year reference period, Lithuanian littas was not exposed to any pressures and no deviation from the ERM II Central Course.', 'this criterion does not meet one other country because currently no other Member State is a member of ERM II.', 'patients with rare hereditary problems with galactose intolerance, a natural weakness of lactase or malabsorption glucose and galactose should not take this medicine.', '. No. No. No. no.', "I'm missing a friend. Missing a friend.", "... so... I'm not okay. I'm not okay.", ', but I will be. But I will be.', "I'll be great. I'll be great.", '. Well, well, well.', "you're sure you don't want to go with me with a taxi?", 'cars are not safe, Mum.', '... Please, please... I... I...', 'not drive in cars.', 'the night sky is much better for you than cars.', 'right, gold, gold.', '. OK. OK. OK.', ', okay? Oh, okay?', "I want you to have my phone number... and I don't lose it.", 'Julie! Julie! Julie!', 'now, nanny!', '. Sweet Montek, goodbye.', '. Madam! Madam! Madam!', '. Madam! Madam!', 'Julie!', ', blessed, blessed nights!', "it's night and I'm afraid it's just a dream, too beautiful to be real.", 'three beds just, Romeo, then really good night.', ', if your love of the intention is honorable, and headed to the marriage to me tomorrow after the person who will send to you where and when the ceremony will take place, and all I have to put on my feet, and I will go with you, my lord, trebas at the end of the world.', '. Madam! Madam!', "if you don't think about me...", 'Julie!', ", I'm going to go now!", 'just this, Sebastian.', 'you know how it works in our company, Mr. Bishop.', 'only two partners know the details of the specific contract.', ', in this case, two people knew details.', 'I and Harry McKenna. I and Harry McKenna.', 'Harry sold us, Harry sold us.', '.We have lists from the account.We have accounting records.', 'the dream of the last foreign transaction.', '. Two weeks ago, someone transferred $20,000 American $50,000 ago.', 'the steady, weakened.', 'it owes where he looks.', 'that was all in it, the deficiency of the defense.', 'I left no one more respect, but Harry McKenna went too far away.', 'abilities must be removed.', 'now.', "you look like a prince... ...from the King's asshole.", 'hey, hey, the weapons are not vacant.', "these catans you'll have to take off.", ', do you really? Really?', ', yes, this is a ball game!', ", it doesn't matter anyway.", 'what is it for me to be? And what should it be?', '. B ⁇ lman team of Slamaks, Sanji, is in the opponent ring!', 'them, Big Lord!', 'ers are ready for the show!', 'you can find him here.', 'George Judd. George Judd.', 'this is he, this is he, here.', ', when we told him that the piyavice slipped up to his bullet, he got so worried that he fainted out of it.', "that you're the one who's the one that's the one that you're you?", ", no, I'm the little bitch.", ", and who's the one who's this? And who's this kind of thing? And who's the one who's this?", 'how could I just forget? how could I forget?', 'me with a rabbit and call me a magician.', '. Tadá! Tadá!', ', and here we have him, with his miraculous clinked.', 'and it has a free passage.', '. Faul! Faul!! Faul!', ', I hardly touched you!', ', and so it begins to start.', "you don't give me guilt for trying.", 'the kids who will listen now?', ', Koho? Koho? Koho?', '. Yes. Yes. Yes. Yes, yes, yes.', 'choice is unanimous.', 'you, Captain. You, Captain, Captain.', ", I don't understand it. I don't understand this. I don't understand.", '. Please, please. Please.', ', no, no, no, no, no, no, no.', 'I remember, Father.', 'to play something we know.', ', please, Father. Please, Father.', "why didn't you tell me this? Why did you tell me that?", '. What? What? What? What?? What?? What?', 'in order to bring a harmonica.', 'the carcasses, fatty or other pieces of meat or meat, which are exposed to sorting or selling, must be kept in the cold so as to ensure the maintenance of the temperature referred to in Chapter XIV(66 of Annex I to Directive 64/433/EEC.', 'the cooling room for the control of goods or cooling boxes for the issuing of goods.', '. And when they tried to move some threats, they found something special.', 'someone stole the body. Someone stole the body.', 'Aickman. Aickman.', 'or Jonah, Aickman or Jonah.', 'maybe, maybe, but why, but why?', ', could we not find something else to cut him off?', "that I guess there's no service here, I guess there's no service here?", 'one minute. One minute. One minute.', ', please? please?? Please, please?', '. Thanks to this, thanks. Thanks to it. Thanks to it, thanks.', '"We did not suppose we\'d stay here so long."', 'phone: Phone: Phone: Phone: Phone:', ': Fax: Fax: Fax:', 'the translation and interpretation services of the European languages of the Translation and interpretation services.', 'Address: Address:', ': Prague 1 1st Praha 1st Praha 1st Praha 1st Praha 1st Prague 1', ', wait, what is it? What?', "it's going to scream every time we hit something?", '. Baird... is here.', 'here? Here? Here?? Here? Here? Here?', '. Where? Where? Where? Where? Where? Where? Where? Is it?', 'I mean, is it okay? Is it okay?', "it's mad at me, so yeah, it's okay. It's okay. It's okay. It's okay with me.", ', he wants us to go here.', 'Colonel Baird, the source of the circumference is here.', "I think we'll find what it causes.", "I think he wants you to go ahead, and I'm going behind her.", '. Good plan. Good plan.', 'I can take care of myself.', 'you suggest that I do not?', "I'm not, Baird.", ". 'hra' and 'non', and he told them.", 'why is someone dying? Why is someone dying? Why does someone die?', 'your beliefs. Your belief tied to faith.', 'to convince these boys?', 'you know what you can do. You know what you can do.', "I'm not going to argue with you.", "because of you we don't have our priest, correct it.", ', here we have, rule 12 paragraf 9, give up.', 'I have a nephew who is spiritual, is it counting?', "I don't think you have a baby in this team, the manager of the playground.", "now it's a baseball, it's an American game, not some church service.", ', coach, how do you name?', 'Hicks, Sam Hicks.', '"Day in Louisville, coach Sam Hicks said that baseball is more important than God.', '. Lobsang, now?', ', go, go, go, go!', '. Lhamo! Lhamo!', '. Oh, no, no, no.', ', but they found them. But they found them. But they found them.', '. Dary of the West Dary.', 'his things-- the great 13th Dalai love--', 'the importance of the Four-born Truths.', 'what are the four-born truths? What are the four of the birthrights?', 'the four-born truths are taught by the Government Buddha: Truth, Truth Why we suffer, We suffer, True Why We suffer,', "the truth about the end of Utr-- - You're making it too pride in it.", 'the back of your head.', 'Ling Rinpoche is your teacher.', 'you will bow before him.', 'what are the causes of suffering? What are the cause of suffering?', 'the EUTL website will allow beneficiaries of the reports listed in Annex XIII to invoke these questions by search engines.', '"I hope," he said, "that the festival is fantastically useful."', ', "Asphalt?" asked Zlota.', ', "Yes, Mr Zloto?"', '"Do you prefer to watch your way, okay?"', 'as the arcicancler walked around his head, lovefully flashed it.', 'was one of those very beautiful, two meters long and very magical.', 'not that magic would be used so often.', 'his experience, according to his experience, what has set aside several strikes of two-metre oak holes, was just so resistant to magic.', ', sir, that we should invite older mages?" suggested Rosafin.', "you don't speak French, do you?", "that's weird, weird.", 'looks at River. It looks like River.', '. Maybe a drug dealer might be a drug dealer.', 'Jeff Winger. Jeff Winger.', 'the main favourite.', 'Magnitude Magnitude.', "it's a benchmark. It's a benchmark.", 'Pierce Hawthorne.', 'the wizard wolf stretches.', 'I live with this guy. I live with this guy.', 'my nightmares and phone with dialing.', '. Garrett. Garrett.', "this guy's just a jacket. This guy's just a jacket.", 'as if God had spilled the person.', ', and Vicki.', 'this is exactly what it is. This is exactly what it is.', ", it's all right.", ", who's on that clakson?", "Sidda and I'm going to look behind a guy from a plane.", '. Hey. Hey. Hey. Hey.', 'I know you have to be absolutely exhausted after such a long day but could I ask you a baby for one year, for my daughter?', '. No. No. No. no.', "I'm sorry. I'm sorry.", ', please? please?? Please, please?', 'before she confused, and now he wants to fly.', 'I will pay you. I will pay you.', 'Madam, I fly to Baton Rouge.', 'then I fly to Macon in Georgia, morning.', "I'll be there from 7 hours in the morning.", ', but I can pay you the whole dollar and 18 cents.', ', I know they were looking for, uh, a cleaner with experience, but...', 'OK - aha, uh, wait, um, and what the position of the hostess? that you, you, you...', 'here we have something here.', "I'll go to a secret mission to jail.", 'that one of the prisoners here argues that he is a guardian at you in Hellfjord.', 'what if you could get out of the weekend?', "you'll do it!!!Oh, do it!", "you're going too? Are you going too?", '. No. No. No. no.', "you've got five minutes' walk away.", 'I know everything! I know everything! I know absolutely everything!', ', wait! Wait!!', 'to what extent the interpretation of Paragraph 421g(1) of the second sentence of the SGB III, in the sense that employment subject to social insurance only means employment within the scope of Sozialgesetzbuch, Community law on the protection of freedom to provide services and free competition, in particular Articles 49, 50 and 87 in conjunction with Articles 81, 85 and 86 of the EC Treaty or other Community law?', '(a) (a) (a)', 'to what extent is possible or desirable interpretation of the regulation to prevent any infringement under heading 3 in accordance with European law?', 'he claimed that he was not normal. He claimed that he was not normal.', "right, let's do it.", ', but we will not leave here until we find out how it was.', 'I hope that he will soon speak soon.', '. Greg?? Greg?', '. Hey. Hey. Hey. Hey.', 'I just printed something for you just here.', ', for your case, for that case, your case.', 'from the internet? Do you mean that the Internet?', ', yeah, I had a pause, a little time.', ". Well, my wife, I didn't find the wife.", 'for it, and you deserve your mouth from me.', "that's Claudia, that's Claudia.", "Claudia's rich husband also died young.", 'when I came back, she was gone. - And nobody saw her.', 'what did she do with you? What did she do with you?', 'it? Does it matter? Does it matter?', 'them to be heard, tell them where they were.', "now it's a missing person. There's nothing more we can do now.", 'now we need to go now. Now we have to go.', 'the fucking dead statues!', 'now, calm down.', 'not suspected of committed crime.', 'we will follow our rules.We will follow our rules.', ', do you understand? Do you understand?', 'I recognize her. I recognize her.', '.', '. Hey, Ove, Ove.', "what's happening? What's happening? What's happening?", '"They will explore why these hours work?"', ', "What do you want to do?"', '"Rozbiju is!"', '"It will destroy history!"', ', "So?" "So?"', 'he reached out and took her hand.', 'how she felt her arms had gone like a shock.', 'straight for hours!" he called upon her.', '"Ale-" "Ale-"" "Ale-""', 'me. "Don\'t talk to me!', 'I must remember!"', ', "Smatting what?"', '. "All that!"', 'Mr. White had already raised the axes, but now he turned away.', ', but you must not be too trusted.', "I'm glad you're okay, sir.", 'thanks, Fishere. Thanks, Fisher. Thanks, Fisher.', 'we were afraid of you, sir.', "you don't want to swim before breakfast.", 'rightly so, sir.', ', let me see a piece of paper and a pencil.', ". It's the number 17th. It's the number 17th.", '. Well, well, well.', '. Thank you, sir. Thank you, sir.', 'in order, son.', '...Greek Street 24.', "right. Don't worry. Don't worry.", 'I write and I tell them to be proud of you.', "I'll tell you something, but it's just between us, I'm scared to death.", "you'll be able to get up.", 'the black bread with butter that has three hundred meters north of the car, he will be enough to do.', 'this time six and a half minute.', 'at least he looked around the woods on the east, maybe he waited if he could hear the sound of the diesel engines, but he heard only the crocheting birds.', 'this Chinese lieutenant was much more careful from that double, Bujkov thought.', ', we should kill him as the first one when he comes, he thought.', 'Alexandrov pushed the rotmistro on the shoulder.', '"We will move, Boris Jevgenijevich."', '. "Reference, Captain."', 'the two rose, the first hundred meters ran, careful not to make too much noise, and then heard Chinese start their cars.', 'clothes, lamps, bed lamps, bedding ... TV', "I reminded them you're a major one, with gold clubs and years in the list, they do what they can.", 'that we came with such a great idea that I woke my hands on the gaseos and the bandages and then we got into the aircraft, through Atlantic to Currych, we got out, was dark, I went to the toilet and played an ineffective, so I opened the door and that it would help me.', 'who can suit me is Craig Grego...', '. Hey, before Lindbergh flew the Atlantic, he started on those ranches.', 'the search usually takes one month to every 10,000 ⁇  of the salary you expect.', ', yeah, they say... madness then right.', "how did you imagine it when you'd be....?", ', he, eh... the fact he sat in this place.', '. It is a failure... according to the definition.', ', too, I am also.', '. Well, okay, okay.', ", go, go, let's do your years.", '. And... what relationship you really have? What relationship is the relationship you have?', ', you know, unforgettable.', 'Article 197 Protection 1.', 'their arrangement changed spontaneously every minute without any visible communication between animals - such as a wet gloss on the fabric.', 'the Tymbrimi explained that some ancient galactic race that had once lived in Chathrhennlin, programmed those figurative images into the peace as some head.', ', since then, no one has yet managed to decipher the puzzle if it was to cure what it was to obey.', 'Gillian wondered if the quiet images did not create for their own benefit.', ', but Tymbrimi, loving mystery, gave preference to their version.', "now she'd forgotten you for a long time.", "... I know I'm crazy, but I want to try it at least.", 'Princess, I like to meet you again.', ' ⁇   ⁇   ⁇   ⁇   ⁇   ⁇   ⁇   ⁇   ⁇   ⁇   ⁇   ⁇   ⁇   ⁇   ⁇   ⁇   ⁇   ⁇   ⁇   ⁇   ⁇   ⁇   ⁇   ⁇   ⁇ ', '. The wonderful.', 'the accuracy of that precision.', 'Princess Balo! Princess Balo!', 'Princess Balo! Princess Balo!', 'the princez... Balo, greeting the soldiers.', ', she recognized me!', "that you can't. Let it be.", "that kid's boyfriend did it.", 'Lodze killed Lodze.', 'Hawkins killed him? Hawkins killed him?', '. Yeah. Yeah. Yeah. Yeah. Yeah.', ". But, let's see. But, yeah, yeah, yeah, you know, you know, you know, you know, you know, you know, you know, you know, you know, you've got to know.", 'that little red helped him hide it.', '. How? How? How? How? How? Is it?', "wise, you wouldn't believe me if I told you that.", 'just trust me. Just trust me.', 'that there is no doubt about it.', ", for Christ's wounds.", ': Dead or alive, the bastard for me was nothing like me.', '. He is not my problem. He is not my problem.', 'we have a bigger problem, Felixi.', '[10] Not yet published in the Official Journal.', 'that must be enough."', '"But -" "But -"', 'Denubis added his hand to his forehead.', 'this will require a lot of reports, explaining the relevant factors.', "that man can't just command the honor of the temple guards!", ', Denubis," said the man slightly.', '. "He will not live for a long time..."', 'Denubis swallowed. Denubis swallowed.', '- on the marketplace!', 'ly, the crowds of chumiles probably stands.', 'that shame! That shame!', 'the priest will be very immortal- Know opened his mouth, but then closed them again.', '. "Let\'s go on. "Let\'s go on. "So come on.', 'I will introduce you to your family."', '"You don\'t understand," Silver urged.', 'I might have done a terrible mistake, but a terrible mistake.', ". Maybe I should give you the paper. I don't know. I don't know.", ', go from me. Go away from me.', "why not? Why aren't you? Why aren't you? Why aren't you?", 'I promise.', ". Maybe you shouldn't give up so easily.", 'here is a gift for you.', 'your child. Your child.', '. Yeah. Yeah. Yeah. Yeah. Yeah.', 'you also. - Nashle.', '. Thank you. Thank you.', '. Welcome to Greece, Jacquesi.', 'how are you? How are you? How are you going to be?', '. Welcome, Johano.', 'the way was it good? Was the trip good?', 'right, let me give you all the information.', "now, let's go with me.", "I'm sick of the smell of fish."]
BLEU score: 22.65