
Filesystems usage for user zhidhu ( uid 646318923 ):
-------------------------------------------------------------------------------------
Directory                       Used   Limit   Used,%         Files     Limit
-------------------------------------------------------------------------------------
/home/zhidhu                   6.6GB    15GB    43.9%         21000    100000
/data/zhidhu                    16GB   200GB     7.6%         33165          
/scratch/zhidhu                7.6GB    20TB     0.0%         36305          

/shares/atomt.pilot.s3it.uzh    21GB    10TB     0.2%          1495          
-------------------------------------------------------------------------------------

Files on /scratch may be purged after 30 days.
See https://docs.s3it.uzh.ch/cluster/data

sentencepiece_trainer.cc(178) LOG(INFO) Running command: --input=/home/zhidhu/shares/cz-en/data/raw/train.cz --model_prefix=cz-bpe-8000 --pad_id=3 --vocab_size=8000 --model_type=bpe --unk_piece=<unk> --bos_piece=<s> --eos_piece=</s> --pad_piece=<pad>
sentencepiece_trainer.cc(78) LOG(INFO) Starts training with : 
trainer_spec {
  input: /home/zhidhu/shares/cz-en/data/raw/train.cz
  input_format: 
  model_prefix: cz-bpe-8000
  model_type: BPE
  vocab_size: 8000
  self_test_sample_size: 0
  character_coverage: 0.9995
  input_sentence_size: 0
  shuffle_input_sentence: 1
  seed_sentencepiece_size: 1000000
  shrinking_factor: 0.75
  max_sentence_length: 4192
  num_threads: 16
  num_sub_iterations: 2
  max_sentencepiece_length: 16
  split_by_unicode_script: 1
  split_by_number: 1
  split_by_whitespace: 1
  split_digits: 0
  pretokenization_delimiter: 
  treat_whitespace_as_suffix: 0
  allow_whitespace_only_pieces: 0
  required_chars: 
  byte_fallback: 0
  vocabulary_output_piece_score: 1
  train_extremely_large_corpus: 0
  seed_sentencepieces_file: 
  hard_vocab_limit: 1
  use_all_vocab: 0
  unk_id: 0
  bos_id: 1
  eos_id: 2
  pad_id: 3
  unk_piece: <unk>
  bos_piece: <s>
  eos_piece: </s>
  pad_piece: <pad>
  unk_surface:  ⁇ 
  enable_differential_privacy: 0
  differential_privacy_noise_level: 0
  differential_privacy_clipping_threshold: 0
}
normalizer_spec {
  name: nmt_nfkc
  add_dummy_prefix: 1
  remove_extra_whitespaces: 1
  escape_whitespaces: 1
  normalization_rule_tsv: 
}
denormalizer_spec {}
trainer_interface.cc(355) LOG(INFO) SentenceIterator is not specified. Using MultiFileSentenceIterator.
trainer_interface.cc(186) LOG(INFO) Loading corpus: /home/zhidhu/shares/cz-en/data/raw/train.cz
trainer_interface.cc(148) LOG(INFO) Loaded 1000000 lines
trainer_interface.cc(148) LOG(INFO) Loaded 2000000 lines
trainer_interface.cc(148) LOG(INFO) Loaded 3000000 lines
trainer_interface.cc(148) LOG(INFO) Loaded 4000000 lines
trainer_interface.cc(148) LOG(INFO) Loaded 5000000 lines
trainer_interface.cc(148) LOG(INFO) Loaded 6000000 lines
trainer_interface.cc(148) LOG(INFO) Loaded 7000000 lines
trainer_interface.cc(148) LOG(INFO) Loaded 8000000 lines
trainer_interface.cc(148) LOG(INFO) Loaded 9000000 lines
trainer_interface.cc(148) LOG(INFO) Loaded 10000000 lines
trainer_interface.cc(125) LOG(WARNING) Too many sentences are loaded! (10000000), which may slow down training.
trainer_interface.cc(127) LOG(WARNING) Consider using --input_sentence_size=<size> and --shuffle_input_sentence=true.
trainer_interface.cc(130) LOG(WARNING) They allow to randomly sample <size> sentences from the entire corpus.
trainer_interface.cc(411) LOG(INFO) Loaded all 10000000 sentences
trainer_interface.cc(427) LOG(INFO) Adding meta_piece: <unk>
trainer_interface.cc(427) LOG(INFO) Adding meta_piece: <s>
trainer_interface.cc(427) LOG(INFO) Adding meta_piece: </s>
trainer_interface.cc(427) LOG(INFO) Adding meta_piece: <pad>
trainer_interface.cc(432) LOG(INFO) Normalizing sentences...
trainer_interface.cc(541) LOG(INFO) all chars count=648621331
trainer_interface.cc(552) LOG(INFO) Done: 99.9508% characters are covered.
trainer_interface.cc(562) LOG(INFO) Alphabet size=111
trainer_interface.cc(563) LOG(INFO) Final character coverage=0.999508
trainer_interface.cc(594) LOG(INFO) Done! preprocessed 10000000 sentences.
trainer_interface.cc(600) LOG(INFO) Tokenizing input sentences with whitespace: 10000000
trainer_interface.cc(611) LOG(INFO) Done! 3311654
bpe_model_trainer.cc(159) LOG(INFO) Updating active symbols. max_freq=9517270 min_freq=23895
bpe_model_trainer.cc(268) LOG(INFO) Added: freq=3165415 size=20 all=8010 active=2755 piece=la
bpe_model_trainer.cc(268) LOG(INFO) Added: freq=1732508 size=40 all=10436 active=5181 piece=an
bpe_model_trainer.cc(268) LOG(INFO) Added: freq=1170647 size=60 all=13353 active=8098 piece=ni
bpe_model_trainer.cc(268) LOG(INFO) Added: freq=998181 size=80 all=15841 active=10586 piece=na
bpe_model_trainer.cc(268) LOG(INFO) Added: freq=777459 size=100 all=19630 active=14375 piece=▁pře
bpe_model_trainer.cc(159) LOG(INFO) Updating active symbols. max_freq=776644 min_freq=81297
bpe_model_trainer.cc(268) LOG(INFO) Added: freq=656073 size=120 all=22482 active=3789 piece=▁ú
bpe_model_trainer.cc(268) LOG(INFO) Added: freq=549102 size=140 all=25805 active=7112 piece=▁jsem
bpe_model_trainer.cc(268) LOG(INFO) Added: freq=492368 size=160 all=28944 active=10251 piece=▁f
bpe_model_trainer.cc(268) LOG(INFO) Added: freq=419438 size=180 all=32660 active=13967 piece=▁ž
bpe_model_trainer.cc(268) LOG(INFO) Added: freq=385020 size=200 all=36696 active=18003 piece=▁co
bpe_model_trainer.cc(159) LOG(INFO) Updating active symbols. max_freq=384938 min_freq=35266
bpe_model_trainer.cc(268) LOG(INFO) Added: freq=338603 size=220 all=39804 active=4864 piece=▁ko
bpe_model_trainer.cc(268) LOG(INFO) Added: freq=304466 size=240 all=43715 active=8775 piece=▁le
bpe_model_trainer.cc(268) LOG(INFO) Added: freq=282097 size=260 all=46864 active=11924 piece=▁prá
bpe_model_trainer.cc(268) LOG(INFO) Added: freq=254772 size=280 all=50354 active=15414 piece=▁3
bpe_model_trainer.cc(268) LOG(INFO) Added: freq=231302 size=300 all=53553 active=18613 piece=rop
bpe_model_trainer.cc(159) LOG(INFO) Updating active symbols. max_freq=231027 min_freq=21651
bpe_model_trainer.cc(268) LOG(INFO) Added: freq=211363 size=320 all=56108 active=5058 piece=sle
bpe_model_trainer.cc(268) LOG(INFO) Added: freq=189706 size=340 all=59565 active=8515 piece=anov
bpe_model_trainer.cc(268) LOG(INFO) Added: freq=178709 size=360 all=62990 active=11940 piece=kou
bpe_model_trainer.cc(268) LOG(INFO) Added: freq=166345 size=380 all=65982 active=14932 piece=vět
bpe_model_trainer.cc(268) LOG(INFO) Added: freq=155057 size=400 all=69579 active=18529 piece=▁člen
bpe_model_trainer.cc(159) LOG(INFO) Updating active symbols. max_freq=154940 min_freq=15460
bpe_model_trainer.cc(268) LOG(INFO) Added: freq=143708 size=420 all=71494 active=5368 piece=▁ten
bpe_model_trainer.cc(268) LOG(INFO) Added: freq=138648 size=440 all=74098 active=7972 piece=má
bpe_model_trainer.cc(268) LOG(INFO) Added: freq=132639 size=460 all=76915 active=10789 piece=hy
bpe_model_trainer.cc(268) LOG(INFO) Added: freq=126100 size=480 all=80300 active=14174 piece=bi
bpe_model_trainer.cc(268) LOG(INFO) Added: freq=120166 size=500 all=82806 active=16680 piece=▁musí
bpe_model_trainer.cc(159) LOG(INFO) Updating active symbols. max_freq=120165 min_freq=12398
bpe_model_trainer.cc(268) LOG(INFO) Added: freq=115064 size=520 all=85430 active=6742 piece=vý
bpe_model_trainer.cc(268) LOG(INFO) Added: freq=111083 size=540 all=88190 active=9502 piece=▁podle
bpe_model_trainer.cc(268) LOG(INFO) Added: freq=105191 size=560 all=91111 active=12423 piece=▁tam
bpe_model_trainer.cc(268) LOG(INFO) Added: freq=99422 size=580 all=93653 active=14965 piece=inan
bpe_model_trainer.cc(268) LOG(INFO) Added: freq=96189 size=600 all=96292 active=17604 piece=ená
bpe_model_trainer.cc(159) LOG(INFO) Updating active symbols. max_freq=96164 min_freq=10111
bpe_model_trainer.cc(268) LOG(INFO) Added: freq=91724 size=620 all=99026 active=7369 piece=hra
bpe_model_trainer.cc(268) LOG(INFO) Added: freq=89717 size=640 all=102292 active=10635 piece=▁bych
bpe_model_trainer.cc(268) LOG(INFO) Added: freq=87053 size=660 all=104894 active=13237 piece=sku
bpe_model_trainer.cc(268) LOG(INFO) Added: freq=84770 size=680 all=107372 active=15715 piece=▁finan
bpe_model_trainer.cc(268) LOG(INFO) Added: freq=81988 size=700 all=109456 active=17799 piece=šel
bpe_model_trainer.cc(159) LOG(INFO) Updating active symbols. max_freq=81793 min_freq=8424
bpe_model_trainer.cc(268) LOG(INFO) Added: freq=78716 size=720 all=112355 active=8239 piece=▁Bu
bpe_model_trainer.cc(268) LOG(INFO) Added: freq=76221 size=740 all=114655 active=10539 piece=▁změ
bpe_model_trainer.cc(268) LOG(INFO) Added: freq=73416 size=760 all=116489 active=12373 piece=luš
bpe_model_trainer.cc(268) LOG(INFO) Added: freq=71868 size=780 all=118619 active=14503 piece=▁so
bpe_model_trainer.cc(268) LOG(INFO) Added: freq=70590 size=800 all=121367 active=17251 piece=▁čl
bpe_model_trainer.cc(159) LOG(INFO) Updating active symbols. max_freq=70556 min_freq=7337
bpe_model_trainer.cc(268) LOG(INFO) Added: freq=68277 size=820 all=124461 active=9160 piece=vis
bpe_model_trainer.cc(268) LOG(INFO) Added: freq=66126 size=840 all=126734 active=11433 piece=▁stej
bpe_model_trainer.cc(268) LOG(INFO) Added: freq=64589 size=860 all=129677 active=14376 piece=ném
bpe_model_trainer.cc(268) LOG(INFO) Added: freq=63002 size=880 all=131541 active=16240 piece=▁úda
bpe_model_trainer.cc(268) LOG(INFO) Added: freq=61410 size=900 all=133247 active=17946 piece=byt
bpe_model_trainer.cc(159) LOG(INFO) Updating active symbols. max_freq=61392 min_freq=6430
bpe_model_trainer.cc(268) LOG(INFO) Added: freq=60369 size=920 all=136002 active=9301 piece=▁zv
bpe_model_trainer.cc(268) LOG(INFO) Added: freq=58666 size=940 all=137838 active=11137 piece=▁1.
bpe_model_trainer.cc(268) LOG(INFO) Added: freq=57152 size=960 all=140197 active=13496 piece=▁kr
bpe_model_trainer.cc(268) LOG(INFO) Added: freq=56260 size=980 all=142674 active=15973 piece=ždy
bpe_model_trainer.cc(268) LOG(INFO) Added: freq=54942 size=1000 all=145375 active=18674 piece=tivní
bpe_model_trainer.cc(159) LOG(INFO) Updating active symbols. max_freq=54807 min_freq=5606
bpe_model_trainer.cc(268) LOG(INFO) Added: freq=53709 size=1020 all=147627 active=9459 piece=hl
bpe_model_trainer.cc(268) LOG(INFO) Added: freq=52860 size=1040 all=150152 active=11984 piece=om
bpe_model_trainer.cc(268) LOG(INFO) Added: freq=51699 size=1060 all=153059 active=14891 piece=cení
bpe_model_trainer.cc(268) LOG(INFO) Added: freq=50134 size=1080 all=154563 active=16395 piece=vů
bpe_model_trainer.cc(268) LOG(INFO) Added: freq=48801 size=1100 all=157279 active=19111 piece=▁tento
bpe_model_trainer.cc(159) LOG(INFO) Updating active symbols. max_freq=48742 min_freq=4985
bpe_model_trainer.cc(268) LOG(INFO) Added: freq=47870 size=1120 all=159189 active=9765 piece=jít
bpe_model_trainer.cc(268) LOG(INFO) Added: freq=46939 size=1140 all=160735 active=11311 piece=▁žá
bpe_model_trainer.cc(268) LOG(INFO) Added: freq=45453 size=1160 all=162893 active=13469 piece=▁členských
bpe_model_trainer.cc(268) LOG(INFO) Added: freq=44046 size=1180 all=165199 active=15775 piece=Sc
bpe_model_trainer.cc(268) LOG(INFO) Added: freq=43296 size=1200 all=166502 active=17078 piece=▁zdra
bpe_model_trainer.cc(159) LOG(INFO) Updating active symbols. max_freq=43241 min_freq=4553
bpe_model_trainer.cc(268) LOG(INFO) Added: freq=42562 size=1220 all=168416 active=10215 piece=▁finanční
bpe_model_trainer.cc(268) LOG(INFO) Added: freq=41766 size=1240 all=170617 active=12416 piece=▁část
bpe_model_trainer.cc(268) LOG(INFO) Added: freq=40690 size=1260 all=172411 active=14210 piece=▁záva
bpe_model_trainer.cc(268) LOG(INFO) Added: freq=39770 size=1280 all=174984 active=16783 piece=ckého
bpe_model_trainer.cc(268) LOG(INFO) Added: freq=39281 size=1300 all=177485 active=19284 piece=▁ov
bpe_model_trainer.cc(159) LOG(INFO) Updating active symbols. max_freq=39142 min_freq=4123
bpe_model_trainer.cc(268) LOG(INFO) Added: freq=38481 size=1320 all=179027 active=10369 piece=lově
bpe_model_trainer.cc(268) LOG(INFO) Added: freq=37675 size=1340 all=181464 active=12806 piece=▁místo
bpe_model_trainer.cc(268) LOG(INFO) Added: freq=37103 size=1360 all=183507 active=14849 piece=▁pat
bpe_model_trainer.cc(268) LOG(INFO) Added: freq=36509 size=1380 all=185227 active=16569 piece=▁sil
bpe_model_trainer.cc(268) LOG(INFO) Added: freq=35827 size=1400 all=187616 active=18958 piece=▁tři
bpe_model_trainer.cc(159) LOG(INFO) Updating active symbols. max_freq=35773 min_freq=3797
bpe_model_trainer.cc(268) LOG(INFO) Added: freq=35385 size=1420 all=189406 active=11144 piece=▁význam
bpe_model_trainer.cc(268) LOG(INFO) Added: freq=34762 size=1440 all=190815 active=12553 piece=hro
bpe_model_trainer.cc(268) LOG(INFO) Added: freq=34262 size=1460 all=193341 active=15079 piece=▁důležit
bpe_model_trainer.cc(268) LOG(INFO) Added: freq=33795 size=1480 all=195008 active=16746 piece=▁včetně
bpe_model_trainer.cc(268) LOG(INFO) Added: freq=33215 size=1500 all=196457 active=18195 piece=čku
bpe_model_trainer.cc(159) LOG(INFO) Updating active symbols. max_freq=33190 min_freq=3524
bpe_model_trainer.cc(268) LOG(INFO) Added: freq=32686 size=1520 all=198579 active=11710 piece=▁subjek
bpe_model_trainer.cc(268) LOG(INFO) Added: freq=32389 size=1540 all=200554 active=13685 piece=▁odvět
bpe_model_trainer.cc(268) LOG(INFO) Added: freq=31924 size=1560 all=201883 active=15014 piece=tky
bpe_model_trainer.cc(268) LOG(INFO) Added: freq=31412 size=1580 all=203438 active=16569 piece=▁lze
bpe_model_trainer.cc(268) LOG(INFO) Added: freq=30981 size=1600 all=204475 active=17606 piece=▁oko
bpe_model_trainer.cc(159) LOG(INFO) Updating active symbols. max_freq=30929 min_freq=3319
bpe_model_trainer.cc(268) LOG(INFO) Added: freq=30440 size=1620 all=206032 active=11746 piece=▁orgány
bpe_model_trainer.cc(268) LOG(INFO) Added: freq=29924 size=1640 all=207753 active=13467 piece=▁pi
bpe_model_trainer.cc(268) LOG(INFO) Added: freq=29571 size=1660 all=210288 active=16002 piece=▁ohledem
bpe_model_trainer.cc(268) LOG(INFO) Added: freq=29091 size=1680 all=211560 active=17274 piece=▁přímo
bpe_model_trainer.cc(268) LOG(INFO) Added: freq=28747 size=1700 all=214559 active=20273 piece=stavení
bpe_model_trainer.cc(159) LOG(INFO) Updating active symbols. max_freq=28708 min_freq=3083
bpe_model_trainer.cc(268) LOG(INFO) Added: freq=28338 size=1720 all=215965 active=12070 piece=▁mezinárodní
bpe_model_trainer.cc(268) LOG(INFO) Added: freq=27913 size=1740 all=217670 active=13775 piece=▁rád
bpe_model_trainer.cc(268) LOG(INFO) Added: freq=27666 size=1760 all=218454 active=14559 piece=▁eko
bpe_model_trainer.cc(268) LOG(INFO) Added: freq=27203 size=1780 all=220023 active=16128 piece=▁Al
bpe_model_trainer.cc(268) LOG(INFO) Added: freq=26821 size=1800 all=222111 active=18216 piece=▁bychom
bpe_model_trainer.cc(159) LOG(INFO) Updating active symbols. max_freq=26747 min_freq=2910
bpe_model_trainer.cc(268) LOG(INFO) Added: freq=26355 size=1820 all=223282 active=12260 piece=▁pan
bpe_model_trainer.cc(268) LOG(INFO) Added: freq=26070 size=1840 all=225078 active=14056 piece=šem
bpe_model_trainer.cc(268) LOG(INFO) Added: freq=25773 size=1860 all=226961 active=15939 piece=▁vstup
bpe_model_trainer.cc(268) LOG(INFO) Added: freq=25469 size=1880 all=227935 active=16913 piece=▁prostřednictvím
bpe_model_trainer.cc(268) LOG(INFO) Added: freq=25219 size=1900 all=229742 active=18720 piece=zkou
bpe_model_trainer.cc(159) LOG(INFO) Updating active symbols. max_freq=25218 min_freq=2763
bpe_model_trainer.cc(268) LOG(INFO) Added: freq=24970 size=1920 all=231607 active=13267 piece=▁pí
bpe_model_trainer.cc(268) LOG(INFO) Added: freq=24707 size=1940 all=233311 active=14971 piece=ském
bpe_model_trainer.cc(268) LOG(INFO) Added: freq=24478 size=1960 all=235319 active=16979 piece=▁provoz
bpe_model_trainer.cc(268) LOG(INFO) Added: freq=24212 size=1980 all=237461 active=19121 piece=EU
bpe_model_trainer.cc(268) LOG(INFO) Added: freq=23886 size=2000 all=238929 active=20589 piece=▁mrt
bpe_model_trainer.cc(159) LOG(INFO) Updating active symbols. max_freq=23885 min_freq=2600
bpe_model_trainer.cc(268) LOG(INFO) Added: freq=23657 size=2020 all=240609 active=13606 piece=átky
bpe_model_trainer.cc(268) LOG(INFO) Added: freq=23505 size=2040 all=241639 active=14636 piece=▁tebou
bpe_model_trainer.cc(268) LOG(INFO) Added: freq=23229 size=2060 all=242937 active=15934 piece=▁gene
bpe_model_trainer.cc(268) LOG(INFO) Added: freq=23019 size=2080 all=244571 active=17568 piece=▁zeměděl
bpe_model_trainer.cc(268) LOG(INFO) Added: freq=22744 size=2100 all=246177 active=19174 piece=her
bpe_model_trainer.cc(159) LOG(INFO) Updating active symbols. max_freq=22711 min_freq=2470
bpe_model_trainer.cc(268) LOG(INFO) Added: freq=22501 size=2120 all=248130 active=13919 piece=tvr
bpe_model_trainer.cc(268) LOG(INFO) Added: freq=22270 size=2140 all=249317 active=15106 piece=▁br
bpe_model_trainer.cc(268) LOG(INFO) Added: freq=22074 size=2160 all=251153 active=16942 piece=▁blí
bpe_model_trainer.cc(268) LOG(INFO) Added: freq=21851 size=2180 all=252151 active=17940 piece=▁ší
bpe_model_trainer.cc(268) LOG(INFO) Added: freq=21646 size=2200 all=253069 active=18858 piece=díl
bpe_model_trainer.cc(159) LOG(INFO) Updating active symbols. max_freq=21621 min_freq=2358
bpe_model_trainer.cc(268) LOG(INFO) Added: freq=21351 size=2220 all=254191 active=13680 piece=▁Ha
bpe_model_trainer.cc(268) LOG(INFO) Added: freq=21160 size=2240 all=255725 active=15214 piece=kami
bpe_model_trainer.cc(268) LOG(INFO) Added: freq=20952 size=2260 all=256761 active=16250 piece=řel
bpe_model_trainer.cc(268) LOG(INFO) Added: freq=20724 size=2280 all=258184 active=17673 piece=▁dve
bpe_model_trainer.cc(268) LOG(INFO) Added: freq=20562 size=2300 all=259868 active=19357 piece=▁nav
bpe_model_trainer.cc(159) LOG(INFO) Updating active symbols. max_freq=20541 min_freq=2265
bpe_model_trainer.cc(268) LOG(INFO) Added: freq=20381 size=2320 all=260910 active=13993 piece=▁Musí
bpe_model_trainer.cc(268) LOG(INFO) Added: freq=20172 size=2340 all=262105 active=15188 piece=▁věstní
bpe_model_trainer.cc(268) LOG(INFO) Added: freq=20000 size=2360 all=263802 active=16885 piece=▁ply
bpe_model_trainer.cc(268) LOG(INFO) Added: freq=19839 size=2380 all=265519 active=18602 piece=▁Srazy
bpe_model_trainer.cc(268) LOG(INFO) Added: freq=19594 size=2400 all=266627 active=19710 piece=anu
bpe_model_trainer.cc(159) LOG(INFO) Updating active symbols. max_freq=19590 min_freq=2168
bpe_model_trainer.cc(268) LOG(INFO) Added: freq=19414 size=2420 all=267750 active=14118 piece=▁konkré
bpe_model_trainer.cc(268) LOG(INFO) Added: freq=19215 size=2440 all=269216 active=15584 piece=▁jednotliv
bpe_model_trainer.cc(268) LOG(INFO) Added: freq=19084 size=2460 all=270998 active=17366 piece=dně
bpe_model_trainer.cc(268) LOG(INFO) Added: freq=18901 size=2480 all=272796 active=19164 piece=▁Vím
bpe_model_trainer.cc(268) LOG(INFO) Added: freq=18738 size=2500 all=273813 active=20181 piece=kazy
bpe_model_trainer.cc(159) LOG(INFO) Updating active symbols. max_freq=18726 min_freq=2077
bpe_model_trainer.cc(268) LOG(INFO) Added: freq=18545 size=2520 all=276109 active=15932 piece=▁potvr
bpe_model_trainer.cc(268) LOG(INFO) Added: freq=18396 size=2540 all=278266 active=18089 piece=▁nah
bpe_model_trainer.cc(268) LOG(INFO) Added: freq=18179 size=2560 all=280130 active=19953 piece=▁pode
bpe_model_trainer.cc(268) LOG(INFO) Added: freq=18017 size=2580 all=280990 active=20813 piece=▁letech
bpe_model_trainer.cc(268) LOG(INFO) Added: freq=17910 size=2600 all=281901 active=21724 piece=▁úko
bpe_model_trainer.cc(159) LOG(INFO) Updating active symbols. max_freq=17898 min_freq=1985
bpe_model_trainer.cc(268) LOG(INFO) Added: freq=17658 size=2620 all=283303 active=15479 piece=▁správ
bpe_model_trainer.cc(268) LOG(INFO) Added: freq=17526 size=2640 all=285132 active=17308 piece=▁nevím
bpe_model_trainer.cc(268) LOG(INFO) Added: freq=17404 size=2660 all=286104 active=18280 piece=▁zvíř
bpe_model_trainer.cc(268) LOG(INFO) Added: freq=17224 size=2680 all=287420 active=19596 piece=▁web
bpe_model_trainer.cc(268) LOG(INFO) Added: freq=17001 size=2700 all=289959 active=22135 piece=zích
bpe_model_trainer.cc(159) LOG(INFO) Updating active symbols. max_freq=16997 min_freq=1895
bpe_model_trainer.cc(268) LOG(INFO) Added: freq=16882 size=2720 all=290657 active=15098 piece=▁Hla
bpe_model_trainer.cc(268) LOG(INFO) Added: freq=16776 size=2740 all=292414 active=16855 piece=▁Potře
bpe_model_trainer.cc(268) LOG(INFO) Added: freq=16647 size=2760 all=294035 active=18476 piece=▁Bru
bpe_model_trainer.cc(268) LOG(INFO) Added: freq=16498 size=2780 all=295015 active=19456 piece=gy
bpe_model_trainer.cc(268) LOG(INFO) Added: freq=16367 size=2800 all=296995 active=21436 piece=▁výzkum
bpe_model_trainer.cc(159) LOG(INFO) Updating active symbols. max_freq=16361 min_freq=1821
bpe_model_trainer.cc(268) LOG(INFO) Added: freq=16234 size=2820 all=298732 active=16563 piece=▁zdraví
bpe_model_trainer.cc(268) LOG(INFO) Added: freq=16108 size=2840 all=300002 active=17833 piece=lám
bpe_model_trainer.cc(268) LOG(INFO) Added: freq=15953 size=2860 all=301214 active=19045 piece=▁listo
bpe_model_trainer.cc(268) LOG(INFO) Added: freq=15817 size=2880 all=301867 active=19698 piece=▁uprav
bpe_model_trainer.cc(268) LOG(INFO) Added: freq=15684 size=2900 all=303077 active=20908 piece=▁ráno
bpe_model_trainer.cc(159) LOG(INFO) Updating active symbols. max_freq=15676 min_freq=1761
bpe_model_trainer.cc(268) LOG(INFO) Added: freq=15540 size=2920 all=304498 active=16572 piece=▁dny
bpe_model_trainer.cc(268) LOG(INFO) Added: freq=15466 size=2940 all=305816 active=17890 piece=atu
bpe_model_trainer.cc(268) LOG(INFO) Added: freq=15386 size=2960 all=307449 active=19523 piece=chyb
bpe_model_trainer.cc(268) LOG(INFO) Added: freq=15254 size=2980 all=309071 active=21145 piece=▁hroz
bpe_model_trainer.cc(268) LOG(INFO) Added: freq=15146 size=3000 all=310805 active=22879 piece=▁pravděpodob
bpe_model_trainer.cc(159) LOG(INFO) Updating active symbols. max_freq=15144 min_freq=1687
bpe_model_trainer.cc(268) LOG(INFO) Added: freq=15043 size=3020 all=311425 active=16144 piece=▁ona
bpe_model_trainer.cc(268) LOG(INFO) Added: freq=14875 size=3040 all=312869 active=17588 piece=lád
bpe_model_trainer.cc(268) LOG(INFO) Added: freq=14766 size=3060 all=314590 active=19309 piece=bolov
bpe_model_trainer.cc(268) LOG(INFO) Added: freq=14669 size=3080 all=315527 active=20246 piece=part
bpe_model_trainer.cc(268) LOG(INFO) Added: freq=14552 size=3100 all=318068 active=22787 piece=▁mohlo
bpe_model_trainer.cc(159) LOG(INFO) Updating active symbols. max_freq=14552 min_freq=1629
bpe_model_trainer.cc(268) LOG(INFO) Added: freq=14424 size=3120 all=319164 active=16996 piece=▁závaz
bpe_model_trainer.cc(268) LOG(INFO) Added: freq=14317 size=3140 all=320236 active=18068 piece=řila
bpe_model_trainer.cc(268) LOG(INFO) Added: freq=14218 size=3160 all=321348 active=19180 piece=▁Smlouvy
bpe_model_trainer.cc(268) LOG(INFO) Added: freq=14137 size=3180 all=322099 active=19931 piece=mit
bpe_model_trainer.cc(268) LOG(INFO) Added: freq=14009 size=3200 all=323417 active=21249 piece=▁dola
bpe_model_trainer.cc(159) LOG(INFO) Updating active symbols. max_freq=14002 min_freq=1581
bpe_model_trainer.cc(268) LOG(INFO) Added: freq=13924 size=3220 all=324972 active=17702 piece=Hamster
bpe_model_trainer.cc(268) LOG(INFO) Added: freq=13811 size=3240 all=326702 active=19432 piece=▁přišel
bpe_model_trainer.cc(268) LOG(INFO) Added: freq=13725 size=3260 all=328466 active=21196 piece=mr
bpe_model_trainer.cc(268) LOG(INFO) Added: freq=13579 size=3280 all=329615 active=22345 piece=▁můžu
bpe_model_trainer.cc(268) LOG(INFO) Added: freq=13431 size=3300 all=330903 active=23633 piece=▁přítel
bpe_model_trainer.cc(159) LOG(INFO) Updating active symbols. max_freq=13427 min_freq=1522
bpe_model_trainer.cc(268) LOG(INFO) Added: freq=13353 size=3320 all=331921 active=17540 piece=staň
bpe_model_trainer.cc(268) LOG(INFO) Added: freq=13284 size=3340 all=333645 active=19264 piece=▁Musíme
bpe_model_trainer.cc(268) LOG(INFO) Added: freq=13183 size=3360 all=334473 active=20092 piece=▁odstra
bpe_model_trainer.cc(268) LOG(INFO) Added: freq=13100 size=3380 all=335634 active=21253 piece=▁skutečně
bpe_model_trainer.cc(268) LOG(INFO) Added: freq=12992 size=3400 all=336500 active=22119 piece=▁naho
bpe_model_trainer.cc(159) LOG(INFO) Updating active symbols. max_freq=12990 min_freq=1481
bpe_model_trainer.cc(268) LOG(INFO) Added: freq=12925 size=3420 all=337374 active=17666 piece=dří
bpe_model_trainer.cc(268) LOG(INFO) Added: freq=12803 size=3440 all=338824 active=19116 piece=▁konzul
bpe_model_trainer.cc(268) LOG(INFO) Added: freq=12738 size=3460 all=340475 active=20767 piece=▁staro
bpe_model_trainer.cc(268) LOG(INFO) Added: freq=12602 size=3480 all=341323 active=21615 piece=▁přírodní
bpe_model_trainer.cc(268) LOG(INFO) Added: freq=12513 size=3500 all=341892 active=22184 piece=▁inform
bpe_model_trainer.cc(159) LOG(INFO) Updating active symbols. max_freq=12507 min_freq=1439
bpe_model_trainer.cc(268) LOG(INFO) Added: freq=12387 size=3520 all=343637 active=18815 piece=▁výmě
bpe_model_trainer.cc(268) LOG(INFO) Added: freq=12289 size=3540 all=345092 active=20270 piece=▁cha
bpe_model_trainer.cc(268) LOG(INFO) Added: freq=12183 size=3560 all=346028 active=21206 piece=▁věstník
bpe_model_trainer.cc(268) LOG(INFO) Added: freq=12089 size=3580 all=347106 active=22284 piece=▁zařa
bpe_model_trainer.cc(268) LOG(INFO) Added: freq=12017 size=3600 all=348543 active=23721 piece=▁chod
bpe_model_trainer.cc(159) LOG(INFO) Updating active symbols. max_freq=12009 min_freq=1398
bpe_model_trainer.cc(268) LOG(INFO) Added: freq=11921 size=3620 all=350010 active=18857 piece=▁San
bpe_model_trainer.cc(268) LOG(INFO) Added: freq=11853 size=3640 all=351676 active=20523 piece=dia
bpe_model_trainer.cc(268) LOG(INFO) Added: freq=11777 size=3660 all=352899 active=21746 piece=▁dobro
bpe_model_trainer.cc(268) LOG(INFO) Added: freq=11679 size=3680 all=354825 active=23672 piece=▁začí
bpe_model_trainer.cc(268) LOG(INFO) Added: freq=11594 size=3700 all=356102 active=24949 piece=▁28
bpe_model_trainer.cc(159) LOG(INFO) Updating active symbols. max_freq=11590 min_freq=1350
bpe_model_trainer.cc(268) LOG(INFO) Added: freq=11512 size=3720 all=357737 active=19370 piece=▁vedou
bpe_model_trainer.cc(268) LOG(INFO) Added: freq=11417 size=3740 all=358435 active=20068 piece=vak
bpe_model_trainer.cc(268) LOG(INFO) Added: freq=11349 size=3760 all=359498 active=21131 piece=▁dveře
bpe_model_trainer.cc(268) LOG(INFO) Added: freq=11286 size=3780 all=360359 active=21992 piece=▁vaší
bpe_model_trainer.cc(268) LOG(INFO) Added: freq=11209 size=3800 all=361516 active=23149 piece=díte
bpe_model_trainer.cc(159) LOG(INFO) Updating active symbols. max_freq=11202 min_freq=1316
bpe_model_trainer.cc(268) LOG(INFO) Added: freq=11150 size=3820 all=362408 active=18851 piece=▁Chceš
bpe_model_trainer.cc(268) LOG(INFO) Added: freq=11112 size=3840 all=362891 active=19334 piece=▁tvé
bpe_model_trainer.cc(268) LOG(INFO) Added: freq=11037 size=3860 all=363868 active=20311 piece=ích
bpe_model_trainer.cc(268) LOG(INFO) Added: freq=10989 size=3880 all=364777 active=21220 piece=▁podpora
bpe_model_trainer.cc(268) LOG(INFO) Added: freq=10904 size=3900 all=366457 active=22900 piece=▁zám
bpe_model_trainer.cc(159) LOG(INFO) Updating active symbols. max_freq=10903 min_freq=1287
bpe_model_trainer.cc(268) LOG(INFO) Added: freq=10827 size=3920 all=367589 active=19427 piece=▁stojí
bpe_model_trainer.cc(268) LOG(INFO) Added: freq=10727 size=3940 all=369058 active=20896 piece=▁tajem
bpe_model_trainer.cc(268) LOG(INFO) Added: freq=10671 size=3960 all=369814 active=21652 piece=▁31.
bpe_model_trainer.cc(268) LOG(INFO) Added: freq=10613 size=3980 all=370582 active=22420 piece=▁oblast
bpe_model_trainer.cc(268) LOG(INFO) Added: freq=10564 size=4000 all=371554 active=23392 piece=▁mnoha
bpe_model_trainer.cc(159) LOG(INFO) Updating active symbols. max_freq=10557 min_freq=1252
bpe_model_trainer.cc(268) LOG(INFO) Added: freq=10504 size=4020 all=373301 active=20296 piece=▁nabízí
bpe_model_trainer.cc(268) LOG(INFO) Added: freq=10455 size=4040 all=374516 active=21511 piece=▁sdělení
bpe_model_trainer.cc(268) LOG(INFO) Added: freq=10412 size=4060 all=375591 active=22586 piece=▁dům
bpe_model_trainer.cc(268) LOG(INFO) Added: freq=10322 size=4080 all=376861 active=23856 piece=rim
bpe_model_trainer.cc(268) LOG(INFO) Added: freq=10249 size=4100 all=377841 active=24836 piece=▁tlu
bpe_model_trainer.cc(159) LOG(INFO) Updating active symbols. max_freq=10234 min_freq=1217
bpe_model_trainer.cc(268) LOG(INFO) Added: freq=10174 size=4120 all=378414 active=19424 piece=▁hodiny
bpe_model_trainer.cc(268) LOG(INFO) Added: freq=10110 size=4140 all=379317 active=20327 piece=▁spole
bpe_model_trainer.cc(268) LOG(INFO) Added: freq=10055 size=4160 all=380229 active=21239 piece=▁pal
bpe_model_trainer.cc(268) LOG(INFO) Added: freq=10002 size=4180 all=380845 active=21855 piece=▁polov
bpe_model_trainer.cc(268) LOG(INFO) Added: freq=9939 size=4200 all=381702 active=22712 piece=▁Bel
bpe_model_trainer.cc(159) LOG(INFO) Updating active symbols. max_freq=9939 min_freq=1196
bpe_model_trainer.cc(268) LOG(INFO) Added: freq=9905 size=4220 all=383062 active=20309 piece=▁uvádě
bpe_model_trainer.cc(268) LOG(INFO) Added: freq=9852 size=4240 all=384196 active=21443 piece=▁odpověď
bpe_model_trainer.cc(268) LOG(INFO) Added: freq=9791 size=4260 all=385031 active=22278 piece=AL
bpe_model_trainer.cc(268) LOG(INFO) Added: freq=9732 size=4280 all=385949 active=23196 piece=teř
bpe_model_trainer.cc(268) LOG(INFO) Added: freq=9668 size=4300 all=386889 active=24136 piece=▁Řekni
bpe_model_trainer.cc(159) LOG(INFO) Updating active symbols. max_freq=9666 min_freq=1170
bpe_model_trainer.cc(268) LOG(INFO) Added: freq=9610 size=4320 all=387913 active=20367 piece=▁přev
bpe_model_trainer.cc(268) LOG(INFO) Added: freq=9549 size=4340 all=389600 active=22054 piece=▁pozi
bpe_model_trainer.cc(268) LOG(INFO) Added: freq=9470 size=4360 all=391227 active=23681 piece=▁bá
bpe_model_trainer.cc(268) LOG(INFO) Added: freq=9379 size=4380 all=392298 active=24752 piece=▁sti
bpe_model_trainer.cc(268) LOG(INFO) Added: freq=9314 size=4400 all=393805 active=26259 piece=▁uvědo
bpe_model_trainer.cc(159) LOG(INFO) Updating active symbols. max_freq=9311 min_freq=1137
bpe_model_trainer.cc(268) LOG(INFO) Added: freq=9265 size=4420 all=395223 active=21100 piece=ák
bpe_model_trainer.cc(268) LOG(INFO) Added: freq=9201 size=4440 all=396119 active=21996 piece=nemoc
bpe_model_trainer.cc(268) LOG(INFO) Added: freq=9142 size=4460 all=397318 active=23195 piece=nějších
bpe_model_trainer.cc(268) LOG(INFO) Added: freq=9102 size=4480 all=398683 active=24560 piece=gram
bpe_model_trainer.cc(268) LOG(INFO) Added: freq=9054 size=4500 all=399886 active=25763 piece=▁obou
bpe_model_trainer.cc(159) LOG(INFO) Updating active symbols. max_freq=9052 min_freq=1109
bpe_model_trainer.cc(268) LOG(INFO) Added: freq=9003 size=4520 all=401529 active=21619 piece=▁sni
bpe_model_trainer.cc(268) LOG(INFO) Added: freq=8960 size=4540 all=402573 active=22663 piece=▁Man
bpe_model_trainer.cc(268) LOG(INFO) Added: freq=8913 size=4560 all=403539 active=23629 piece=▁spa
bpe_model_trainer.cc(268) LOG(INFO) Added: freq=8860 size=4580 all=405249 active=25339 piece=▁Jestliže
bpe_model_trainer.cc(268) LOG(INFO) Added: freq=8809 size=4600 all=405923 active=26013 piece=ph
bpe_model_trainer.cc(159) LOG(INFO) Updating active symbols. max_freq=8805 min_freq=1080
bpe_model_trainer.cc(268) LOG(INFO) Added: freq=8777 size=4620 all=407015 active=21121 piece=slov
bpe_model_trainer.cc(268) LOG(INFO) Added: freq=8712 size=4640 all=408010 active=22116 piece=▁vidím
bpe_model_trainer.cc(268) LOG(INFO) Added: freq=8654 size=4660 all=408652 active=22758 piece=před
bpe_model_trainer.cc(268) LOG(INFO) Added: freq=8610 size=4680 all=409910 active=24016 piece=▁strach
bpe_model_trainer.cc(268) LOG(INFO) Added: freq=8566 size=4700 all=411228 active=25334 piece=▁růstu
bpe_model_trainer.cc(159) LOG(INFO) Updating active symbols. max_freq=8566 min_freq=1056
bpe_model_trainer.cc(268) LOG(INFO) Added: freq=8537 size=4720 all=411809 active=21143 piece=▁republiky
bpe_model_trainer.cc(268) LOG(INFO) Added: freq=8489 size=4740 all=413376 active=22710 piece=▁pru
bpe_model_trainer.cc(268) LOG(INFO) Added: freq=8447 size=4760 all=414506 active=23840 piece=istribu
bpe_model_trainer.cc(268) LOG(INFO) Added: freq=8410 size=4780 all=415270 active=24604 piece=▁promluvit
bpe_model_trainer.cc(268) LOG(INFO) Added: freq=8366 size=4800 all=416202 active=25536 piece=▁duše
bpe_model_trainer.cc(159) LOG(INFO) Updating active symbols. max_freq=8362 min_freq=1033
bpe_model_trainer.cc(268) LOG(INFO) Added: freq=8323 size=4820 all=417548 active=22149 piece=▁Jenom
bpe_model_trainer.cc(268) LOG(INFO) Added: freq=8290 size=4840 all=418152 active=22753 piece=-0
bpe_model_trainer.cc(268) LOG(INFO) Added: freq=8250 size=4860 all=419308 active=23909 piece=▁Ona
bpe_model_trainer.cc(268) LOG(INFO) Added: freq=8190 size=4880 all=419984 active=24585 piece=▁Rá
bpe_model_trainer.cc(268) LOG(INFO) Added: freq=8129 size=4900 all=421538 active=26139 piece=▁dole
bpe_model_trainer.cc(159) LOG(INFO) Updating active symbols. max_freq=8122 min_freq=1013
bpe_model_trainer.cc(268) LOG(INFO) Added: freq=8068 size=4920 all=422317 active=21829 piece=▁název
bpe_model_trainer.cc(268) LOG(INFO) Added: freq=8030 size=4940 all=423498 active=23010 piece=tují
bpe_model_trainer.cc(268) LOG(INFO) Added: freq=7990 size=4960 all=424538 active=24050 piece=▁nejvyšší
bpe_model_trainer.cc(268) LOG(INFO) Added: freq=7954 size=4980 all=425785 active=25297 piece=▁19.
bpe_model_trainer.cc(268) LOG(INFO) Added: freq=7906 size=5000 all=426582 active=26094 piece=▁mužů
bpe_model_trainer.cc(159) LOG(INFO) Updating active symbols. max_freq=7904 min_freq=993
bpe_model_trainer.cc(268) LOG(INFO) Added: freq=7876 size=5020 all=427311 active=22056 piece=žují
bpe_model_trainer.cc(268) LOG(INFO) Added: freq=7830 size=5040 all=428454 active=23199 piece=jednou
bpe_model_trainer.cc(268) LOG(INFO) Added: freq=7791 size=5060 all=429560 active=24305 piece=ceme
bpe_model_trainer.cc(268) LOG(INFO) Added: freq=7744 size=5080 all=430683 active=25428 piece=▁hlubo
bpe_model_trainer.cc(268) LOG(INFO) Added: freq=7713 size=5100 all=431134 active=25879 piece=ill
bpe_model_trainer.cc(159) LOG(INFO) Updating active symbols. max_freq=7707 min_freq=971
bpe_model_trainer.cc(268) LOG(INFO) Added: freq=7674 size=5120 all=432657 active=22878 piece=kova
bpe_model_trainer.cc(268) LOG(INFO) Added: freq=7632 size=5140 all=433585 active=23806 piece=něny
bpe_model_trainer.cc(268) LOG(INFO) Added: freq=7590 size=5160 all=435444 active=25665 piece=▁částky
bpe_model_trainer.cc(268) LOG(INFO) Added: freq=7548 size=5180 all=436583 active=26804 piece=▁čemu
bpe_model_trainer.cc(268) LOG(INFO) Added: freq=7524 size=5200 all=437350 active=27571 piece=enými
bpe_model_trainer.cc(159) LOG(INFO) Updating active symbols. max_freq=7523 min_freq=948
bpe_model_trainer.cc(268) LOG(INFO) Added: freq=7490 size=5220 all=438381 active=22811 piece=ken
bpe_model_trainer.cc(268) LOG(INFO) Added: freq=7452 size=5240 all=439875 active=24305 piece=▁dialo
bpe_model_trainer.cc(268) LOG(INFO) Added: freq=7415 size=5260 all=441353 active=25783 piece=▁Jde
bpe_model_trainer.cc(268) LOG(INFO) Added: freq=7379 size=5280 all=442254 active=26684 piece=▁okolností
bpe_model_trainer.cc(268) LOG(INFO) Added: freq=7346 size=5300 all=443182 active=27612 piece=▁fotografie
bpe_model_trainer.cc(159) LOG(INFO) Updating active symbols. max_freq=7345 min_freq=927
bpe_model_trainer.cc(268) LOG(INFO) Added: freq=7329 size=5320 all=444508 active=23484 piece=alizace
bpe_model_trainer.cc(268) LOG(INFO) Added: freq=7296 size=5340 all=445404 active=24380 piece=▁far
bpe_model_trainer.cc(268) LOG(INFO) Added: freq=7264 size=5360 all=446418 active=25394 piece=óny
bpe_model_trainer.cc(268) LOG(INFO) Added: freq=7230 size=5380 all=447102 active=26078 piece=zka
bpe_model_trainer.cc(268) LOG(INFO) Added: freq=7201 size=5400 all=448348 active=27324 piece=pora
bpe_model_trainer.cc(159) LOG(INFO) Updating active symbols. max_freq=7201 min_freq=907
bpe_model_trainer.cc(268) LOG(INFO) Added: freq=7172 size=5420 all=450195 active=24152 piece=víme
bpe_model_trainer.cc(268) LOG(INFO) Added: freq=7137 size=5440 all=451060 active=25017 piece=▁pokoji
bpe_model_trainer.cc(268) LOG(INFO) Added: freq=7097 size=5460 all=451925 active=25882 piece=▁Děkuju
bpe_model_trainer.cc(268) LOG(INFO) Added: freq=7061 size=5480 all=452378 active=26335 piece=▁vstupu
bpe_model_trainer.cc(268) LOG(INFO) Added: freq=7016 size=5500 all=454147 active=28104 piece=logie
bpe_model_trainer.cc(159) LOG(INFO) Updating active symbols. max_freq=7016 min_freq=888
bpe_model_trainer.cc(268) LOG(INFO) Added: freq=6981 size=5520 all=454614 active=23124 piece=vem
bpe_model_trainer.cc(268) LOG(INFO) Added: freq=6950 size=5540 all=455401 active=23911 piece=▁jinými
bpe_model_trainer.cc(268) LOG(INFO) Added: freq=6915 size=5560 all=455947 active=24457 piece=▁příští
bpe_model_trainer.cc(268) LOG(INFO) Added: freq=6876 size=5580 all=456790 active=25300 piece=dilo
bpe_model_trainer.cc(268) LOG(INFO) Added: freq=6825 size=5600 all=457616 active=26126 piece=▁zavedení
bpe_model_trainer.cc(159) LOG(INFO) Updating active symbols. max_freq=6825 min_freq=875
bpe_model_trainer.cc(268) LOG(INFO) Added: freq=6798 size=5620 all=458102 active=23366 piece=▁zacházení
bpe_model_trainer.cc(268) LOG(INFO) Added: freq=6774 size=5640 all=459004 active=24268 piece=▁kru
bpe_model_trainer.cc(268) LOG(INFO) Added: freq=6745 size=5660 all=459979 active=25243 piece=roval
bpe_model_trainer.cc(268) LOG(INFO) Added: freq=6713 size=5680 all=460934 active=26198 piece=nuté
bpe_model_trainer.cc(268) LOG(INFO) Added: freq=6686 size=5700 all=461441 active=26705 piece=lášť
bpe_model_trainer.cc(159) LOG(INFO) Updating active symbols. max_freq=6685 min_freq=860
bpe_model_trainer.cc(268) LOG(INFO) Added: freq=6659 size=5720 all=462873 active=24474 piece=▁závěru
bpe_model_trainer.cc(268) LOG(INFO) Added: freq=6643 size=5740 all=463645 active=25246 piece=▁metody
bpe_model_trainer.cc(268) LOG(INFO) Added: freq=6624 size=5760 all=464364 active=25965 piece=laci
bpe_model_trainer.cc(268) LOG(INFO) Added: freq=6591 size=5780 all=465014 active=26615 piece=lovat
bpe_model_trainer.cc(268) LOG(INFO) Added: freq=6544 size=5800 all=466247 active=27848 piece=▁Spe
bpe_model_trainer.cc(159) LOG(INFO) Updating active symbols. max_freq=6543 min_freq=845
bpe_model_trainer.cc(268) LOG(INFO) Added: freq=6519 size=5820 all=468251 active=25261 piece=▁sklad
bpe_model_trainer.cc(268) LOG(INFO) Added: freq=6496 size=5840 all=469735 active=26745 piece=níky
bpe_model_trainer.cc(268) LOG(INFO) Added: freq=6466 size=5860 all=470596 active=27606 piece=rost
bpe_model_trainer.cc(268) LOG(INFO) Added: freq=6435 size=5880 all=472585 active=29595 piece=our
bpe_model_trainer.cc(268) LOG(INFO) Added: freq=6401 size=5900 all=474053 active=31063 piece=dikat
bpe_model_trainer.cc(159) LOG(INFO) Updating active symbols. max_freq=6398 min_freq=824
bpe_model_trainer.cc(268) LOG(INFO) Added: freq=6358 size=5920 all=474467 active=24105 piece=tip
bpe_model_trainer.cc(268) LOG(INFO) Added: freq=6328 size=5940 all=475581 active=25219 piece=▁23.
bpe_model_trainer.cc(268) LOG(INFO) Added: freq=6301 size=5960 all=476635 active=26273 piece=▁zdravot
bpe_model_trainer.cc(268) LOG(INFO) Added: freq=6272 size=5980 all=477859 active=27497 piece=▁Hen
bpe_model_trainer.cc(268) LOG(INFO) Added: freq=6256 size=6000 all=478608 active=28246 piece=://
bpe_model_trainer.cc(159) LOG(INFO) Updating active symbols. max_freq=6256 min_freq=811
bpe_model_trainer.cc(268) LOG(INFO) Added: freq=6235 size=6020 all=479414 active=24724 piece=▁vysoce
bpe_model_trainer.cc(268) LOG(INFO) Added: freq=6205 size=6040 all=480627 active=25937 piece=čtě
bpe_model_trainer.cc(268) LOG(INFO) Added: freq=6171 size=6060 all=481571 active=26881 piece=▁sně
bpe_model_trainer.cc(268) LOG(INFO) Added: freq=6139 size=6080 all=482345 active=27655 piece=▁plné
bpe_model_trainer.cc(268) LOG(INFO) Added: freq=6104 size=6100 all=483363 active=28673 piece=▁Evropskou
bpe_model_trainer.cc(159) LOG(INFO) Updating active symbols. max_freq=6101 min_freq=798
bpe_model_trainer.cc(268) LOG(INFO) Added: freq=6079 size=6120 all=484113 active=24919 piece=▁vnější
bpe_model_trainer.cc(268) LOG(INFO) Added: freq=6048 size=6140 all=484966 active=25772 piece=▁infrastruktury
bpe_model_trainer.cc(268) LOG(INFO) Added: freq=6019 size=6160 all=485460 active=26266 piece=▁pánové
bpe_model_trainer.cc(268) LOG(INFO) Added: freq=5996 size=6180 all=486877 active=27683 piece=▁..
bpe_model_trainer.cc(268) LOG(INFO) Added: freq=5966 size=6200 all=488115 active=28921 piece=▁považuje
bpe_model_trainer.cc(159) LOG(INFO) Updating active symbols. max_freq=5962 min_freq=784
bpe_model_trainer.cc(268) LOG(INFO) Added: freq=5929 size=6220 all=489064 active=25355 piece=ong
bpe_model_trainer.cc(268) LOG(INFO) Added: freq=5901 size=6240 all=490079 active=26370 piece=pili
bpe_model_trainer.cc(268) LOG(INFO) Added: freq=5874 size=6260 all=491551 active=27842 piece=rea
bpe_model_trainer.cc(268) LOG(INFO) Added: freq=5843 size=6280 all=493124 active=29415 piece=▁původním
bpe_model_trainer.cc(268) LOG(INFO) Added: freq=5826 size=6300 all=493742 active=30033 piece=16
bpe_model_trainer.cc(159) LOG(INFO) Updating active symbols. max_freq=5826 min_freq=767
bpe_model_trainer.cc(268) LOG(INFO) Added: freq=5794 size=6320 all=495383 active=26076 piece=tury
bpe_model_trainer.cc(268) LOG(INFO) Added: freq=5768 size=6340 all=496602 active=27295 piece=▁politické
bpe_model_trainer.cc(268) LOG(INFO) Added: freq=5744 size=6360 all=497516 active=28209 piece=Fi
bpe_model_trainer.cc(268) LOG(INFO) Added: freq=5724 size=6380 all=498749 active=29442 piece=▁bože
bpe_model_trainer.cc(268) LOG(INFO) Added: freq=5698 size=6400 all=499314 active=30007 piece=17
bpe_model_trainer.cc(159) LOG(INFO) Updating active symbols. max_freq=5698 min_freq=753
bpe_model_trainer.cc(268) LOG(INFO) Added: freq=5676 size=6420 all=500899 active=26301 piece=▁44
bpe_model_trainer.cc(268) LOG(INFO) Added: freq=5656 size=6440 all=501462 active=26864 piece=▁NAŘÍZENÍ
bpe_model_trainer.cc(268) LOG(INFO) Added: freq=5629 size=6460 all=502828 active=28230 piece=▁účinek
bpe_model_trainer.cc(268) LOG(INFO) Added: freq=5609 size=6480 all=503514 active=28916 piece=▁elektř
bpe_model_trainer.cc(268) LOG(INFO) Added: freq=5573 size=6500 all=504154 active=29556 piece=razit
bpe_model_trainer.cc(159) LOG(INFO) Updating active symbols. max_freq=5573 min_freq=742
bpe_model_trainer.cc(268) LOG(INFO) Added: freq=5555 size=6520 all=504558 active=25538 piece=▁pomůže
bpe_model_trainer.cc(268) LOG(INFO) Added: freq=5529 size=6540 all=505650 active=26630 piece=▁Zvláštní
bpe_model_trainer.cc(268) LOG(INFO) Added: freq=5509 size=6560 all=506778 active=27758 piece=▁Jdeme
bpe_model_trainer.cc(268) LOG(INFO) Added: freq=5481 size=6580 all=508304 active=29284 piece=▁hovo
bpe_model_trainer.cc(268) LOG(INFO) Added: freq=5451 size=6600 all=509178 active=30158 piece=chal
bpe_model_trainer.cc(159) LOG(INFO) Updating active symbols. max_freq=5449 min_freq=729
bpe_model_trainer.cc(268) LOG(INFO) Added: freq=5429 size=6620 all=510037 active=26134 piece=▁poskytnutí
bpe_model_trainer.cc(268) LOG(INFO) Added: freq=5413 size=6640 all=511298 active=27395 piece=řený
bpe_model_trainer.cc(268) LOG(INFO) Added: freq=5379 size=6660 all=512115 active=28212 piece=▁reag
bpe_model_trainer.cc(268) LOG(INFO) Added: freq=5362 size=6680 all=513006 active=29103 piece=▁Tři
bpe_model_trainer.cc(268) LOG(INFO) Added: freq=5342 size=6700 all=513572 active=29669 piece=tika
bpe_model_trainer.cc(159) LOG(INFO) Updating active symbols. max_freq=5340 min_freq=718
bpe_model_trainer.cc(268) LOG(INFO) Added: freq=5324 size=6720 all=514599 active=26591 piece=▁selh
bpe_model_trainer.cc(268) LOG(INFO) Added: freq=5305 size=6740 all=515461 active=27453 piece=bila
bpe_model_trainer.cc(268) LOG(INFO) Added: freq=5288 size=6760 all=516436 active=28428 piece=▁Náš
bpe_model_trainer.cc(268) LOG(INFO) Added: freq=5270 size=6780 all=517582 active=29574 piece=▁Don
bpe_model_trainer.cc(268) LOG(INFO) Added: freq=5255 size=6800 all=518748 active=30740 piece=▁stránku
bpe_model_trainer.cc(159) LOG(INFO) Updating active symbols. max_freq=5252 min_freq=705
bpe_model_trainer.cc(268) LOG(INFO) Added: freq=5237 size=6820 all=519803 active=26991 piece=▁odchy
bpe_model_trainer.cc(268) LOG(INFO) Added: freq=5217 size=6840 all=520620 active=27808 piece=číst
bpe_model_trainer.cc(268) LOG(INFO) Added: freq=5190 size=6860 all=521797 active=28985 piece=▁prote
bpe_model_trainer.cc(268) LOG(INFO) Added: freq=5167 size=6880 all=523321 active=30509 piece=▁zpří
bpe_model_trainer.cc(268) LOG(INFO) Added: freq=5143 size=6900 all=524189 active=31377 piece=▁douf
bpe_model_trainer.cc(159) LOG(INFO) Updating active symbols. max_freq=5143 min_freq=693
bpe_model_trainer.cc(268) LOG(INFO) Added: freq=5125 size=6920 all=525405 active=27409 piece=.)
bpe_model_trainer.cc(268) LOG(INFO) Added: freq=5102 size=6940 all=526530 active=28534 piece=▁Jedná
bpe_model_trainer.cc(268) LOG(INFO) Added: freq=5080 size=6960 all=527887 active=29891 piece=▁195
bpe_model_trainer.cc(268) LOG(INFO) Added: freq=5065 size=6980 all=528998 active=31002 piece=zeny
bpe_model_trainer.cc(268) LOG(INFO) Added: freq=5042 size=7000 all=529807 active=31811 piece=▁sílu
bpe_model_trainer.cc(159) LOG(INFO) Updating active symbols. max_freq=5042 min_freq=680
bpe_model_trainer.cc(268) LOG(INFO) Added: freq=5017 size=7020 all=530309 active=26992 piece=ách
bpe_model_trainer.cc(268) LOG(INFO) Added: freq=4997 size=7040 all=531090 active=27773 piece=▁závis
bpe_model_trainer.cc(268) LOG(INFO) Added: freq=4984 size=7060 all=531691 active=28374 piece=▁staré
bpe_model_trainer.cc(268) LOG(INFO) Added: freq=4968 size=7080 all=532611 active=29294 piece=▁Výsled
bpe_model_trainer.cc(268) LOG(INFO) Added: freq=4954 size=7100 all=533140 active=29823 piece=ish
bpe_model_trainer.cc(159) LOG(INFO) Updating active symbols. max_freq=4954 min_freq=670
bpe_model_trainer.cc(268) LOG(INFO) Added: freq=4940 size=7120 all=534762 active=28078 piece=DA
bpe_model_trainer.cc(268) LOG(INFO) Added: freq=4917 size=7140 all=535656 active=28972 piece=▁poro
bpe_model_trainer.cc(268) LOG(INFO) Added: freq=4902 size=7160 all=536572 active=29888 piece=▁imu
bpe_model_trainer.cc(268) LOG(INFO) Added: freq=4875 size=7180 all=537271 active=30587 piece=▁Jedin
bpe_model_trainer.cc(268) LOG(INFO) Added: freq=4856 size=7200 all=538183 active=31499 piece=▁potřebuju
bpe_model_trainer.cc(159) LOG(INFO) Updating active symbols. max_freq=4855 min_freq=660
bpe_model_trainer.cc(268) LOG(INFO) Added: freq=4839 size=7220 all=538929 active=27651 piece=▁kontaktu
bpe_model_trainer.cc(268) LOG(INFO) Added: freq=4821 size=7240 all=539976 active=28698 piece=▁vyplývající
bpe_model_trainer.cc(268) LOG(INFO) Added: freq=4803 size=7260 all=541680 active=30402 piece=▁pej
bpe_model_trainer.cc(268) LOG(INFO) Added: freq=4792 size=7280 all=542467 active=31189 piece=▁Evropským
bpe_model_trainer.cc(268) LOG(INFO) Added: freq=4773 size=7300 all=543612 active=32334 piece=▁dohromady
bpe_model_trainer.cc(159) LOG(INFO) Updating active symbols. max_freq=4772 min_freq=648
bpe_model_trainer.cc(268) LOG(INFO) Added: freq=4756 size=7320 all=544264 active=27832 piece=▁zpravodaj
bpe_model_trainer.cc(268) LOG(INFO) Added: freq=4734 size=7340 all=545362 active=28930 piece=▁novin
bpe_model_trainer.cc(268) LOG(INFO) Added: freq=4718 size=7360 all=546385 active=29953 piece=tily
bpe_model_trainer.cc(268) LOG(INFO) Added: freq=4697 size=7380 all=547179 active=30747 piece=lách
bpe_model_trainer.cc(268) LOG(INFO) Added: freq=4680 size=7400 all=548225 active=31793 piece=▁vychází
bpe_model_trainer.cc(159) LOG(INFO) Updating active symbols. max_freq=4679 min_freq=638
bpe_model_trainer.cc(268) LOG(INFO) Added: freq=4668 size=7420 all=548647 active=27831 piece=▁kombin
bpe_model_trainer.cc(268) LOG(INFO) Added: freq=4650 size=7440 all=549856 active=29040 piece=▁neměli
bpe_model_trainer.cc(268) LOG(INFO) Added: freq=4632 size=7460 all=550303 active=29487 piece=▁ukázat
bpe_model_trainer.cc(268) LOG(INFO) Added: freq=4617 size=7480 all=551021 active=30205 piece=▁léčivé
bpe_model_trainer.cc(268) LOG(INFO) Added: freq=4597 size=7500 all=552003 active=31187 piece=▁svěd
bpe_model_trainer.cc(159) LOG(INFO) Updating active symbols. max_freq=4596 min_freq=631
bpe_model_trainer.cc(268) LOG(INFO) Added: freq=4582 size=7520 all=552688 active=28261 piece=▁strategii
bpe_model_trainer.cc(268) LOG(INFO) Added: freq=4562 size=7540 all=553450 active=29023 piece=▁schopen
bpe_model_trainer.cc(268) LOG(INFO) Added: freq=4549 size=7560 all=554344 active=29917 piece=▁zvě
bpe_model_trainer.cc(268) LOG(INFO) Added: freq=4528 size=7580 all=554842 active=30415 piece=▁vypla
bpe_model_trainer.cc(268) LOG(INFO) Added: freq=4502 size=7600 all=556133 active=31706 piece=pri
bpe_model_trainer.cc(159) LOG(INFO) Updating active symbols. max_freq=4502 min_freq=622
bpe_model_trainer.cc(268) LOG(INFO) Added: freq=4491 size=7620 all=557402 active=28782 piece=▁porovnání
bpe_model_trainer.cc(268) LOG(INFO) Added: freq=4475 size=7640 all=558876 active=30256 piece=▁praxi
bpe_model_trainer.cc(268) LOG(INFO) Added: freq=4462 size=7660 all=559644 active=31024 piece=▁Hodně
bpe_model_trainer.cc(268) LOG(INFO) Added: freq=4448 size=7680 all=560255 active=31635 piece=ved
bpe_model_trainer.cc(268) LOG(INFO) Added: freq=4438 size=7700 all=561334 active=32714 piece=▁povz
bpe_model_trainer.cc(159) LOG(INFO) Updating active symbols. max_freq=4436 min_freq=613
bpe_model_trainer.cc(268) LOG(INFO) Added: freq=4423 size=7720 all=562145 active=28862 piece=šíš
bpe_model_trainer.cc(268) LOG(INFO) Added: freq=4411 size=7740 all=563435 active=30152 piece=čemu
bpe_model_trainer.cc(268) LOG(INFO) Added: freq=4399 size=7760 all=564456 active=31173 piece=▁členem
bpe_model_trainer.cc(268) LOG(INFO) Added: freq=4378 size=7780 all=565062 active=31779 piece=▁přistoupení
bpe_model_trainer.cc(268) LOG(INFO) Added: freq=4361 size=7800 all=565594 active=32311 piece=▁energii
bpe_model_trainer.cc(159) LOG(INFO) Updating active symbols. max_freq=4361 min_freq=604
bpe_model_trainer.cc(268) LOG(INFO) Added: freq=4345 size=7820 all=566358 active=29043 piece=▁očima
bpe_model_trainer.cc(268) LOG(INFO) Added: freq=4326 size=7840 all=566832 active=29517 piece=▁Sal
bpe_model_trainer.cc(268) LOG(INFO) Added: freq=4312 size=7860 all=567892 active=30577 piece=▁nemohla
bpe_model_trainer.cc(268) LOG(INFO) Added: freq=4298 size=7880 all=569462 active=32147 piece=trvá
trainer_interface.cc(689) LOG(INFO) Saving model: cz-bpe-8000.model
trainer_interface.cc(701) LOG(INFO) Saving vocabs: cz-bpe-8000.vocab
INFO:root:Trained SentencePiece model for cz with 8000 words
sentencepiece_trainer.cc(178) LOG(INFO) Running command: --input=/home/zhidhu/shares/cz-en/data/raw/train.en --model_prefix=en-bpe-8000 --pad_id=3 --vocab_size=8000 --model_type=bpe --unk_piece=<unk> --bos_piece=<s> --eos_piece=</s> --pad_piece=<pad>
sentencepiece_trainer.cc(78) LOG(INFO) Starts training with : 
trainer_spec {
  input: /home/zhidhu/shares/cz-en/data/raw/train.en
  input_format: 
  model_prefix: en-bpe-8000
  model_type: BPE
  vocab_size: 8000
  self_test_sample_size: 0
  character_coverage: 0.9995
  input_sentence_size: 0
  shuffle_input_sentence: 1
  seed_sentencepiece_size: 1000000
  shrinking_factor: 0.75
  max_sentence_length: 4192
  num_threads: 16
  num_sub_iterations: 2
  max_sentencepiece_length: 16
  split_by_unicode_script: 1
  split_by_number: 1
  split_by_whitespace: 1
  split_digits: 0
  pretokenization_delimiter: 
  treat_whitespace_as_suffix: 0
  allow_whitespace_only_pieces: 0
  required_chars: 
  byte_fallback: 0
  vocabulary_output_piece_score: 1
  train_extremely_large_corpus: 0
  seed_sentencepieces_file: 
  hard_vocab_limit: 1
  use_all_vocab: 0
  unk_id: 0
  bos_id: 1
  eos_id: 2
  pad_id: 3
  unk_piece: <unk>
  bos_piece: <s>
  eos_piece: </s>
  pad_piece: <pad>
  unk_surface:  ⁇ 
  enable_differential_privacy: 0
  differential_privacy_noise_level: 0
  differential_privacy_clipping_threshold: 0
}
normalizer_spec {
  name: nmt_nfkc
  add_dummy_prefix: 1
  remove_extra_whitespaces: 1
  escape_whitespaces: 1
  normalization_rule_tsv: 
}
denormalizer_spec {}
trainer_interface.cc(355) LOG(INFO) SentenceIterator is not specified. Using MultiFileSentenceIterator.
trainer_interface.cc(186) LOG(INFO) Loading corpus: /home/zhidhu/shares/cz-en/data/raw/train.en
trainer_interface.cc(148) LOG(INFO) Loaded 1000000 lines
trainer_interface.cc(148) LOG(INFO) Loaded 2000000 lines
trainer_interface.cc(148) LOG(INFO) Loaded 3000000 lines
trainer_interface.cc(148) LOG(INFO) Loaded 4000000 lines
trainer_interface.cc(148) LOG(INFO) Loaded 5000000 lines
trainer_interface.cc(148) LOG(INFO) Loaded 6000000 lines
trainer_interface.cc(148) LOG(INFO) Loaded 7000000 lines
trainer_interface.cc(148) LOG(INFO) Loaded 8000000 lines
trainer_interface.cc(148) LOG(INFO) Loaded 9000000 lines
trainer_interface.cc(148) LOG(INFO) Loaded 10000000 lines
trainer_interface.cc(125) LOG(WARNING) Too many sentences are loaded! (10000000), which may slow down training.
trainer_interface.cc(127) LOG(WARNING) Consider using --input_sentence_size=<size> and --shuffle_input_sentence=true.
trainer_interface.cc(130) LOG(WARNING) They allow to randomly sample <size> sentences from the entire corpus.
trainer_interface.cc(411) LOG(INFO) Loaded all 10000000 sentences
trainer_interface.cc(427) LOG(INFO) Adding meta_piece: <unk>
trainer_interface.cc(427) LOG(INFO) Adding meta_piece: <s>
trainer_interface.cc(427) LOG(INFO) Adding meta_piece: </s>
trainer_interface.cc(427) LOG(INFO) Adding meta_piece: <pad>
trainer_interface.cc(432) LOG(INFO) Normalizing sentences...
trainer_interface.cc(541) LOG(INFO) all chars count=681457078
trainer_interface.cc(552) LOG(INFO) Done: 99.9514% characters are covered.
trainer_interface.cc(562) LOG(INFO) Alphabet size=93
trainer_interface.cc(563) LOG(INFO) Final character coverage=0.999514
trainer_interface.cc(594) LOG(INFO) Done! preprocessed 10000000 sentences.
trainer_interface.cc(600) LOG(INFO) Tokenizing input sentences with whitespace: 10000000
trainer_interface.cc(611) LOG(INFO) Done! 2186127
bpe_model_trainer.cc(159) LOG(INFO) Updating active symbols. max_freq=14507063 min_freq=9157
bpe_model_trainer.cc(268) LOG(INFO) Added: freq=3912982 size=20 all=6167 active=2806 piece=▁b
bpe_model_trainer.cc(268) LOG(INFO) Added: freq=2432868 size=40 all=8174 active=4813 piece=▁h
bpe_model_trainer.cc(268) LOG(INFO) Added: freq=1509970 size=60 all=10233 active=6872 piece=▁C
bpe_model_trainer.cc(268) LOG(INFO) Added: freq=1060974 size=80 all=12801 active=9440 piece=▁it
bpe_model_trainer.cc(268) LOG(INFO) Added: freq=804609 size=100 all=15419 active=12058 piece=▁con
bpe_model_trainer.cc(159) LOG(INFO) Updating active symbols. max_freq=796820 min_freq=64541
bpe_model_trainer.cc(268) LOG(INFO) Added: freq=662699 size=120 all=17808 active=3342 piece=▁R
bpe_model_trainer.cc(268) LOG(INFO) Added: freq=578026 size=140 all=20173 active=5707 piece=ck
bpe_model_trainer.cc(268) LOG(INFO) Added: freq=505344 size=160 all=23157 active=8691 piece=ity
bpe_model_trainer.cc(268) LOG(INFO) Added: freq=448552 size=180 all=26812 active=12346 piece=op
bpe_model_trainer.cc(268) LOG(INFO) Added: freq=368604 size=200 all=30186 active=15720 piece=▁can
bpe_model_trainer.cc(159) LOG(INFO) Updating active symbols. max_freq=368337 min_freq=36594
bpe_model_trainer.cc(268) LOG(INFO) Added: freq=318424 size=220 all=32975 active=4248 piece=pt
bpe_model_trainer.cc(268) LOG(INFO) Added: freq=293075 size=240 all=35639 active=6912 piece=▁ad
bpe_model_trainer.cc(268) LOG(INFO) Added: freq=268912 size=260 all=38488 active=9761 piece=ake
bpe_model_trainer.cc(268) LOG(INFO) Added: freq=246239 size=280 all=41391 active=12664 piece=▁co
bpe_model_trainer.cc(268) LOG(INFO) Added: freq=229691 size=300 all=44411 active=15684 piece=▁him
bpe_model_trainer.cc(159) LOG(INFO) Updating active symbols. max_freq=228059 min_freq=21538
bpe_model_trainer.cc(268) LOG(INFO) Added: freq=213699 size=320 all=46544 active=4309 piece=▁has
bpe_model_trainer.cc(268) LOG(INFO) Added: freq=198643 size=340 all=49301 active=7066 piece=ark
bpe_model_trainer.cc(268) LOG(INFO) Added: freq=185071 size=360 all=51856 active=9621 piece=▁dis
bpe_model_trainer.cc(268) LOG(INFO) Added: freq=172409 size=380 all=54361 active=12126 piece=▁their
bpe_model_trainer.cc(268) LOG(INFO) Added: freq=163389 size=400 all=56891 active=14656 piece=▁fo
bpe_model_trainer.cc(159) LOG(INFO) Updating active symbols. max_freq=162451 min_freq=14961
bpe_model_trainer.cc(268) LOG(INFO) Added: freq=153044 size=420 all=59664 active=5569 piece=▁produ
bpe_model_trainer.cc(268) LOG(INFO) Added: freq=143365 size=440 all=62033 active=7938 piece=ne
bpe_model_trainer.cc(268) LOG(INFO) Added: freq=136514 size=460 all=64931 active=10836 piece=▁sc
bpe_model_trainer.cc(268) LOG(INFO) Added: freq=128112 size=480 all=67151 active=13056 piece=▁said
bpe_model_trainer.cc(268) LOG(INFO) Added: freq=119746 size=500 all=69907 active=15812 piece=▁comm
bpe_model_trainer.cc(159) LOG(INFO) Updating active symbols. max_freq=119661 min_freq=10861
bpe_model_trainer.cc(268) LOG(INFO) Added: freq=115451 size=520 all=71470 active=5019 piece=ater
bpe_model_trainer.cc(268) LOG(INFO) Added: freq=109683 size=540 all=73574 active=7123 piece=ert
bpe_model_trainer.cc(268) LOG(INFO) Added: freq=105748 size=560 all=76165 active=9714 piece=▁take
bpe_model_trainer.cc(268) LOG(INFO) Added: freq=101359 size=580 all=78320 active=11869 piece=te
bpe_model_trainer.cc(268) LOG(INFO) Added: freq=95937 size=600 all=80236 active=13785 piece=▁conc
bpe_model_trainer.cc(159) LOG(INFO) Updating active symbols. max_freq=95828 min_freq=8893
bpe_model_trainer.cc(268) LOG(INFO) Added: freq=92594 size=620 all=81695 active=5438 piece=xt
bpe_model_trainer.cc(268) LOG(INFO) Added: freq=89077 size=640 all=84039 active=7782 piece=▁des
bpe_model_trainer.cc(268) LOG(INFO) Added: freq=85824 size=660 all=85920 active=9663 piece=ener
bpe_model_trainer.cc(268) LOG(INFO) Added: freq=83199 size=680 all=87132 active=10875 piece=▁made
bpe_model_trainer.cc(268) LOG(INFO) Added: freq=80248 size=700 all=89061 active=12804 piece=▁ev
bpe_model_trainer.cc(159) LOG(INFO) Updating active symbols. max_freq=80011 min_freq=7511
bpe_model_trainer.cc(268) LOG(INFO) Added: freq=77142 size=720 all=90706 active=6051 piece=▁well
bpe_model_trainer.cc(268) LOG(INFO) Added: freq=73998 size=740 all=92478 active=7823 piece=▁Sh
bpe_model_trainer.cc(268) LOG(INFO) Added: freq=71625 size=760 all=94724 active=10069 piece=▁Yes
bpe_model_trainer.cc(268) LOG(INFO) Added: freq=69415 size=780 all=96217 active=11562 piece=cept
bpe_model_trainer.cc(268) LOG(INFO) Added: freq=67561 size=800 all=97596 active=12941 piece=ittle
bpe_model_trainer.cc(159) LOG(INFO) Updating active symbols. max_freq=67277 min_freq=6470
bpe_model_trainer.cc(268) LOG(INFO) Added: freq=65006 size=820 all=99284 active=6505 piece=conom
bpe_model_trainer.cc(268) LOG(INFO) Added: freq=62936 size=840 all=100734 active=7955 piece=erg
bpe_model_trainer.cc(268) LOG(INFO) Added: freq=60910 size=860 all=102847 active=10068 piece=▁same
bpe_model_trainer.cc(268) LOG(INFO) Added: freq=58702 size=880 all=105319 active=12540 piece=bers
bpe_model_trainer.cc(268) LOG(INFO) Added: freq=57314 size=900 all=106683 active=13904 piece=▁To
bpe_model_trainer.cc(159) LOG(INFO) Updating active symbols. max_freq=57313 min_freq=5563
bpe_model_trainer.cc(268) LOG(INFO) Added: freq=56134 size=920 all=108180 active=6753 piece=ished
bpe_model_trainer.cc(268) LOG(INFO) Added: freq=54643 size=940 all=110047 active=8620 piece=▁sec
bpe_model_trainer.cc(268) LOG(INFO) Added: freq=53416 size=960 all=111339 active=9912 piece=▁bus
bpe_model_trainer.cc(268) LOG(INFO) Added: freq=52236 size=980 all=112924 active=11497 piece=▁following
bpe_model_trainer.cc(268) LOG(INFO) Added: freq=50791 size=1000 all=113968 active=12541 piece=▁Ex
bpe_model_trainer.cc(159) LOG(INFO) Updating active symbols. max_freq=50776 min_freq=4966
bpe_model_trainer.cc(268) LOG(INFO) Added: freq=49537 size=1020 all=116055 active=7698 piece=▁resp
bpe_model_trainer.cc(268) LOG(INFO) Added: freq=48480 size=1040 all=117318 active=8961 piece=▁mod
bpe_model_trainer.cc(268) LOG(INFO) Added: freq=47712 size=1060 all=118546 active=10189 piece=hip
bpe_model_trainer.cc(268) LOG(INFO) Added: freq=46750 size=1080 all=119974 active=11617 piece=▁why
bpe_model_trainer.cc(268) LOG(INFO) Added: freq=45576 size=1100 all=121006 active=12649 piece=▁Go
bpe_model_trainer.cc(159) LOG(INFO) Updating active symbols. max_freq=45568 min_freq=4497
bpe_model_trainer.cc(268) LOG(INFO) Added: freq=44872 size=1120 all=122578 active=7538 piece=▁paragraph
bpe_model_trainer.cc(268) LOG(INFO) Added: freq=43957 size=1140 all=123637 active=8597 piece=eration
bpe_model_trainer.cc(268) LOG(INFO) Added: freq=42729 size=1160 all=125058 active=10018 piece=▁process
bpe_model_trainer.cc(268) LOG(INFO) Added: freq=41770 size=1180 all=126279 active=11239 piece=minist
bpe_model_trainer.cc(268) LOG(INFO) Added: freq=40876 size=1200 all=127233 active=12193 piece=▁rules
bpe_model_trainer.cc(159) LOG(INFO) Updating active symbols. max_freq=40860 min_freq=4116
bpe_model_trainer.cc(268) LOG(INFO) Added: freq=39884 size=1220 all=128758 active=7881 piece=▁programm
bpe_model_trainer.cc(268) LOG(INFO) Added: freq=39346 size=1240 all=130087 active=9210 piece=cing
bpe_model_trainer.cc(268) LOG(INFO) Added: freq=38665 size=1260 all=133051 active=12174 piece=▁question
bpe_model_trainer.cc(268) LOG(INFO) Added: freq=38026 size=1280 all=134248 active=13371 piece=▁prom
bpe_model_trainer.cc(268) LOG(INFO) Added: freq=37331 size=1300 all=136455 active=15578 piece=ets
bpe_model_trainer.cc(159) LOG(INFO) Updating active symbols. max_freq=37304 min_freq=3659
bpe_model_trainer.cc(268) LOG(INFO) Added: freq=36456 size=1320 all=137987 active=8116 piece=ER
bpe_model_trainer.cc(268) LOG(INFO) Added: freq=35512 size=1340 all=139125 active=9254 piece=ential
bpe_model_trainer.cc(268) LOG(INFO) Added: freq=34964 size=1360 all=140219 active=10348 piece=▁okay
bpe_model_trainer.cc(268) LOG(INFO) Added: freq=34462 size=1380 all=142153 active=12282 piece=▁prof
bpe_model_trainer.cc(268) LOG(INFO) Added: freq=33868 size=1400 all=143217 active=13346 piece=▁basis
bpe_model_trainer.cc(159) LOG(INFO) Updating active symbols. max_freq=33839 min_freq=3379
bpe_model_trainer.cc(268) LOG(INFO) Added: freq=33281 size=1420 all=144515 active=8457 piece=▁elect
bpe_model_trainer.cc(268) LOG(INFO) Added: freq=32894 size=1440 all=145613 active=9555 piece=ster
bpe_model_trainer.cc(268) LOG(INFO) Added: freq=32165 size=1460 all=146662 active=10604 piece=ex
bpe_model_trainer.cc(268) LOG(INFO) Added: freq=31668 size=1480 all=147713 active=11655 piece=eng
bpe_model_trainer.cc(268) LOG(INFO) Added: freq=30969 size=1500 all=149769 active=13711 piece=▁dr
bpe_model_trainer.cc(159) LOG(INFO) Updating active symbols. max_freq=30945 min_freq=3133
bpe_model_trainer.cc(268) LOG(INFO) Added: freq=30549 size=1520 all=150905 active=8585 piece=▁cannot
bpe_model_trainer.cc(268) LOG(INFO) Added: freq=30140 size=1540 all=152451 active=10131 piece=▁indic
bpe_model_trainer.cc(268) LOG(INFO) Added: freq=29757 size=1560 all=152860 active=10540 piece=▁family
bpe_model_trainer.cc(268) LOG(INFO) Added: freq=29337 size=1580 all=154030 active=11710 piece=▁rights
bpe_model_trainer.cc(268) LOG(INFO) Added: freq=28775 size=1600 all=155369 active=13049 piece=▁taking
bpe_model_trainer.cc(159) LOG(INFO) Updating active symbols. max_freq=28753 min_freq=2912
bpe_model_trainer.cc(268) LOG(INFO) Added: freq=28350 size=1620 all=157152 active=9536 piece=▁face
bpe_model_trainer.cc(268) LOG(INFO) Added: freq=27935 size=1640 all=158844 active=11228 piece=aving
bpe_model_trainer.cc(268) LOG(INFO) Added: freq=27559 size=1660 all=160001 active=12385 piece=▁Germ
bpe_model_trainer.cc(268) LOG(INFO) Added: freq=27149 size=1680 all=161077 active=13461 piece=▁environment
bpe_model_trainer.cc(268) LOG(INFO) Added: freq=26785 size=1700 all=162213 active=14597 piece=rag
bpe_model_trainer.cc(159) LOG(INFO) Updating active symbols. max_freq=26780 min_freq=2694
bpe_model_trainer.cc(268) LOG(INFO) Added: freq=26264 size=1720 all=163678 active=9343 piece=▁Gu
bpe_model_trainer.cc(268) LOG(INFO) Added: freq=25708 size=1740 all=165251 active=10916 piece=-1
bpe_model_trainer.cc(268) LOG(INFO) Added: freq=25317 size=1760 all=166246 active=11911 piece=▁2009
bpe_model_trainer.cc(268) LOG(INFO) Added: freq=24911 size=1780 all=167502 active=13167 piece=▁anim
bpe_model_trainer.cc(268) LOG(INFO) Added: freq=24737 size=1800 all=169029 active=14694 piece=▁Some
bpe_model_trainer.cc(159) LOG(INFO) Updating active symbols. max_freq=24727 min_freq=2502
bpe_model_trainer.cc(268) LOG(INFO) Added: freq=24391 size=1820 all=170252 active=9662 piece=▁bed
bpe_model_trainer.cc(268) LOG(INFO) Added: freq=23817 size=1840 all=171830 active=11240 piece=▁review
bpe_model_trainer.cc(268) LOG(INFO) Added: freq=23560 size=1860 all=173034 active=12444 piece=inion
bpe_model_trainer.cc(268) LOG(INFO) Added: freq=23326 size=1880 all=173548 active=12958 piece=▁woman
bpe_model_trainer.cc(268) LOG(INFO) Added: freq=23049 size=1900 all=174223 active=13633 piece=▁tri
bpe_model_trainer.cc(159) LOG(INFO) Updating active symbols. max_freq=23036 min_freq=2356
bpe_model_trainer.cc(268) LOG(INFO) Added: freq=22622 size=1920 all=175237 active=9661 piece=▁pain
bpe_model_trainer.cc(268) LOG(INFO) Added: freq=22209 size=1940 all=176108 active=10532 piece=hic
bpe_model_trainer.cc(268) LOG(INFO) Added: freq=21816 size=1960 all=177107 active=11531 piece=oid
bpe_model_trainer.cc(268) LOG(INFO) Added: freq=21593 size=1980 all=178394 active=12818 piece=▁aut
bpe_model_trainer.cc(268) LOG(INFO) Added: freq=21442 size=2000 all=179948 active=14372 piece=rict
bpe_model_trainer.cc(159) LOG(INFO) Updating active symbols. max_freq=21440 min_freq=2214
bpe_model_trainer.cc(268) LOG(INFO) Added: freq=21184 size=2020 all=180994 active=10005 piece=▁Chat
bpe_model_trainer.cc(268) LOG(INFO) Added: freq=20948 size=2040 all=182098 active=11109 piece=▁Hot
bpe_model_trainer.cc(268) LOG(INFO) Added: freq=20706 size=2060 all=182559 active=11570 piece=▁looked
bpe_model_trainer.cc(268) LOG(INFO) Added: freq=20483 size=2080 all=183567 active=12578 piece=▁Journal
bpe_model_trainer.cc(268) LOG(INFO) Added: freq=20274 size=2100 all=184158 active=13169 piece=ivil
bpe_model_trainer.cc(159) LOG(INFO) Updating active symbols. max_freq=20266 min_freq=2114
bpe_model_trainer.cc(268) LOG(INFO) Added: freq=20012 size=2120 all=185364 active=10374 piece=▁vol
bpe_model_trainer.cc(268) LOG(INFO) Added: freq=19785 size=2140 all=186534 active=11544 piece=ying
bpe_model_trainer.cc(268) LOG(INFO) Added: freq=19617 size=2160 all=187409 active=12419 piece=You
bpe_model_trainer.cc(268) LOG(INFO) Added: freq=19444 size=2180 all=188694 active=13704 piece=▁abs
bpe_model_trainer.cc(268) LOG(INFO) Added: freq=19275 size=2200 all=189646 active=14656 piece=▁Bar
bpe_model_trainer.cc(159) LOG(INFO) Updating active symbols. max_freq=19267 min_freq=1999
bpe_model_trainer.cc(268) LOG(INFO) Added: freq=19059 size=2220 all=190619 active=10315 piece=▁stock
bpe_model_trainer.cc(268) LOG(INFO) Added: freq=18797 size=2240 all=191877 active=11573 piece=ided
bpe_model_trainer.cc(268) LOG(INFO) Added: freq=18573 size=2260 all=192971 active=12667 piece=ley
bpe_model_trainer.cc(268) LOG(INFO) Added: freq=18364 size=2280 all=193979 active=13675 piece=▁red
bpe_model_trainer.cc(268) LOG(INFO) Added: freq=18155 size=2300 all=194565 active=14261 piece=▁though
bpe_model_trainer.cc(159) LOG(INFO) Updating active symbols. max_freq=18146 min_freq=1912
bpe_model_trainer.cc(268) LOG(INFO) Added: freq=17905 size=2320 all=195525 active=10679 piece=▁26
bpe_model_trainer.cc(268) LOG(INFO) Added: freq=17721 size=2340 all=196940 active=12094 piece=▁related
bpe_model_trainer.cc(268) LOG(INFO) Added: freq=17474 size=2360 all=197793 active=12947 piece=▁norm
bpe_model_trainer.cc(268) LOG(INFO) Added: freq=17316 size=2380 all=199188 active=14342 piece=▁active
bpe_model_trainer.cc(268) LOG(INFO) Added: freq=17188 size=2400 all=200127 active=15281 piece=aur
bpe_model_trainer.cc(159) LOG(INFO) Updating active symbols. max_freq=17171 min_freq=1814
bpe_model_trainer.cc(268) LOG(INFO) Added: freq=16880 size=2420 all=202280 active=11987 piece=lick
bpe_model_trainer.cc(268) LOG(INFO) Added: freq=16709 size=2440 all=202954 active=12661 piece=▁needed
bpe_model_trainer.cc(268) LOG(INFO) Added: freq=16534 size=2460 all=203768 active=13475 piece=ef
bpe_model_trainer.cc(268) LOG(INFO) Added: freq=16329 size=2480 all=204996 active=14703 piece=partment
bpe_model_trainer.cc(268) LOG(INFO) Added: freq=16152 size=2500 all=206314 active=16021 piece=▁consult
bpe_model_trainer.cc(159) LOG(INFO) Updating active symbols. max_freq=16150 min_freq=1713
bpe_model_trainer.cc(268) LOG(INFO) Added: freq=16005 size=2520 all=208054 active=12039 piece=▁received
bpe_model_trainer.cc(268) LOG(INFO) Added: freq=15834 size=2540 all=209308 active=13293 piece=▁cell
bpe_model_trainer.cc(268) LOG(INFO) Added: freq=15747 size=2560 all=210124 active=14109 piece=▁projects
bpe_model_trainer.cc(268) LOG(INFO) Added: freq=15550 size=2580 all=211033 active=15018 piece=▁growth
bpe_model_trainer.cc(268) LOG(INFO) Added: freq=15341 size=2600 all=211831 active=15816 piece=▁territ
bpe_model_trainer.cc(159) LOG(INFO) Updating active symbols. max_freq=15332 min_freq=1626
bpe_model_trainer.cc(268) LOG(INFO) Added: freq=15202 size=2620 all=212514 active=11271 piece=▁changes
bpe_model_trainer.cc(268) LOG(INFO) Added: freq=15070 size=2640 all=213619 active=12376 piece=ief
bpe_model_trainer.cc(268) LOG(INFO) Added: freq=14954 size=2660 all=214323 active=13080 piece=unities
bpe_model_trainer.cc(268) LOG(INFO) Added: freq=14831 size=2680 all=214968 active=13725 piece=▁problems
bpe_model_trainer.cc(268) LOG(INFO) Added: freq=14670 size=2700 all=215976 active=14733 piece=▁bath
bpe_model_trainer.cc(159) LOG(INFO) Updating active symbols. max_freq=14666 min_freq=1562
bpe_model_trainer.cc(268) LOG(INFO) Added: freq=14554 size=2720 all=216898 active=11704 piece=▁EESC
bpe_model_trainer.cc(268) LOG(INFO) Added: freq=14417 size=2740 all=218530 active=13336 piece=ilt
bpe_model_trainer.cc(268) LOG(INFO) Added: freq=14307 size=2760 all=219296 active=14102 piece=XX
bpe_model_trainer.cc(268) LOG(INFO) Added: freq=14163 size=2780 all=219927 active=14733 piece=▁happy
bpe_model_trainer.cc(268) LOG(INFO) Added: freq=13983 size=2800 all=220676 active=15482 piece=illed
bpe_model_trainer.cc(159) LOG(INFO) Updating active symbols. max_freq=13979 min_freq=1498
bpe_model_trainer.cc(268) LOG(INFO) Added: freq=13821 size=2820 all=221617 active=11914 piece=rim
bpe_model_trainer.cc(268) LOG(INFO) Added: freq=13684 size=2840 all=223060 active=13357 piece=force
bpe_model_trainer.cc(268) LOG(INFO) Added: freq=13548 size=2860 all=224038 active=14335 piece=▁essential
bpe_model_trainer.cc(268) LOG(INFO) Added: freq=13433 size=2880 all=225340 active=15637 piece=ruary
bpe_model_trainer.cc(268) LOG(INFO) Added: freq=13300 size=2900 all=226053 active=16350 piece=▁*
bpe_model_trainer.cc(159) LOG(INFO) Updating active symbols. max_freq=13274 min_freq=1441
bpe_model_trainer.cc(268) LOG(INFO) Added: freq=13171 size=2920 all=226624 active=11830 piece=ATION
bpe_model_trainer.cc(268) LOG(INFO) Added: freq=12939 size=2940 all=227355 active=12561 piece=▁assistance
bpe_model_trainer.cc(268) LOG(INFO) Added: freq=12815 size=2960 all=228260 active=13466 piece=▁regional
bpe_model_trainer.cc(268) LOG(INFO) Added: freq=12738 size=2980 all=229364 active=14570 piece=▁quant
bpe_model_trainer.cc(268) LOG(INFO) Added: freq=12619 size=3000 all=229922 active=15128 piece=▁judgment
bpe_model_trainer.cc(159) LOG(INFO) Updating active symbols. max_freq=12617 min_freq=1399
bpe_model_trainer.cc(268) LOG(INFO) Added: freq=12491 size=3020 all=231116 active=12689 piece=▁Aust
bpe_model_trainer.cc(268) LOG(INFO) Added: freq=12373 size=3040 all=232042 active=13615 piece=▁Sm
bpe_model_trainer.cc(268) LOG(INFO) Added: freq=12288 size=3060 all=233196 active=14769 piece=▁jo
bpe_model_trainer.cc(268) LOG(INFO) Added: freq=12183 size=3080 all=234399 active=15972 piece=face
bpe_model_trainer.cc(268) LOG(INFO) Added: freq=12089 size=3100 all=235903 active=17476 piece=ulated
bpe_model_trainer.cc(159) LOG(INFO) Updating active symbols. max_freq=12085 min_freq=1333
bpe_model_trainer.cc(268) LOG(INFO) Added: freq=12004 size=3120 all=237091 active=12931 piece=▁ves
bpe_model_trainer.cc(268) LOG(INFO) Added: freq=11891 size=3140 all=237696 active=13536 piece=▁interested
bpe_model_trainer.cc(268) LOG(INFO) Added: freq=11805 size=3160 all=238629 active=14469 piece=▁connection
bpe_model_trainer.cc(268) LOG(INFO) Added: freq=11671 size=3180 all=239957 active=15797 piece=▁France
bpe_model_trainer.cc(268) LOG(INFO) Added: freq=11560 size=3200 all=240744 active=16584 piece=▁Lord
bpe_model_trainer.cc(159) LOG(INFO) Updating active symbols. max_freq=11560 min_freq=1281
bpe_model_trainer.cc(268) LOG(INFO) Added: freq=11461 size=3220 all=241540 active=12817 piece=▁qual
bpe_model_trainer.cc(268) LOG(INFO) Added: freq=11363 size=3240 all=242282 active=13559 piece=▁choice
bpe_model_trainer.cc(268) LOG(INFO) Added: freq=11239 size=3260 all=243262 active=14539 piece=▁glass
bpe_model_trainer.cc(268) LOG(INFO) Added: freq=11158 size=3280 all=243978 active=15255 piece=ountain
bpe_model_trainer.cc(268) LOG(INFO) Added: freq=11082 size=3300 all=244736 active=16013 piece=ground
bpe_model_trainer.cc(159) LOG(INFO) Updating active symbols. max_freq=11072 min_freq=1240
bpe_model_trainer.cc(268) LOG(INFO) Added: freq=10910 size=3320 all=245417 active=12864 piece=▁Aug
bpe_model_trainer.cc(268) LOG(INFO) Added: freq=10859 size=3340 all=246394 active=13841 piece=ette
bpe_model_trainer.cc(268) LOG(INFO) Added: freq=10757 size=3360 all=246980 active=14427 piece=▁mine
bpe_model_trainer.cc(268) LOG(INFO) Added: freq=10688 size=3380 all=247929 active=15376 piece=▁clin
bpe_model_trainer.cc(268) LOG(INFO) Added: freq=10586 size=3400 all=248867 active=16314 piece=▁operations
bpe_model_trainer.cc(159) LOG(INFO) Updating active symbols. max_freq=10561 min_freq=1198
bpe_model_trainer.cc(268) LOG(INFO) Added: freq=10491 size=3420 all=249667 active=13239 piece=ball
bpe_model_trainer.cc(268) LOG(INFO) Added: freq=10444 size=3440 all=250885 active=14457 piece=▁sn
bpe_model_trainer.cc(268) LOG(INFO) Added: freq=10359 size=3460 all=252054 active=15626 piece=▁undertakings
bpe_model_trainer.cc(268) LOG(INFO) Added: freq=10262 size=3480 all=252781 active=16353 piece=▁reached
bpe_model_trainer.cc(268) LOG(INFO) Added: freq=10208 size=3500 all=253458 active=17030 piece=▁viol
bpe_model_trainer.cc(159) LOG(INFO) Updating active symbols. max_freq=10199 min_freq=1151
bpe_model_trainer.cc(268) LOG(INFO) Added: freq=10084 size=3520 all=254031 active=13223 piece=eral
bpe_model_trainer.cc(268) LOG(INFO) Added: freq=10007 size=3540 all=255063 active=14255 piece=▁processing
bpe_model_trainer.cc(268) LOG(INFO) Added: freq=9896 size=3560 all=255795 active=14987 piece=▁govern
bpe_model_trainer.cc(268) LOG(INFO) Added: freq=9831 size=3580 all=257188 active=16380 piece=ensive
bpe_model_trainer.cc(268) LOG(INFO) Added: freq=9777 size=3600 all=258126 active=17318 piece=acher
bpe_model_trainer.cc(159) LOG(INFO) Updating active symbols. max_freq=9775 min_freq=1107
bpe_model_trainer.cc(268) LOG(INFO) Added: freq=9707 size=3620 all=259478 active=14167 piece=idelines
bpe_model_trainer.cc(268) LOG(INFO) Added: freq=9637 size=3640 all=260121 active=14810 piece=▁Would
bpe_model_trainer.cc(268) LOG(INFO) Added: freq=9555 size=3660 all=260781 active=15470 piece=▁center
bpe_model_trainer.cc(268) LOG(INFO) Added: freq=9453 size=3680 all=261465 active=16154 piece=▁ang
bpe_model_trainer.cc(268) LOG(INFO) Added: freq=9398 size=3700 all=262325 active=17014 piece=ager
bpe_model_trainer.cc(159) LOG(INFO) Updating active symbols. max_freq=9397 min_freq=1071
bpe_model_trainer.cc(268) LOG(INFO) Added: freq=9331 size=3720 all=263468 active=14126 piece=▁states
bpe_model_trainer.cc(268) LOG(INFO) Added: freq=9283 size=3740 all=264201 active=14859 piece=▁trouble
bpe_model_trainer.cc(268) LOG(INFO) Added: freq=9225 size=3760 all=264888 active=15546 piece=▁Excuse
bpe_model_trainer.cc(268) LOG(INFO) Added: freq=9148 size=3780 all=265815 active=16473 piece=▁treated
bpe_model_trainer.cc(268) LOG(INFO) Added: freq=9071 size=3800 all=266693 active=17351 piece=▁People
bpe_model_trainer.cc(159) LOG(INFO) Updating active symbols. max_freq=9068 min_freq=1042
bpe_model_trainer.cc(268) LOG(INFO) Added: freq=9001 size=3820 all=267622 active=14257 piece=▁visit
bpe_model_trainer.cc(268) LOG(INFO) Added: freq=8949 size=3840 all=268512 active=15147 piece=▁grand
bpe_model_trainer.cc(268) LOG(INFO) Added: freq=8881 size=3860 all=269670 active=16305 piece=▁pregn
bpe_model_trainer.cc(268) LOG(INFO) Added: freq=8819 size=3880 all=270833 active=17468 piece=.,
bpe_model_trainer.cc(268) LOG(INFO) Added: freq=8731 size=3900 all=271619 active=18254 piece=ologies
bpe_model_trainer.cc(159) LOG(INFO) Updating active symbols. max_freq=8730 min_freq=1005
bpe_model_trainer.cc(268) LOG(INFO) Added: freq=8688 size=3920 all=272011 active=13936 piece=word
bpe_model_trainer.cc(268) LOG(INFO) Added: freq=8635 size=3940 all=272673 active=14598 piece=▁via
bpe_model_trainer.cc(268) LOG(INFO) Added: freq=8570 size=3960 all=274003 active=15928 piece=▁balance
bpe_model_trainer.cc(268) LOG(INFO) Added: freq=8528 size=3980 all=274330 active=16255 piece=sec
bpe_model_trainer.cc(268) LOG(INFO) Added: freq=8481 size=4000 all=275538 active=17463 piece=▁fish
bpe_model_trainer.cc(159) LOG(INFO) Updating active symbols. max_freq=8471 min_freq=973
bpe_model_trainer.cc(268) LOG(INFO) Added: freq=8422 size=4020 all=276237 active=14447 piece=▁accounts
bpe_model_trainer.cc(268) LOG(INFO) Added: freq=8382 size=4040 all=276950 active=15160 piece=▁cry
bpe_model_trainer.cc(268) LOG(INFO) Added: freq=8327 size=4060 all=277711 active=15921 piece=▁sym
bpe_model_trainer.cc(268) LOG(INFO) Added: freq=8256 size=4080 all=279323 active=17533 piece=▁Slovak
bpe_model_trainer.cc(268) LOG(INFO) Added: freq=8194 size=4100 all=279937 active=18147 piece=▁Central
bpe_model_trainer.cc(159) LOG(INFO) Updating active symbols. max_freq=8193 min_freq=944
bpe_model_trainer.cc(268) LOG(INFO) Added: freq=8141 size=4120 all=280320 active=14365 piece=ID
bpe_model_trainer.cc(268) LOG(INFO) Added: freq=8100 size=4140 all=281375 active=15420 piece=▁sectors
bpe_model_trainer.cc(268) LOG(INFO) Added: freq=8053 size=4160 all=282549 active=16594 piece=▁vot
bpe_model_trainer.cc(268) LOG(INFO) Added: freq=7990 size=4180 all=283200 active=17245 piece=▁extent
bpe_model_trainer.cc(268) LOG(INFO) Added: freq=7944 size=4200 all=284027 active=18072 piece=uel
bpe_model_trainer.cc(159) LOG(INFO) Updating active symbols. max_freq=7942 min_freq=916
bpe_model_trainer.cc(268) LOG(INFO) Added: freq=7878 size=4220 all=285346 active=15375 piece=▁quot
bpe_model_trainer.cc(268) LOG(INFO) Added: freq=7837 size=4240 all=285815 active=15844 piece=▁heading
bpe_model_trainer.cc(268) LOG(INFO) Added: freq=7793 size=4260 all=286279 active=16308 piece=▁arrangements
bpe_model_trainer.cc(268) LOG(INFO) Added: freq=7753 size=4280 all=288285 active=18314 piece=craft
bpe_model_trainer.cc(268) LOG(INFO) Added: freq=7695 size=4300 all=289004 active=19033 piece=▁asking
bpe_model_trainer.cc(159) LOG(INFO) Updating active symbols. max_freq=7694 min_freq=885
bpe_model_trainer.cc(268) LOG(INFO) Added: freq=7645 size=4320 all=289774 active=15214 piece=▁achieved
bpe_model_trainer.cc(268) LOG(INFO) Added: freq=7606 size=4340 all=291210 active=16650 piece=▁La
bpe_model_trainer.cc(268) LOG(INFO) Added: freq=7543 size=4360 all=291912 active=17352 piece=▁Sal
bpe_model_trainer.cc(268) LOG(INFO) Added: freq=7492 size=4380 all=292714 active=18154 piece=comp
bpe_model_trainer.cc(268) LOG(INFO) Added: freq=7442 size=4400 all=293542 active=18982 piece=EAN
bpe_model_trainer.cc(159) LOG(INFO) Updating active symbols. max_freq=7440 min_freq=860
bpe_model_trainer.cc(268) LOG(INFO) Added: freq=7392 size=4420 all=294102 active=15188 piece=jud
bpe_model_trainer.cc(268) LOG(INFO) Added: freq=7335 size=4440 all=295636 active=16722 piece=vo
bpe_model_trainer.cc(268) LOG(INFO) Added: freq=7293 size=4460 all=297099 active=18185 piece=▁Market
bpe_model_trainer.cc(268) LOG(INFO) Added: freq=7236 size=4480 all=297825 active=18911 piece=▁jobs
bpe_model_trainer.cc(268) LOG(INFO) Added: freq=7195 size=4500 all=298543 active=19629 piece=▁enterpr
bpe_model_trainer.cc(159) LOG(INFO) Updating active symbols. max_freq=7192 min_freq=833
bpe_model_trainer.cc(268) LOG(INFO) Added: freq=7140 size=4520 all=299349 active=15728 piece=▁Pay
bpe_model_trainer.cc(268) LOG(INFO) Added: freq=7076 size=4540 all=299990 active=16369 piece=▁ut
bpe_model_trainer.cc(268) LOG(INFO) Added: freq=7042 size=4560 all=300800 active=17179 piece=▁Something
bpe_model_trainer.cc(268) LOG(INFO) Added: freq=7007 size=4580 all=301383 active=17762 piece=atell
bpe_model_trainer.cc(268) LOG(INFO) Added: freq=6953 size=4600 all=302093 active=18472 piece=▁played
bpe_model_trainer.cc(159) LOG(INFO) Updating active symbols. max_freq=6951 min_freq=812
bpe_model_trainer.cc(268) LOG(INFO) Added: freq=6894 size=4620 all=302601 active=15606 piece=atabase
bpe_model_trainer.cc(268) LOG(INFO) Added: freq=6851 size=4640 all=303020 active=16025 piece=ris
bpe_model_trainer.cc(268) LOG(INFO) Added: freq=6814 size=4660 all=304078 active=17083 piece=mas
bpe_model_trainer.cc(268) LOG(INFO) Added: freq=6780 size=4680 all=304693 active=17698 piece=▁smell
bpe_model_trainer.cc(268) LOG(INFO) Added: freq=6734 size=4700 all=305350 active=18355 piece=▁damn
bpe_model_trainer.cc(159) LOG(INFO) Updating active symbols. max_freq=6733 min_freq=794
bpe_model_trainer.cc(268) LOG(INFO) Added: freq=6700 size=4720 all=306014 active=15922 piece=0,
bpe_model_trainer.cc(268) LOG(INFO) Added: freq=6658 size=4740 all=307087 active=16995 piece=enge
bpe_model_trainer.cc(268) LOG(INFO) Added: freq=6600 size=4760 all=307713 active=17621 piece=inct
bpe_model_trainer.cc(268) LOG(INFO) Added: freq=6565 size=4780 all=308724 active=18632 piece=▁psych
bpe_model_trainer.cc(268) LOG(INFO) Added: freq=6534 size=4800 all=309698 active=19606 piece=▁cab
bpe_model_trainer.cc(159) LOG(INFO) Updating active symbols. max_freq=6534 min_freq=771
bpe_model_trainer.cc(268) LOG(INFO) Added: freq=6470 size=4820 all=310102 active=15852 piece=▁ability
bpe_model_trainer.cc(268) LOG(INFO) Added: freq=6434 size=4840 all=310871 active=16621 piece=▁involve
bpe_model_trainer.cc(268) LOG(INFO) Added: freq=6408 size=4860 all=311130 active=16880 piece=ym
bpe_model_trainer.cc(268) LOG(INFO) Added: freq=6363 size=4880 all=312255 active=18005 piece=▁depend
bpe_model_trainer.cc(268) LOG(INFO) Added: freq=6338 size=4900 all=313130 active=18880 piece=▁assum
bpe_model_trainer.cc(159) LOG(INFO) Updating active symbols. max_freq=6333 min_freq=753
bpe_model_trainer.cc(268) LOG(INFO) Added: freq=6301 size=4920 all=313642 active=16162 piece=▁vir
bpe_model_trainer.cc(268) LOG(INFO) Added: freq=6260 size=4940 all=314149 active=16669 piece=▁Number
bpe_model_trainer.cc(268) LOG(INFO) Added: freq=6234 size=4960 all=315028 active=17548 piece=):
bpe_model_trainer.cc(268) LOG(INFO) Added: freq=6193 size=4980 all=315792 active=18312 piece=▁tablets
bpe_model_trainer.cc(268) LOG(INFO) Added: freq=6164 size=5000 all=316252 active=18772 piece=▁ml
bpe_model_trainer.cc(159) LOG(INFO) Updating active symbols. max_freq=6161 min_freq=737
bpe_model_trainer.cc(268) LOG(INFO) Added: freq=6132 size=5020 all=316942 active=16483 piece=▁Data
bpe_model_trainer.cc(268) LOG(INFO) Added: freq=6088 size=5040 all=317695 active=17236 piece=▁broken
bpe_model_trainer.cc(268) LOG(INFO) Added: freq=6056 size=5060 all=318621 active=18162 piece=alled
bpe_model_trainer.cc(268) LOG(INFO) Added: freq=6022 size=5080 all=319410 active=18951 piece=olic
bpe_model_trainer.cc(268) LOG(INFO) Added: freq=6000 size=5100 all=320483 active=20024 piece=▁stru
bpe_model_trainer.cc(159) LOG(INFO) Updating active symbols. max_freq=6000 min_freq=719
bpe_model_trainer.cc(268) LOG(INFO) Added: freq=5965 size=5120 all=320797 active=16329 piece=▁prove
bpe_model_trainer.cc(268) LOG(INFO) Added: freq=5932 size=5140 all=321420 active=16952 piece=▁challenges
bpe_model_trainer.cc(268) LOG(INFO) Added: freq=5902 size=5160 all=321820 active=17352 piece=amic
bpe_model_trainer.cc(268) LOG(INFO) Added: freq=5864 size=5180 all=322280 active=17812 piece=▁TF
bpe_model_trainer.cc(268) LOG(INFO) Added: freq=5822 size=5200 all=322716 active=18248 piece=Euro
bpe_model_trainer.cc(159) LOG(INFO) Updating active symbols. max_freq=5821 min_freq=708
bpe_model_trainer.cc(268) LOG(INFO) Added: freq=5801 size=5220 all=323558 active=16828 piece=▁plants
bpe_model_trainer.cc(268) LOG(INFO) Added: freq=5766 size=5240 all=324432 active=17702 piece=▁Hen
bpe_model_trainer.cc(268) LOG(INFO) Added: freq=5730 size=5260 all=325447 active=18717 piece=▁nuclear
bpe_model_trainer.cc(268) LOG(INFO) Added: freq=5702 size=5280 all=326825 active=20095 piece=▁laying
bpe_model_trainer.cc(268) LOG(INFO) Added: freq=5669 size=5300 all=327755 active=21025 piece=▁nobody
bpe_model_trainer.cc(159) LOG(INFO) Updating active symbols. max_freq=5669 min_freq=687
bpe_model_trainer.cc(268) LOG(INFO) Added: freq=5636 size=5320 all=328860 active=17485 piece=▁fool
bpe_model_trainer.cc(268) LOG(INFO) Added: freq=5603 size=5340 all=329408 active=18033 piece=▁influence
bpe_model_trainer.cc(268) LOG(INFO) Added: freq=5582 size=5360 all=329820 active=18445 piece=▁recently
bpe_model_trainer.cc(268) LOG(INFO) Added: freq=5554 size=5380 all=330480 active=19105 piece=▁supplement
bpe_model_trainer.cc(268) LOG(INFO) Added: freq=5522 size=5400 all=331240 active=19865 piece=▁drug
bpe_model_trainer.cc(159) LOG(INFO) Updating active symbols. max_freq=5519 min_freq=672
bpe_model_trainer.cc(268) LOG(INFO) Added: freq=5494 size=5420 all=332336 active=17651 piece=▁van
bpe_model_trainer.cc(268) LOG(INFO) Added: freq=5468 size=5440 all=333336 active=18651 piece=▁cancer
bpe_model_trainer.cc(268) LOG(INFO) Added: freq=5434 size=5460 all=333782 active=19097 piece=36
bpe_model_trainer.cc(268) LOG(INFO) Added: freq=5404 size=5480 all=334470 active=19785 piece=▁Move
bpe_model_trainer.cc(268) LOG(INFO) Added: freq=5385 size=5500 all=335332 active=20647 piece=55
bpe_model_trainer.cc(159) LOG(INFO) Updating active symbols. max_freq=5385 min_freq=655
bpe_model_trainer.cc(268) LOG(INFO) Added: freq=5365 size=5520 all=336348 active=17526 piece=▁solo
bpe_model_trainer.cc(268) LOG(INFO) Added: freq=5334 size=5540 all=337048 active=18226 piece=▁reli
bpe_model_trainer.cc(268) LOG(INFO) Added: freq=5307 size=5560 all=337344 active=18522 piece=▁suppose
bpe_model_trainer.cc(268) LOG(INFO) Added: freq=5281 size=5580 all=337950 active=19128 piece=▁honest
bpe_model_trainer.cc(268) LOG(INFO) Added: freq=5249 size=5600 all=338556 active=19734 piece=▁furn
bpe_model_trainer.cc(159) LOG(INFO) Updating active symbols. max_freq=5249 min_freq=642
bpe_model_trainer.cc(268) LOG(INFO) Added: freq=5223 size=5620 all=339016 active=17379 piece=▁Recomm
bpe_model_trainer.cc(268) LOG(INFO) Added: freq=5195 size=5640 all=339494 active=17857 piece=▁stakeholders
bpe_model_trainer.cc(268) LOG(INFO) Added: freq=5171 size=5660 all=339873 active=18236 piece=▁Ext
bpe_model_trainer.cc(268) LOG(INFO) Added: freq=5154 size=5680 all=340520 active=18883 piece=▁preparation
bpe_model_trainer.cc(268) LOG(INFO) Added: freq=5123 size=5700 all=341663 active=20026 piece=▁generation
bpe_model_trainer.cc(159) LOG(INFO) Updating active symbols. max_freq=5120 min_freq=630
bpe_model_trainer.cc(268) LOG(INFO) Added: freq=5102 size=5720 all=342440 active=17858 piece=ini
bpe_model_trainer.cc(268) LOG(INFO) Added: freq=5070 size=5740 all=343926 active=19344 piece=izon
bpe_model_trainer.cc(268) LOG(INFO) Added: freq=5048 size=5760 all=344223 active=19641 piece=osh
bpe_model_trainer.cc(268) LOG(INFO) Added: freq=5015 size=5780 all=345126 active=20544 piece=▁situations
bpe_model_trainer.cc(268) LOG(INFO) Added: freq=4982 size=5800 all=345500 active=20918 piece=▁breakfast
bpe_model_trainer.cc(159) LOG(INFO) Updating active symbols. max_freq=4980 min_freq=615
bpe_model_trainer.cc(268) LOG(INFO) Added: freq=4957 size=5820 all=345753 active=17518 piece=▁missed
bpe_model_trainer.cc(268) LOG(INFO) Added: freq=4938 size=5840 all=346361 active=18126 piece=▁committee
bpe_model_trainer.cc(268) LOG(INFO) Added: freq=4906 size=5860 all=347151 active=18916 piece=▁carefully
bpe_model_trainer.cc(268) LOG(INFO) Added: freq=4873 size=5880 all=347702 active=19467 piece=▁variety
bpe_model_trainer.cc(268) LOG(INFO) Added: freq=4845 size=5900 all=348398 active=20163 piece=lan
bpe_model_trainer.cc(159) LOG(INFO) Updating active symbols. max_freq=4845 min_freq=604
bpe_model_trainer.cc(268) LOG(INFO) Added: freq=4817 size=5920 all=349266 active=18071 piece=▁cere
bpe_model_trainer.cc(268) LOG(INFO) Added: freq=4797 size=5940 all=349755 active=18560 piece=▁Vol
bpe_model_trainer.cc(268) LOG(INFO) Added: freq=4773 size=5960 all=350646 active=19451 piece=ulin
bpe_model_trainer.cc(268) LOG(INFO) Added: freq=4748 size=5980 all=351486 active=20291 piece=▁clar
bpe_model_trainer.cc(268) LOG(INFO) Added: freq=4725 size=6000 all=352183 active=20988 piece=75
bpe_model_trainer.cc(159) LOG(INFO) Updating active symbols. max_freq=4725 min_freq=591
bpe_model_trainer.cc(268) LOG(INFO) Added: freq=4701 size=6020 all=353006 active=18149 piece=▁declared
bpe_model_trainer.cc(268) LOG(INFO) Added: freq=4683 size=6040 all=353314 active=18457 piece=▁properties
bpe_model_trainer.cc(268) LOG(INFO) Added: freq=4658 size=6060 all=354036 active=19179 piece=▁Love
bpe_model_trainer.cc(268) LOG(INFO) Added: freq=4635 size=6080 all=354702 active=19845 piece=ught
bpe_model_trainer.cc(268) LOG(INFO) Added: freq=4608 size=6100 all=355595 active=20738 piece=▁http
bpe_model_trainer.cc(159) LOG(INFO) Updating active symbols. max_freq=4607 min_freq=579
bpe_model_trainer.cc(268) LOG(INFO) Added: freq=4579 size=6120 all=356212 active=18395 piece=▁targets
bpe_model_trainer.cc(268) LOG(INFO) Added: freq=4559 size=6140 all=356584 active=18767 piece=▁promoting
bpe_model_trainer.cc(268) LOG(INFO) Added: freq=4546 size=6160 all=357123 active=19306 piece=▁veter
bpe_model_trainer.cc(268) LOG(INFO) Added: freq=4529 size=6180 all=357737 active=19920 piece=▁facial
bpe_model_trainer.cc(268) LOG(INFO) Added: freq=4509 size=6200 all=358744 active=20927 piece=erman
bpe_model_trainer.cc(159) LOG(INFO) Updating active symbols. max_freq=4507 min_freq=567
bpe_model_trainer.cc(268) LOG(INFO) Added: freq=4491 size=6220 all=359755 active=18826 piece=theless
bpe_model_trainer.cc(268) LOG(INFO) Added: freq=4467 size=6240 all=360337 active=19408 piece=▁architect
bpe_model_trainer.cc(268) LOG(INFO) Added: freq=4446 size=6260 all=360978 active=20049 piece=hab
bpe_model_trainer.cc(268) LOG(INFO) Added: freq=4430 size=6280 all=361344 active=20415 piece=ls
bpe_model_trainer.cc(268) LOG(INFO) Added: freq=4405 size=6300 all=362328 active=21399 piece=▁Heating
bpe_model_trainer.cc(159) LOG(INFO) Updating active symbols. max_freq=4404 min_freq=557
bpe_model_trainer.cc(268) LOG(INFO) Added: freq=4380 size=6320 all=363062 active=18851 piece=orters
bpe_model_trainer.cc(268) LOG(INFO) Added: freq=4361 size=6340 all=363586 active=19375 piece=▁univers
bpe_model_trainer.cc(268) LOG(INFO) Added: freq=4340 size=6360 all=364172 active=19961 piece=▁promotion
bpe_model_trainer.cc(268) LOG(INFO) Added: freq=4304 size=6380 all=364822 active=20611 piece=▁4,
bpe_model_trainer.cc(268) LOG(INFO) Added: freq=4287 size=6400 all=365342 active=21131 piece=▁seriously
bpe_model_trainer.cc(159) LOG(INFO) Updating active symbols. max_freq=4286 min_freq=547
bpe_model_trainer.cc(268) LOG(INFO) Added: freq=4272 size=6420 all=366276 active=19201 piece=▁cities
bpe_model_trainer.cc(268) LOG(INFO) Added: freq=4255 size=6440 all=366906 active=19831 piece=▁pa
bpe_model_trainer.cc(268) LOG(INFO) Added: freq=4242 size=6460 all=367540 active=20465 piece=▁flying
bpe_model_trainer.cc(268) LOG(INFO) Added: freq=4225 size=6480 all=368579 active=21504 piece=▁fisheries
bpe_model_trainer.cc(268) LOG(INFO) Added: freq=4203 size=6500 all=369249 active=22174 piece=▁rain
bpe_model_trainer.cc(159) LOG(INFO) Updating active symbols. max_freq=4201 min_freq=537
bpe_model_trainer.cc(268) LOG(INFO) Added: freq=4179 size=6520 all=370049 active=19247 piece=▁images
bpe_model_trainer.cc(268) LOG(INFO) Added: freq=4148 size=6540 all=370532 active=19730 piece=hent
bpe_model_trainer.cc(268) LOG(INFO) Added: freq=4124 size=6560 all=371283 active=20481 piece=▁television
bpe_model_trainer.cc(268) LOG(INFO) Added: freq=4110 size=6580 all=371987 active=21185 piece=▁answered
bpe_model_trainer.cc(268) LOG(INFO) Added: freq=4080 size=6600 all=372696 active=21894 piece=▁placebo
bpe_model_trainer.cc(159) LOG(INFO) Updating active symbols. max_freq=4077 min_freq=527
bpe_model_trainer.cc(268) LOG(INFO) Added: freq=4057 size=6620 all=373243 active=19181 piece=▁transferred
bpe_model_trainer.cc(268) LOG(INFO) Added: freq=4041 size=6640 all=373797 active=19735 piece=▁improvement
bpe_model_trainer.cc(268) LOG(INFO) Added: freq=4028 size=6660 all=374759 active=20697 piece=▁showing
bpe_model_trainer.cc(268) LOG(INFO) Added: freq=4011 size=6680 all=375744 active=21682 piece=▁paint
bpe_model_trainer.cc(268) LOG(INFO) Added: freq=3992 size=6700 all=376438 active=22376 piece=▁rural
bpe_model_trainer.cc(159) LOG(INFO) Updating active symbols. max_freq=3991 min_freq=515
bpe_model_trainer.cc(268) LOG(INFO) Added: freq=3970 size=6720 all=376936 active=19317 piece=▁unem
bpe_model_trainer.cc(268) LOG(INFO) Added: freq=3955 size=6740 all=377817 active=20198 piece=▁liver
bpe_model_trainer.cc(268) LOG(INFO) Added: freq=3932 size=6760 all=378547 active=20928 piece=▁FOR
bpe_model_trainer.cc(268) LOG(INFO) Added: freq=3914 size=6780 all=379168 active=21549 piece=▁neut
bpe_model_trainer.cc(268) LOG(INFO) Added: freq=3889 size=6800 all=379972 active=22353 piece=rable
bpe_model_trainer.cc(159) LOG(INFO) Updating active symbols. max_freq=3889 min_freq=504
bpe_model_trainer.cc(268) LOG(INFO) Added: freq=3873 size=6820 all=380563 active=19571 piece=▁bomb
bpe_model_trainer.cc(268) LOG(INFO) Added: freq=3853 size=6840 all=381364 active=20372 piece=▁ju
bpe_model_trainer.cc(268) LOG(INFO) Added: freq=3833 size=6860 all=381671 active=20679 piece=▁doses
bpe_model_trainer.cc(268) LOG(INFO) Added: freq=3817 size=6880 all=382461 active=21469 piece=gypt
bpe_model_trainer.cc(268) LOG(INFO) Added: freq=3801 size=6900 all=383118 active=22126 piece=▁Church
bpe_model_trainer.cc(159) LOG(INFO) Updating active symbols. max_freq=3801 min_freq=496
bpe_model_trainer.cc(268) LOG(INFO) Added: freq=3788 size=6920 all=383528 active=19550 piece=▁Anything
bpe_model_trainer.cc(268) LOG(INFO) Added: freq=3776 size=6940 all=384403 active=20425 piece=▁Portugal
bpe_model_trainer.cc(268) LOG(INFO) Added: freq=3754 size=6960 all=385447 active=21469 piece=▁Turkey
bpe_model_trainer.cc(268) LOG(INFO) Added: freq=3740 size=6980 all=386077 active=22099 piece=▁Mel
bpe_model_trainer.cc(268) LOG(INFO) Added: freq=3727 size=7000 all=387199 active=23221 piece=▁faster
bpe_model_trainer.cc(159) LOG(INFO) Updating active symbols. max_freq=3727 min_freq=486
bpe_model_trainer.cc(268) LOG(INFO) Added: freq=3712 size=7020 all=387746 active=19904 piece=iance
bpe_model_trainer.cc(268) LOG(INFO) Added: freq=3701 size=7040 all=388581 active=20739 piece=▁biggest
bpe_model_trainer.cc(268) LOG(INFO) Added: freq=3689 size=7060 all=389146 active=21304 piece=iliar
bpe_model_trainer.cc(268) LOG(INFO) Added: freq=3666 size=7080 all=389803 active=21961 piece=▁faces
bpe_model_trainer.cc(268) LOG(INFO) Added: freq=3653 size=7100 all=390937 active=23095 piece=▁fib
bpe_model_trainer.cc(159) LOG(INFO) Updating active symbols. max_freq=3653 min_freq=476
bpe_model_trainer.cc(268) LOG(INFO) Added: freq=3634 size=7120 all=391213 active=19794 piece=▁plasma
bpe_model_trainer.cc(268) LOG(INFO) Added: freq=3623 size=7140 all=391993 active=20574 piece=▁tele
bpe_model_trainer.cc(268) LOG(INFO) Added: freq=3603 size=7160 all=392503 active=21084 piece=SE
bpe_model_trainer.cc(268) LOG(INFO) Added: freq=3589 size=7180 all=393531 active=22112 piece=una
bpe_model_trainer.cc(268) LOG(INFO) Added: freq=3576 size=7200 all=393971 active=22552 piece=▁numer
bpe_model_trainer.cc(159) LOG(INFO) Updating active symbols. max_freq=3575 min_freq=468
bpe_model_trainer.cc(268) LOG(INFO) Added: freq=3564 size=7220 all=394243 active=19957 piece=/2001
bpe_model_trainer.cc(268) LOG(INFO) Added: freq=3548 size=7240 all=395087 active=20801 piece=▁keys
bpe_model_trainer.cc(268) LOG(INFO) Added: freq=3533 size=7260 all=395992 active=21706 piece=▁Proposal
bpe_model_trainer.cc(268) LOG(INFO) Added: freq=3520 size=7280 all=396371 active=22085 piece=▁tattoo
bpe_model_trainer.cc(268) LOG(INFO) Added: freq=3503 size=7300 all=397862 active=23576 piece=▁lit
bpe_model_trainer.cc(159) LOG(INFO) Updating active symbols. max_freq=3503 min_freq=458
bpe_model_trainer.cc(268) LOG(INFO) Added: freq=3491 size=7320 all=398140 active=20145 piece=▁Channels
bpe_model_trainer.cc(268) LOG(INFO) Added: freq=3472 size=7340 all=398895 active=20900 piece=geant
bpe_model_trainer.cc(268) LOG(INFO) Added: freq=3459 size=7360 all=399729 active=21734 piece=▁Face
bpe_model_trainer.cc(268) LOG(INFO) Added: freq=3447 size=7380 all=400082 active=22087 piece=▁Kitchen
bpe_model_trainer.cc(268) LOG(INFO) Added: freq=3433 size=7400 all=400712 active=22717 piece=▁arg
bpe_model_trainer.cc(159) LOG(INFO) Updating active symbols. max_freq=3432 min_freq=452
bpe_model_trainer.cc(268) LOG(INFO) Added: freq=3423 size=7420 all=401392 active=20699 piece=liers
bpe_model_trainer.cc(268) LOG(INFO) Added: freq=3406 size=7440 all=401742 active=21049 piece=▁Louis
bpe_model_trainer.cc(268) LOG(INFO) Added: freq=3394 size=7460 all=402168 active=21475 piece=/2
bpe_model_trainer.cc(268) LOG(INFO) Added: freq=3377 size=7480 all=403159 active=22466 piece=▁dust
bpe_model_trainer.cc(268) LOG(INFO) Added: freq=3364 size=7500 all=404081 active=23388 piece=▁2013.
bpe_model_trainer.cc(159) LOG(INFO) Updating active symbols. max_freq=3364 min_freq=444
bpe_model_trainer.cc(268) LOG(INFO) Added: freq=3354 size=7520 all=405200 active=21309 piece=▁grown
bpe_model_trainer.cc(268) LOG(INFO) Added: freq=3340 size=7540 all=405791 active=21900 piece=▁Ted
bpe_model_trainer.cc(268) LOG(INFO) Added: freq=3326 size=7560 all=406335 active=22444 piece=▁helps
bpe_model_trainer.cc(268) LOG(INFO) Added: freq=3314 size=7580 all=406620 active=22729 piece=heart
bpe_model_trainer.cc(268) LOG(INFO) Added: freq=3303 size=7600 all=407556 active=23665 piece=▁annulment
bpe_model_trainer.cc(159) LOG(INFO) Updating active symbols. max_freq=3302 min_freq=436
bpe_model_trainer.cc(268) LOG(INFO) Added: freq=3294 size=7620 all=407991 active=20812 piece=▁rom
bpe_model_trainer.cc(268) LOG(INFO) Added: freq=3283 size=7640 all=408800 active=21621 piece=▁advis
bpe_model_trainer.cc(268) LOG(INFO) Added: freq=3274 size=7660 all=409331 active=22152 piece=▁tape
bpe_model_trainer.cc(268) LOG(INFO) Added: freq=3265 size=7680 all=409764 active=22585 piece=▁displayed
bpe_model_trainer.cc(268) LOG(INFO) Added: freq=3253 size=7700 all=410064 active=22885 piece=▁prospect
bpe_model_trainer.cc(159) LOG(INFO) Updating active symbols. max_freq=3252 min_freq=430
bpe_model_trainer.cc(268) LOG(INFO) Added: freq=3236 size=7720 all=410929 active=21357 piece=▁incred
bpe_model_trainer.cc(268) LOG(INFO) Added: freq=3225 size=7740 all=411617 active=22045 piece=▁sched
bpe_model_trainer.cc(268) LOG(INFO) Added: freq=3209 size=7760 all=412192 active=22620 piece=▁houses
bpe_model_trainer.cc(268) LOG(INFO) Added: freq=3196 size=7780 all=412588 active=23016 piece=▁propose
bpe_model_trainer.cc(268) LOG(INFO) Added: freq=3182 size=7800 all=413055 active=23483 piece=▁bleeding
bpe_model_trainer.cc(159) LOG(INFO) Updating active symbols. max_freq=3182 min_freq=423
bpe_model_trainer.cc(268) LOG(INFO) Added: freq=3172 size=7820 all=413844 active=21437 piece=▁habit
bpe_model_trainer.cc(268) LOG(INFO) Added: freq=3161 size=7840 all=414550 active=22143 piece=▁William
bpe_model_trainer.cc(268) LOG(INFO) Added: freq=3148 size=7860 all=415066 active=22659 piece=ployed
bpe_model_trainer.cc(268) LOG(INFO) Added: freq=3130 size=7880 all=415420 active=23013 piece=▁Ten
bpe_model_trainer.cc(268) LOG(INFO) Added: freq=3120 size=7900 all=416131 active=23724 piece=As
bpe_model_trainer.cc(159) LOG(INFO) Updating active symbols. max_freq=3120 min_freq=415
trainer_interface.cc(689) LOG(INFO) Saving model: en-bpe-8000.model
trainer_interface.cc(701) LOG(INFO) Saving vocabs: en-bpe-8000.vocab
INFO:root:Trained SentencePiece model for en with 8000 words
INFO:root:Built a binary dataset for /home/zhidhu/shares/cz-en/data/raw/train.cz: 10000000 sentences, 198056851 tokens, 0.140% replaced by unknown token
INFO:root:Built a binary dataset for /home/zhidhu/shares/cz-en/data/raw/valid.cz: 5000 sentences, 96723 tokens, 0.170% replaced by unknown token
INFO:root:Built a binary dataset for /home/zhidhu/shares/cz-en/data/raw/test.cz: 5000 sentences, 78588 tokens, 0.103% replaced by unknown token
INFO:root:Built a binary dataset for /home/zhidhu/shares/cz-en/data/raw/train.en: 10000000 sentences, 184845428 tokens, 0.158% replaced by unknown token
INFO:root:Built a binary dataset for /home/zhidhu/shares/cz-en/data/raw/valid.en: 5000 sentences, 89758 tokens, 0.185% replaced by unknown token
INFO:root:Built a binary dataset for /home/zhidhu/shares/cz-en/data/raw/test.en: 5000 sentences, 75212 tokens, 0.073% replaced by unknown token
INFO:root:Data processing complete!
Vocabulary saved to cz-en/tokenizers/cz-bpe-8000.vocab
Vocabulary saved to cz-en/tokenizers/en-bpe-8000.vocab
Traceback (most recent call last):
  File "/data/zhidhu/atmt_2025_assignment3/translate.py", line 205, in <module>
    main(args)
  File "/data/zhidhu/atmt_2025_assignment3/translate.py", line 55, in main
    state_dict = torch.load(args.checkpoint_path, map_location=lambda s, l: default_restore_location(s, 'cpu'), weights_only=False)
                 ^^^^^^^^^^^^^^^^^^^^^^^^^^^^^^^^^^^^^^^^^^^^^^^^^^^^^^^^^^^^^^^^^^^^^^^^^^^^^^^^^^^^^^^^^^^^^^^^^^^^^^^^^^^^^^^^^^
  File "/home/zhidhu/.local/lib/python3.12/site-packages/torch/serialization.py", line 1484, in load
    with _open_file_like(f, "rb") as opened_file:
         ^^^^^^^^^^^^^^^^^^^^^^^^
  File "/home/zhidhu/.local/lib/python3.12/site-packages/torch/serialization.py", line 759, in _open_file_like
    return _open_file(name_or_buffer, mode)
           ^^^^^^^^^^^^^^^^^^^^^^^^^^^^^^^^
  File "/home/zhidhu/.local/lib/python3.12/site-packages/torch/serialization.py", line 740, in __init__
    super().__init__(open(name, mode))
                     ^^^^^^^^^^^^^^^^
FileNotFoundError: [Errno 2] No such file or directory: 'cz-en/checkpoints/checkpoint_best.pt'
